work_id,Hon'ble Members of Parliament,State,action_type,assigned_to,priority_score,data_confidence,fraud_reason,queue_type
WS/MP18019/2026-2027/139500,AMARSING TISSO,Assam,Investigate,Auditor,100.0,67,"100% of funds spent but work not completed (same pattern as a confirmed CAG-audited case); Cost is unusually higher than comparable works (state+category baseline, z=7.0)",reactive
WS/MP18188/2025-2026/155209,KONDA VISHWESHWAR REDDY,Telangana,Inspect,District Authority,100.0,67,Marked completed but no photo evidence uploaded; No payment record yet — vendor pattern unverified,reactive
WS/MP18006/2024-2025/139521,DAGGUMALLA PRASADA RAO,Andhra Pradesh,Verify Payment,State Nodal Authority,100.0,67,Marked completed but only 48% of recommended funds were disbursed — check for incomplete work or fund diversion; No payment record yet — vendor pattern unverified,reactive
WS/MP391/2025-2026/146422,Thiru Dayanidhi Maran,Tamil Nadu,Investigate,Auditor,100.0,67,"Cost is unusually higher than comparable works (global-fallback baseline, z=9.9); 97% of funds spent but work not completed (same pattern as a confirmed CAG-audited case)",reactive
WS/MP600/2024-2025/148238,Jitendra Singh,Jammu And Kashmir,Inspect,District Authority,100.0,67,Marked completed but no photo evidence uploaded; No payment record yet — vendor pattern unverified,reactive
WS/MP761/2024-2025/149002,Arvind Dharmapuri,Telangana,Inspect,District Authority,100.0,67,Marked completed but only 31% of recommended funds were disbursed — check for incomplete work or fund diversion; Marked completed but no photo evidence uploaded; No payment record yet — vendor pattern unverified,reactive
WS/MP761/2024-2025/149003,Arvind Dharmapuri,Telangana,Inspect,District Authority,100.0,67,Marked completed but only 18% of recommended funds were disbursed — check for incomplete work or fund diversion; Marked completed but no photo evidence uploaded; No payment record yet — vendor pattern unverified,reactive
WS/MP761/2024-2025/149004,Arvind Dharmapuri,Telangana,Inspect,District Authority,100.0,67,Marked completed but only 20% of recommended funds were disbursed — check for incomplete work or fund diversion; Marked completed but no photo evidence uploaded; No payment record yet — vendor pattern unverified,reactive
WS/MP18172/2024-2025/149101,MANNA LAL RAWAT,Rajasthan,Inspect,District Authority,100.0,67,Marked completed but only 50% of recommended funds were disbursed — check for incomplete work or fund diversion; Marked completed but no photo evidence uploaded; No payment record yet — vendor pattern unverified,reactive
WS/MP719/2024-2025/149562,Bhagirath Chaudhary,Rajasthan,Inspect,District Authority,100.0,67,Marked completed but no photo evidence uploaded; No payment record yet — vendor pattern unverified,reactive
WS/MP18074/2024-2025/138472,KALI CHARAN MUNDA,Jharkhand,Inspect,District Authority,100.0,67,Marked completed but no photo evidence uploaded; No payment record yet — vendor pattern unverified,reactive
WS/MP243/2025-2026/147542,Kakoli Ghosh Dastidar,West Bengal,Investigate,Auditor,100.0,67,"96% of funds spent but work not completed (same pattern as a confirmed CAG-audited case); Cost is unusually higher than comparable works (state+category baseline, z=5.6)",reactive
WS/MP18048/2024-2025/148031,MAHESH KASHYAP,Chhattisgarh,Investigate,Auditor,100.0,67,"100% of funds spent but work not completed (same pattern as a confirmed CAG-audited case); Cost is unusually higher than comparable works (category-only baseline, z=6.3)",reactive
WS/MP600/2024-2025/148052,Jitendra Singh,Jammu And Kashmir,Inspect,District Authority,100.0,67,Marked completed but no photo evidence uploaded; No payment record yet — vendor pattern unverified,reactive
WS/MP641/2024-2025/147445,Gajendra Singh Patel,Madhya Pradesh,Inspect,District Authority,100.0,67,Marked completed but only 50% of recommended funds were disbursed — check for incomplete work or fund diversion; Marked completed but no photo evidence uploaded; No payment record yet — vendor pattern unverified,reactive
WS/MP18338/2024-2025/152470,CHAMALA KIRAN KUMAR REDDY,Telangana,Inspect,District Authority,100.0,67,Marked completed but no photo evidence uploaded; No payment record yet — vendor pattern unverified,reactive
WS/MP18356/2025-2026/149682,PRIYANKA SATISH JARKIHOLI,Karnataka,Investigate,Auditor,100.0,67,"95% of funds spent but work not completed (same pattern as a confirmed CAG-audited case); Cost is unusually higher than comparable works (state+category baseline, z=5.7)",reactive
WS/MP18219/2025-2026/137939,AJENDRA SINGH LODHI,Uttar Pradesh,Inspect,District Authority,100.0,67,Marked completed but no photo evidence uploaded; No payment record yet — vendor pattern unverified,reactive
WS/MP18248/2024-2025/150128,DR. SHARMILA SARKAR,West Bengal,Review,District Authority,100.0,100,No strong fraud signal,reactive
WS/MP18138/2024-2025/148124,RICHARD VANLALHMANGAIHA,Mizoram,Inspect,District Authority,100.0,67,Marked completed but only 60% of recommended funds were disbursed — check for incomplete work or fund diversion; Marked completed but no photo evidence uploaded; No payment record yet — vendor pattern unverified,reactive
WS/MP761/2024-2025/146655,Arvind Dharmapuri,Telangana,Inspect,District Authority,100.0,67,Marked completed but no photo evidence uploaded; No payment record yet — vendor pattern unverified,reactive
WS/MP761/2024-2025/146639,Arvind Dharmapuri,Telangana,Inspect,District Authority,100.0,67,Marked completed but no photo evidence uploaded; No payment record yet — vendor pattern unverified,reactive
WS/MP761/2024-2025/146603,Arvind Dharmapuri,Telangana,Inspect,District Authority,100.0,67,Marked completed but no photo evidence uploaded; No payment record yet — vendor pattern unverified,reactive
WS/MP18019/2024-2025/137592,AMARSING TISSO,Assam,Inspect,District Authority,100.0,100,"Cost is unusually higher than comparable works (state+category baseline, z=3.7); Marked completed but no photo evidence uploaded",reactive
WS/MP761/2024-2025/151487,Arvind Dharmapuri,Telangana,Inspect,District Authority,100.0,67,Marked completed but only 20% of recommended funds were disbursed — check for incomplete work or fund diversion; Marked completed but no photo evidence uploaded; No payment record yet — vendor pattern unverified,reactive
WS/MP761/2024-2025/149006,Arvind Dharmapuri,Telangana,Inspect,District Authority,99.9,67,Marked completed but no photo evidence uploaded; No payment record yet — vendor pattern unverified,reactive
WS/MP18253/2025-2026/150568,BAPI HALDAR,West Bengal,Verify Payment,State Nodal Authority,98.7,67,Marked completed but only 47% of recommended funds were disbursed — check for incomplete work or fund diversion; No payment record yet — vendor pattern unverified,reactive
WS/MP761/2024-2025/146651,Arvind Dharmapuri,Telangana,Inspect,District Authority,98.6,67,Marked completed but no photo evidence uploaded; No payment record yet — vendor pattern unverified,reactive
WS/MP18248/2024-2025/153846,DR. SHARMILA SARKAR,West Bengal,Review,District Authority,98.3,100,No strong fraud signal,reactive
WS/MP18219/2025-2026/153025,AJENDRA SINGH LODHI,Uttar Pradesh,Verify Payment,State Nodal Authority,98.3,67,Marked completed but only 66% of recommended funds were disbursed — check for incomplete work or fund diversion; No payment record yet — vendor pattern unverified,reactive
WS/MP18338/2024-2025/152549,CHAMALA KIRAN KUMAR REDDY,Telangana,Inspect,District Authority,98.0,67,Marked completed but no photo evidence uploaded; No payment record yet — vendor pattern unverified,reactive
WS/MP761/2024-2025/155282,Arvind Dharmapuri,Telangana,Inspect,District Authority,97.5,67,Marked completed but no photo evidence uploaded; No payment record yet — vendor pattern unverified,reactive
WS/MP18225/2025-2026/150444,PUSHPENDRA SAROJ,Uttar Pradesh,Investigate,Auditor,97.4,67,100% of funds spent but work not completed (same pattern as a confirmed CAG-audited case); Vendor unusually concentrated — 153 works nationwide (needs manual favoritism/collusion review),reactive
WS/MP18225/2025-2026/150447,PUSHPENDRA SAROJ,Uttar Pradesh,Investigate,Auditor,97.4,67,100% of funds spent but work not completed (same pattern as a confirmed CAG-audited case); Vendor unusually concentrated — 153 works nationwide (needs manual favoritism/collusion review),reactive
WS/MP18225/2025-2026/150445,PUSHPENDRA SAROJ,Uttar Pradesh,Investigate,Auditor,97.4,67,100% of funds spent but work not completed (same pattern as a confirmed CAG-audited case); Vendor unusually concentrated — 153 works nationwide (needs manual favoritism/collusion review),reactive
WS/MP18225/2025-2026/151098,PUSHPENDRA SAROJ,Uttar Pradesh,Investigate,Auditor,97.4,67,100% of funds spent but work not completed (same pattern as a confirmed CAG-audited case); Vendor unusually concentrated — 153 works nationwide (needs manual favoritism/collusion review),reactive
WS/MP18225/2025-2026/150464,PUSHPENDRA SAROJ,Uttar Pradesh,Investigate,Auditor,97.4,67,100% of funds spent but work not completed (same pattern as a confirmed CAG-audited case); Vendor unusually concentrated — 153 works nationwide (needs manual favoritism/collusion review),reactive
WS/MP18225/2025-2026/150834,PUSHPENDRA SAROJ,Uttar Pradesh,Investigate,Auditor,97.4,67,100% of funds spent but work not completed (same pattern as a confirmed CAG-audited case); Vendor unusually concentrated — 153 works nationwide (needs manual favoritism/collusion review),reactive
WS/MP18225/2025-2026/150828,PUSHPENDRA SAROJ,Uttar Pradesh,Investigate,Auditor,97.4,67,100% of funds spent but work not completed (same pattern as a confirmed CAG-audited case); Vendor unusually concentrated — 153 works nationwide (needs manual favoritism/collusion review),reactive
WS/MP18225/2025-2026/150475,PUSHPENDRA SAROJ,Uttar Pradesh,Investigate,Auditor,97.4,67,100% of funds spent but work not completed (same pattern as a confirmed CAG-audited case); Vendor unusually concentrated — 153 works nationwide (needs manual favoritism/collusion review),reactive
WS/MP18225/2025-2026/150836,PUSHPENDRA SAROJ,Uttar Pradesh,Investigate,Auditor,97.4,67,100% of funds spent but work not completed (same pattern as a confirmed CAG-audited case); Vendor unusually concentrated — 153 works nationwide (needs manual favoritism/collusion review),reactive
WS/MP18225/2025-2026/150482,PUSHPENDRA SAROJ,Uttar Pradesh,Investigate,Auditor,97.4,67,100% of funds spent but work not completed (same pattern as a confirmed CAG-audited case); Vendor unusually concentrated — 153 works nationwide (needs manual favoritism/collusion review),reactive
WS/MP18225/2025-2026/150513,PUSHPENDRA SAROJ,Uttar Pradesh,Investigate,Auditor,97.4,67,100% of funds spent but work not completed (same pattern as a confirmed CAG-audited case); Vendor unusually concentrated — 153 works nationwide (needs manual favoritism/collusion review),reactive
WS/MP18225/2025-2026/150536,PUSHPENDRA SAROJ,Uttar Pradesh,Investigate,Auditor,97.4,67,100% of funds spent but work not completed (same pattern as a confirmed CAG-audited case); Vendor unusually concentrated — 153 works nationwide (needs manual favoritism/collusion review),reactive
WS/MP18225/2025-2026/150540,PUSHPENDRA SAROJ,Uttar Pradesh,Investigate,Auditor,97.4,67,100% of funds spent but work not completed (same pattern as a confirmed CAG-audited case); Vendor unusually concentrated — 153 works nationwide (needs manual favoritism/collusion review),reactive
WS/MP18225/2025-2026/150539,PUSHPENDRA SAROJ,Uttar Pradesh,Investigate,Auditor,97.4,67,100% of funds spent but work not completed (same pattern as a confirmed CAG-audited case); Vendor unusually concentrated — 153 works nationwide (needs manual favoritism/collusion review),reactive
WS/MP18225/2025-2026/150510,PUSHPENDRA SAROJ,Uttar Pradesh,Investigate,Auditor,97.4,67,100% of funds spent but work not completed (same pattern as a confirmed CAG-audited case); Vendor unusually concentrated — 153 works nationwide (needs manual favoritism/collusion review),reactive
WS/MP18225/2025-2026/150555,PUSHPENDRA SAROJ,Uttar Pradesh,Investigate,Auditor,97.4,67,100% of funds spent but work not completed (same pattern as a confirmed CAG-audited case); Vendor unusually concentrated — 153 works nationwide (needs manual favoritism/collusion review),reactive
WS/MP18225/2025-2026/150557,PUSHPENDRA SAROJ,Uttar Pradesh,Investigate,Auditor,97.4,67,100% of funds spent but work not completed (same pattern as a confirmed CAG-audited case); Vendor unusually concentrated — 153 works nationwide (needs manual favoritism/collusion review),reactive
WS/MP18225/2025-2026/150554,PUSHPENDRA SAROJ,Uttar Pradesh,Investigate,Auditor,97.4,67,100% of funds spent but work not completed (same pattern as a confirmed CAG-audited case); Vendor unusually concentrated — 153 works nationwide (needs manual favoritism/collusion review),reactive
WS/MP18225/2025-2026/150512,PUSHPENDRA SAROJ,Uttar Pradesh,Investigate,Auditor,97.4,67,100% of funds spent but work not completed (same pattern as a confirmed CAG-audited case); Vendor unusually concentrated — 153 works nationwide (needs manual favoritism/collusion review),reactive
WS/MP18225/2025-2026/150546,PUSHPENDRA SAROJ,Uttar Pradesh,Investigate,Auditor,97.4,67,100% of funds spent but work not completed (same pattern as a confirmed CAG-audited case); Vendor unusually concentrated — 153 works nationwide (needs manual favoritism/collusion review),reactive
WS/MP18225/2025-2026/150552,PUSHPENDRA SAROJ,Uttar Pradesh,Investigate,Auditor,97.4,67,100% of funds spent but work not completed (same pattern as a confirmed CAG-audited case); Vendor unusually concentrated — 153 works nationwide (needs manual favoritism/collusion review),reactive
WS/MP18225/2025-2026/150551,PUSHPENDRA SAROJ,Uttar Pradesh,Investigate,Auditor,97.4,67,100% of funds spent but work not completed (same pattern as a confirmed CAG-audited case); Vendor unusually concentrated — 153 works nationwide (needs manual favoritism/collusion review),reactive
WS/MP18225/2025-2026/150547,PUSHPENDRA SAROJ,Uttar Pradesh,Investigate,Auditor,97.4,67,100% of funds spent but work not completed (same pattern as a confirmed CAG-audited case); Vendor unusually concentrated — 153 works nationwide (needs manual favoritism/collusion review),reactive
WS/MP18225/2025-2026/150543,PUSHPENDRA SAROJ,Uttar Pradesh,Investigate,Auditor,97.4,67,100% of funds spent but work not completed (same pattern as a confirmed CAG-audited case); Vendor unusually concentrated — 153 works nationwide (needs manual favoritism/collusion review),reactive
WS/MP18225/2025-2026/150519,PUSHPENDRA SAROJ,Uttar Pradesh,Investigate,Auditor,97.4,67,100% of funds spent but work not completed (same pattern as a confirmed CAG-audited case); Vendor unusually concentrated — 153 works nationwide (needs manual favoritism/collusion review),reactive
WS/MP18225/2025-2026/150520,PUSHPENDRA SAROJ,Uttar Pradesh,Investigate,Auditor,97.4,67,100% of funds spent but work not completed (same pattern as a confirmed CAG-audited case); Vendor unusually concentrated — 153 works nationwide (needs manual favoritism/collusion review),reactive
WS/MP18225/2025-2026/150525,PUSHPENDRA SAROJ,Uttar Pradesh,Investigate,Auditor,97.4,67,100% of funds spent but work not completed (same pattern as a confirmed CAG-audited case); Vendor unusually concentrated — 153 works nationwide (needs manual favoritism/collusion review),reactive
WS/MP18225/2025-2026/150542,PUSHPENDRA SAROJ,Uttar Pradesh,Investigate,Auditor,97.4,67,100% of funds spent but work not completed (same pattern as a confirmed CAG-audited case); Vendor unusually concentrated — 153 works nationwide (needs manual favoritism/collusion review),reactive
WS/MP18225/2025-2026/150545,PUSHPENDRA SAROJ,Uttar Pradesh,Investigate,Auditor,97.4,67,100% of funds spent but work not completed (same pattern as a confirmed CAG-audited case); Vendor unusually concentrated — 153 works nationwide (needs manual favoritism/collusion review),reactive
WS/MP18225/2025-2026/150518,PUSHPENDRA SAROJ,Uttar Pradesh,Investigate,Auditor,97.4,67,100% of funds spent but work not completed (same pattern as a confirmed CAG-audited case); Vendor unusually concentrated — 153 works nationwide (needs manual favoritism/collusion review),reactive
WS/MP18225/2025-2026/150538,PUSHPENDRA SAROJ,Uttar Pradesh,Investigate,Auditor,97.4,67,100% of funds spent but work not completed (same pattern as a confirmed CAG-audited case); Vendor unusually concentrated — 153 works nationwide (needs manual favoritism/collusion review),reactive
WS/MP18225/2025-2026/150541,PUSHPENDRA SAROJ,Uttar Pradesh,Investigate,Auditor,97.4,67,100% of funds spent but work not completed (same pattern as a confirmed CAG-audited case); Vendor unusually concentrated — 153 works nationwide (needs manual favoritism/collusion review),reactive
WS/MP18225/2025-2026/150818,PUSHPENDRA SAROJ,Uttar Pradesh,Investigate,Auditor,97.4,67,100% of funds spent but work not completed (same pattern as a confirmed CAG-audited case); Vendor unusually concentrated — 153 works nationwide (needs manual favoritism/collusion review),reactive
WS/MP18225/2025-2026/150561,PUSHPENDRA SAROJ,Uttar Pradesh,Investigate,Auditor,97.4,67,100% of funds spent but work not completed (same pattern as a confirmed CAG-audited case); Vendor unusually concentrated — 153 works nationwide (needs manual favoritism/collusion review),reactive
WS/MP18225/2025-2026/150558,PUSHPENDRA SAROJ,Uttar Pradesh,Investigate,Auditor,97.4,67,100% of funds spent but work not completed (same pattern as a confirmed CAG-audited case); Vendor unusually concentrated — 153 works nationwide (needs manual favoritism/collusion review),reactive
WS/MP18225/2025-2026/150457,PUSHPENDRA SAROJ,Uttar Pradesh,Investigate,Auditor,97.4,67,100% of funds spent but work not completed (same pattern as a confirmed CAG-audited case); Vendor unusually concentrated — 153 works nationwide (needs manual favoritism/collusion review),reactive
WS/MP18225/2025-2026/150465,PUSHPENDRA SAROJ,Uttar Pradesh,Investigate,Auditor,97.4,67,100% of funds spent but work not completed (same pattern as a confirmed CAG-audited case); Vendor unusually concentrated — 153 works nationwide (needs manual favoritism/collusion review),reactive
WS/MP18225/2025-2026/150468,PUSHPENDRA SAROJ,Uttar Pradesh,Investigate,Auditor,97.4,67,100% of funds spent but work not completed (same pattern as a confirmed CAG-audited case); Vendor unusually concentrated — 153 works nationwide (needs manual favoritism/collusion review),reactive
WS/MP18225/2025-2026/150467,PUSHPENDRA SAROJ,Uttar Pradesh,Investigate,Auditor,97.4,67,100% of funds spent but work not completed (same pattern as a confirmed CAG-audited case); Vendor unusually concentrated — 153 works nationwide (needs manual favoritism/collusion review),reactive
WS/MP18225/2025-2026/151082,PUSHPENDRA SAROJ,Uttar Pradesh,Investigate,Auditor,97.4,67,100% of funds spent but work not completed (same pattern as a confirmed CAG-audited case); Vendor unusually concentrated — 153 works nationwide (needs manual favoritism/collusion review),reactive
WS/MP18225/2025-2026/151079,PUSHPENDRA SAROJ,Uttar Pradesh,Investigate,Auditor,97.4,67,100% of funds spent but work not completed (same pattern as a confirmed CAG-audited case); Vendor unusually concentrated — 153 works nationwide (needs manual favoritism/collusion review),reactive
WS/MP18225/2025-2026/150837,PUSHPENDRA SAROJ,Uttar Pradesh,Investigate,Auditor,97.4,67,100% of funds spent but work not completed (same pattern as a confirmed CAG-audited case); Vendor unusually concentrated — 153 works nationwide (needs manual favoritism/collusion review),reactive
WS/MP18225/2025-2026/150835,PUSHPENDRA SAROJ,Uttar Pradesh,Investigate,Auditor,97.4,67,100% of funds spent but work not completed (same pattern as a confirmed CAG-audited case); Vendor unusually concentrated — 153 works nationwide (needs manual favoritism/collusion review),reactive
WS/MP18225/2025-2026/150490,PUSHPENDRA SAROJ,Uttar Pradesh,Investigate,Auditor,97.4,67,100% of funds spent but work not completed (same pattern as a confirmed CAG-audited case); Vendor unusually concentrated — 153 works nationwide (needs manual favoritism/collusion review),reactive
WS/MP18225/2025-2026/150823,PUSHPENDRA SAROJ,Uttar Pradesh,Investigate,Auditor,97.4,67,100% of funds spent but work not completed (same pattern as a confirmed CAG-audited case); Vendor unusually concentrated — 153 works nationwide (needs manual favoritism/collusion review),reactive
WS/MP18225/2025-2026/150492,PUSHPENDRA SAROJ,Uttar Pradesh,Investigate,Auditor,97.4,67,100% of funds spent but work not completed (same pattern as a confirmed CAG-audited case); Vendor unusually concentrated — 153 works nationwide (needs manual favoritism/collusion review),reactive
WS/MP18225/2025-2026/150491,PUSHPENDRA SAROJ,Uttar Pradesh,Investigate,Auditor,97.4,67,100% of funds spent but work not completed (same pattern as a confirmed CAG-audited case); Vendor unusually concentrated — 153 works nationwide (needs manual favoritism/collusion review),reactive
WS/MP18225/2025-2026/150483,PUSHPENDRA SAROJ,Uttar Pradesh,Investigate,Auditor,97.4,67,100% of funds spent but work not completed (same pattern as a confirmed CAG-audited case); Vendor unusually concentrated — 153 works nationwide (needs manual favoritism/collusion review),reactive
WS/MP18225/2025-2026/150486,PUSHPENDRA SAROJ,Uttar Pradesh,Investigate,Auditor,97.4,67,100% of funds spent but work not completed (same pattern as a confirmed CAG-audited case); Vendor unusually concentrated — 153 works nationwide (needs manual favoritism/collusion review),reactive
WS/MP18225/2025-2026/150493,PUSHPENDRA SAROJ,Uttar Pradesh,Investigate,Auditor,97.4,67,100% of funds spent but work not completed (same pattern as a confirmed CAG-audited case); Vendor unusually concentrated — 153 works nationwide (needs manual favoritism/collusion review),reactive
WS/MP18225/2025-2026/150832,PUSHPENDRA SAROJ,Uttar Pradesh,Investigate,Auditor,97.4,67,100% of funds spent but work not completed (same pattern as a confirmed CAG-audited case); Vendor unusually concentrated — 153 works nationwide (needs manual favoritism/collusion review),reactive
WS/MP18225/2025-2026/150453,PUSHPENDRA SAROJ,Uttar Pradesh,Investigate,Auditor,97.4,67,100% of funds spent but work not completed (same pattern as a confirmed CAG-audited case); Vendor unusually concentrated — 153 works nationwide (needs manual favoritism/collusion review),reactive
WS/MP18225/2025-2026/150452,PUSHPENDRA SAROJ,Uttar Pradesh,Investigate,Auditor,97.4,67,100% of funds spent but work not completed (same pattern as a confirmed CAG-audited case); Vendor unusually concentrated — 153 works nationwide (needs manual favoritism/collusion review),reactive
WS/MP18225/2025-2026/150460,PUSHPENDRA SAROJ,Uttar Pradesh,Investigate,Auditor,97.4,67,100% of funds spent but work not completed (same pattern as a confirmed CAG-audited case); Vendor unusually concentrated — 153 works nationwide (needs manual favoritism/collusion review),reactive
WS/MP18225/2025-2026/150458,PUSHPENDRA SAROJ,Uttar Pradesh,Investigate,Auditor,97.4,67,100% of funds spent but work not completed (same pattern as a confirmed CAG-audited case); Vendor unusually concentrated — 153 works nationwide (needs manual favoritism/collusion review),reactive
WS/MP18225/2025-2026/150440,PUSHPENDRA SAROJ,Uttar Pradesh,Investigate,Auditor,97.4,67,100% of funds spent but work not completed (same pattern as a confirmed CAG-audited case); Vendor unusually concentrated — 153 works nationwide (needs manual favoritism/collusion review),reactive
WS/MP761/2024-2025/146642,Arvind Dharmapuri,Telangana,Inspect,District Authority,97.4,67,Marked completed but no photo evidence uploaded; No payment record yet — vendor pattern unverified,reactive
WS/MP18225/2025-2026/150446,PUSHPENDRA SAROJ,Uttar Pradesh,Investigate,Auditor,97.4,67,100% of funds spent but work not completed (same pattern as a confirmed CAG-audited case); Vendor unusually concentrated — 153 works nationwide (needs manual favoritism/collusion review),reactive
WS/MP18225/2025-2026/150474,PUSHPENDRA SAROJ,Uttar Pradesh,Investigate,Auditor,97.4,67,100% of funds spent but work not completed (same pattern as a confirmed CAG-audited case); Vendor unusually concentrated — 153 works nationwide (needs manual favoritism/collusion review),reactive
WS/MP761/2024-2025/146750,Arvind Dharmapuri,Telangana,Inspect,District Authority,97.0,67,Marked completed but no photo evidence uploaded; No payment record yet — vendor pattern unverified,reactive
WS/MP458/2026-2027/150074,Kanimozhi Karunanidhi,Tamil Nadu,Investigate,Auditor,96.9,67,"100% of funds spent but work not completed (same pattern as a confirmed CAG-audited case); Cost is unusually higher than comparable works (state+category baseline, z=4.0)",reactive
WS/MP761/2024-2025/146630,Arvind Dharmapuri,Telangana,Inspect,District Authority,96.7,67,Marked completed but no photo evidence uploaded; No payment record yet — vendor pattern unverified,reactive
WS/MP761/2024-2025/146426,Arvind Dharmapuri,Telangana,Inspect,District Authority,96.6,67,Marked completed but no photo evidence uploaded; No payment record yet — vendor pattern unverified,reactive
WS/MP18225/2025-2026/150448,PUSHPENDRA SAROJ,Uttar Pradesh,Investigate,Auditor,96.3,67,100% of funds spent but work not completed (same pattern as a confirmed CAG-audited case); Vendor unusually concentrated — 153 works nationwide (needs manual favoritism/collusion review),reactive
WS/MP18225/2025-2026/150441,PUSHPENDRA SAROJ,Uttar Pradesh,Investigate,Auditor,96.3,67,100% of funds spent but work not completed (same pattern as a confirmed CAG-audited case); Vendor unusually concentrated — 153 works nationwide (needs manual favoritism/collusion review),reactive
WS/MP18225/2025-2026/150436,PUSHPENDRA SAROJ,Uttar Pradesh,Investigate,Auditor,96.3,67,100% of funds spent but work not completed (same pattern as a confirmed CAG-audited case); Vendor unusually concentrated — 153 works nationwide (needs manual favoritism/collusion review),reactive
WS/MP18225/2025-2026/150439,PUSHPENDRA SAROJ,Uttar Pradesh,Investigate,Auditor,96.3,67,100% of funds spent but work not completed (same pattern as a confirmed CAG-audited case); Vendor unusually concentrated — 153 works nationwide (needs manual favoritism/collusion review),reactive
WS/MP18225/2025-2026/150527,PUSHPENDRA SAROJ,Uttar Pradesh,Investigate,Auditor,96.3,67,100% of funds spent but work not completed (same pattern as a confirmed CAG-audited case); Vendor unusually concentrated — 153 works nationwide (needs manual favoritism/collusion review),reactive
WS/MP18225/2025-2026/150528,PUSHPENDRA SAROJ,Uttar Pradesh,Investigate,Auditor,96.3,67,100% of funds spent but work not completed (same pattern as a confirmed CAG-audited case); Vendor unusually concentrated — 153 works nationwide (needs manual favoritism/collusion review),reactive
WS/MP18225/2025-2026/150535,PUSHPENDRA SAROJ,Uttar Pradesh,Investigate,Auditor,96.3,67,100% of funds spent but work not completed (same pattern as a confirmed CAG-audited case); Vendor unusually concentrated — 153 works nationwide (needs manual favoritism/collusion review),reactive
WS/MP18225/2025-2026/150494,PUSHPENDRA SAROJ,Uttar Pradesh,Investigate,Auditor,96.3,67,100% of funds spent but work not completed (same pattern as a confirmed CAG-audited case); Vendor unusually concentrated — 153 works nationwide (needs manual favoritism/collusion review),reactive
WS/MP18225/2025-2026/150484,PUSHPENDRA SAROJ,Uttar Pradesh,Investigate,Auditor,96.3,67,100% of funds spent but work not completed (same pattern as a confirmed CAG-audited case); Vendor unusually concentrated — 153 works nationwide (needs manual favoritism/collusion review),reactive
WS/MP18225/2025-2026/150487,PUSHPENDRA SAROJ,Uttar Pradesh,Investigate,Auditor,96.3,67,100% of funds spent but work not completed (same pattern as a confirmed CAG-audited case); Vendor unusually concentrated — 153 works nationwide (needs manual favoritism/collusion review),reactive
WS/MP18225/2025-2026/150824,PUSHPENDRA SAROJ,Uttar Pradesh,Investigate,Auditor,96.3,67,100% of funds spent but work not completed (same pattern as a confirmed CAG-audited case); Vendor unusually concentrated — 153 works nationwide (needs manual favoritism/collusion review),reactive
WS/MP18225/2025-2026/150489,PUSHPENDRA SAROJ,Uttar Pradesh,Investigate,Auditor,96.3,67,100% of funds spent but work not completed (same pattern as a confirmed CAG-audited case); Vendor unusually concentrated — 153 works nationwide (needs manual favoritism/collusion review),reactive
WS/MP18225/2025-2026/150833,PUSHPENDRA SAROJ,Uttar Pradesh,Investigate,Auditor,96.3,67,100% of funds spent but work not completed (same pattern as a confirmed CAG-audited case); Vendor unusually concentrated — 153 works nationwide (needs manual favoritism/collusion review),reactive
WS/MP18225/2025-2026/150827,PUSHPENDRA SAROJ,Uttar Pradesh,Investigate,Auditor,96.3,67,100% of funds spent but work not completed (same pattern as a confirmed CAG-audited case); Vendor unusually concentrated — 153 works nationwide (needs manual favoritism/collusion review),reactive
WS/MP18225/2025-2026/150476,PUSHPENDRA SAROJ,Uttar Pradesh,Investigate,Auditor,96.3,67,100% of funds spent but work not completed (same pattern as a confirmed CAG-audited case); Vendor unusually concentrated — 153 works nationwide (needs manual favoritism/collusion review),reactive
WS/MP18225/2025-2026/150477,PUSHPENDRA SAROJ,Uttar Pradesh,Investigate,Auditor,96.3,67,100% of funds spent but work not completed (same pattern as a confirmed CAG-audited case); Vendor unusually concentrated — 153 works nationwide (needs manual favoritism/collusion review),reactive
WS/MP18225/2025-2026/150478,PUSHPENDRA SAROJ,Uttar Pradesh,Investigate,Auditor,96.3,67,100% of funds spent but work not completed (same pattern as a confirmed CAG-audited case); Vendor unusually concentrated — 153 works nationwide (needs manual favoritism/collusion review),reactive
WS/MP18225/2025-2026/150479,PUSHPENDRA SAROJ,Uttar Pradesh,Investigate,Auditor,96.3,67,100% of funds spent but work not completed (same pattern as a confirmed CAG-audited case); Vendor unusually concentrated — 153 works nationwide (needs manual favoritism/collusion review),reactive
WS/MP18225/2025-2026/150488,PUSHPENDRA SAROJ,Uttar Pradesh,Investigate,Auditor,96.3,67,100% of funds spent but work not completed (same pattern as a confirmed CAG-audited case); Vendor unusually concentrated — 153 works nationwide (needs manual favoritism/collusion review),reactive
WS/MP18225/2025-2026/150829,PUSHPENDRA SAROJ,Uttar Pradesh,Investigate,Auditor,96.3,67,100% of funds spent but work not completed (same pattern as a confirmed CAG-audited case); Vendor unusually concentrated — 153 works nationwide (needs manual favoritism/collusion review),reactive
WS/MP18225/2025-2026/150831,PUSHPENDRA SAROJ,Uttar Pradesh,Investigate,Auditor,96.3,67,100% of funds spent but work not completed (same pattern as a confirmed CAG-audited case); Vendor unusually concentrated — 153 works nationwide (needs manual favoritism/collusion review),reactive
WS/MP18225/2025-2026/150470,PUSHPENDRA SAROJ,Uttar Pradesh,Investigate,Auditor,96.3,67,100% of funds spent but work not completed (same pattern as a confirmed CAG-audited case); Vendor unusually concentrated — 153 works nationwide (needs manual favoritism/collusion review),reactive
WS/MP18225/2025-2026/150462,PUSHPENDRA SAROJ,Uttar Pradesh,Investigate,Auditor,96.3,67,100% of funds spent but work not completed (same pattern as a confirmed CAG-audited case); Vendor unusually concentrated — 153 works nationwide (needs manual favoritism/collusion review),reactive
WS/MP18225/2025-2026/150461,PUSHPENDRA SAROJ,Uttar Pradesh,Investigate,Auditor,96.3,67,100% of funds spent but work not completed (same pattern as a confirmed CAG-audited case); Vendor unusually concentrated — 153 works nationwide (needs manual favoritism/collusion review),reactive
WS/MP18225/2025-2026/150454,PUSHPENDRA SAROJ,Uttar Pradesh,Investigate,Auditor,96.3,67,100% of funds spent but work not completed (same pattern as a confirmed CAG-audited case); Vendor unusually concentrated — 153 works nationwide (needs manual favoritism/collusion review),reactive
WS/MP18225/2025-2026/150450,PUSHPENDRA SAROJ,Uttar Pradesh,Investigate,Auditor,96.3,67,100% of funds spent but work not completed (same pattern as a confirmed CAG-audited case); Vendor unusually concentrated — 153 works nationwide (needs manual favoritism/collusion review),reactive
WS/MP18225/2025-2026/150455,PUSHPENDRA SAROJ,Uttar Pradesh,Investigate,Auditor,96.3,67,100% of funds spent but work not completed (same pattern as a confirmed CAG-audited case); Vendor unusually concentrated — 153 works nationwide (needs manual favoritism/collusion review),reactive
WS/MP18225/2025-2026/150456,PUSHPENDRA SAROJ,Uttar Pradesh,Investigate,Auditor,96.3,67,100% of funds spent but work not completed (same pattern as a confirmed CAG-audited case); Vendor unusually concentrated — 153 works nationwide (needs manual favoritism/collusion review),reactive
WS/MP18225/2025-2026/150472,PUSHPENDRA SAROJ,Uttar Pradesh,Investigate,Auditor,96.3,67,100% of funds spent but work not completed (same pattern as a confirmed CAG-audited case); Vendor unusually concentrated — 153 works nationwide (needs manual favoritism/collusion review),reactive
WS/MP18225/2025-2026/150473,PUSHPENDRA SAROJ,Uttar Pradesh,Investigate,Auditor,96.3,67,100% of funds spent but work not completed (same pattern as a confirmed CAG-audited case); Vendor unusually concentrated — 153 works nationwide (needs manual favoritism/collusion review),reactive
WS/MP18225/2025-2026/150463,PUSHPENDRA SAROJ,Uttar Pradesh,Investigate,Auditor,96.3,67,100% of funds spent but work not completed (same pattern as a confirmed CAG-audited case); Vendor unusually concentrated — 153 works nationwide (needs manual favoritism/collusion review),reactive
WS/MP18225/2025-2026/150820,PUSHPENDRA SAROJ,Uttar Pradesh,Investigate,Auditor,96.3,67,100% of funds spent but work not completed (same pattern as a confirmed CAG-audited case); Vendor unusually concentrated — 153 works nationwide (needs manual favoritism/collusion review),reactive
WS/MP18225/2025-2026/150511,PUSHPENDRA SAROJ,Uttar Pradesh,Investigate,Auditor,96.3,67,100% of funds spent but work not completed (same pattern as a confirmed CAG-audited case); Vendor unusually concentrated — 153 works nationwide (needs manual favoritism/collusion review),reactive
WS/MP18225/2025-2026/150819,PUSHPENDRA SAROJ,Uttar Pradesh,Investigate,Auditor,96.3,67,100% of funds spent but work not completed (same pattern as a confirmed CAG-audited case); Vendor unusually concentrated — 153 works nationwide (needs manual favoritism/collusion review),reactive
WS/MP18225/2025-2026/150559,PUSHPENDRA SAROJ,Uttar Pradesh,Investigate,Auditor,96.3,67,100% of funds spent but work not completed (same pattern as a confirmed CAG-audited case); Vendor unusually concentrated — 153 works nationwide (needs manual favoritism/collusion review),reactive
WS/MP18225/2025-2026/150553,PUSHPENDRA SAROJ,Uttar Pradesh,Investigate,Auditor,96.3,67,100% of funds spent but work not completed (same pattern as a confirmed CAG-audited case); Vendor unusually concentrated — 153 works nationwide (needs manual favoritism/collusion review),reactive
WS/MP18225/2025-2026/150532,PUSHPENDRA SAROJ,Uttar Pradesh,Investigate,Auditor,96.3,67,100% of funds spent but work not completed (same pattern as a confirmed CAG-audited case); Vendor unusually concentrated — 153 works nationwide (needs manual favoritism/collusion review),reactive
WS/MP18225/2025-2026/150533,PUSHPENDRA SAROJ,Uttar Pradesh,Investigate,Auditor,96.3,67,100% of funds spent but work not completed (same pattern as a confirmed CAG-audited case); Vendor unusually concentrated — 153 works nationwide (needs manual favoritism/collusion review),reactive
WS/MP18225/2025-2026/150530,PUSHPENDRA SAROJ,Uttar Pradesh,Investigate,Auditor,96.3,67,100% of funds spent but work not completed (same pattern as a confirmed CAG-audited case); Vendor unusually concentrated — 153 works nationwide (needs manual favoritism/collusion review),reactive
WS/MP18225/2025-2026/150821,PUSHPENDRA SAROJ,Uttar Pradesh,Investigate,Auditor,96.3,67,100% of funds spent but work not completed (same pattern as a confirmed CAG-audited case); Vendor unusually concentrated — 153 works nationwide (needs manual favoritism/collusion review),reactive
WS/MP18225/2025-2026/150563,PUSHPENDRA SAROJ,Uttar Pradesh,Investigate,Auditor,96.3,67,100% of funds spent but work not completed (same pattern as a confirmed CAG-audited case); Vendor unusually concentrated — 153 works nationwide (needs manual favoritism/collusion review),reactive
WS/MP18225/2025-2026/150817,PUSHPENDRA SAROJ,Uttar Pradesh,Investigate,Auditor,96.3,67,100% of funds spent but work not completed (same pattern as a confirmed CAG-audited case); Vendor unusually concentrated — 153 works nationwide (needs manual favoritism/collusion review),reactive
WS/MP18225/2025-2026/150537,PUSHPENDRA SAROJ,Uttar Pradesh,Investigate,Auditor,96.3,67,100% of funds spent but work not completed (same pattern as a confirmed CAG-audited case); Vendor unusually concentrated — 153 works nationwide (needs manual favoritism/collusion review),reactive
WS/MP18225/2025-2026/150560,PUSHPENDRA SAROJ,Uttar Pradesh,Investigate,Auditor,96.3,67,100% of funds spent but work not completed (same pattern as a confirmed CAG-audited case); Vendor unusually concentrated — 153 works nationwide (needs manual favoritism/collusion review),reactive
WS/MP18225/2025-2026/150495,PUSHPENDRA SAROJ,Uttar Pradesh,Investigate,Auditor,96.3,67,100% of funds spent but work not completed (same pattern as a confirmed CAG-audited case); Vendor unusually concentrated — 153 works nationwide (needs manual favoritism/collusion review),reactive
WS/MP18225/2025-2026/150517,PUSHPENDRA SAROJ,Uttar Pradesh,Investigate,Auditor,96.3,67,100% of funds spent but work not completed (same pattern as a confirmed CAG-audited case); Vendor unusually concentrated — 153 works nationwide (needs manual favoritism/collusion review),reactive
WS/MP18225/2025-2026/150514,PUSHPENDRA SAROJ,Uttar Pradesh,Investigate,Auditor,96.3,67,100% of funds spent but work not completed (same pattern as a confirmed CAG-audited case); Vendor unusually concentrated — 153 works nationwide (needs manual favoritism/collusion review),reactive
WS/MP18225/2025-2026/150549,PUSHPENDRA SAROJ,Uttar Pradesh,Investigate,Auditor,96.3,67,100% of funds spent but work not completed (same pattern as a confirmed CAG-audited case); Vendor unusually concentrated — 153 works nationwide (needs manual favoritism/collusion review),reactive
WS/MP18225/2025-2026/150523,PUSHPENDRA SAROJ,Uttar Pradesh,Investigate,Auditor,96.3,67,100% of funds spent but work not completed (same pattern as a confirmed CAG-audited case); Vendor unusually concentrated — 153 works nationwide (needs manual favoritism/collusion review),reactive
WS/MP18225/2025-2026/150524,PUSHPENDRA SAROJ,Uttar Pradesh,Investigate,Auditor,96.3,67,100% of funds spent but work not completed (same pattern as a confirmed CAG-audited case); Vendor unusually concentrated — 153 works nationwide (needs manual favoritism/collusion review),reactive
WS/MP18225/2025-2026/150526,PUSHPENDRA SAROJ,Uttar Pradesh,Investigate,Auditor,96.3,67,100% of funds spent but work not completed (same pattern as a confirmed CAG-audited case); Vendor unusually concentrated — 153 works nationwide (needs manual favoritism/collusion review),reactive
WS/MP18225/2025-2026/150522,PUSHPENDRA SAROJ,Uttar Pradesh,Investigate,Auditor,96.3,67,100% of funds spent but work not completed (same pattern as a confirmed CAG-audited case); Vendor unusually concentrated — 153 works nationwide (needs manual favoritism/collusion review),reactive
WS/MP18225/2025-2026/150534,PUSHPENDRA SAROJ,Uttar Pradesh,Investigate,Auditor,96.3,67,100% of funds spent but work not completed (same pattern as a confirmed CAG-audited case); Vendor unusually concentrated — 153 works nationwide (needs manual favoritism/collusion review),reactive
WS/MP18225/2025-2026/150531,PUSHPENDRA SAROJ,Uttar Pradesh,Investigate,Auditor,96.3,67,100% of funds spent but work not completed (same pattern as a confirmed CAG-audited case); Vendor unusually concentrated — 153 works nationwide (needs manual favoritism/collusion review),reactive
WS/MP18225/2025-2026/150529,PUSHPENDRA SAROJ,Uttar Pradesh,Investigate,Auditor,96.3,67,100% of funds spent but work not completed (same pattern as a confirmed CAG-audited case); Vendor unusually concentrated — 153 works nationwide (needs manual favoritism/collusion review),reactive
WS/MP18225/2025-2026/151084,PUSHPENDRA SAROJ,Uttar Pradesh,Investigate,Auditor,96.3,67,100% of funds spent but work not completed (same pattern as a confirmed CAG-audited case); Vendor unusually concentrated — 153 works nationwide (needs manual favoritism/collusion review),reactive
WS/MP18225/2025-2026/150466,PUSHPENDRA SAROJ,Uttar Pradesh,Investigate,Auditor,96.3,67,100% of funds spent but work not completed (same pattern as a confirmed CAG-audited case); Vendor unusually concentrated — 153 works nationwide (needs manual favoritism/collusion review),reactive
WS/MP18225/2025-2026/150480,PUSHPENDRA SAROJ,Uttar Pradesh,Investigate,Auditor,96.3,67,100% of funds spent but work not completed (same pattern as a confirmed CAG-audited case); Vendor unusually concentrated — 153 works nationwide (needs manual favoritism/collusion review),reactive
WS/MP18225/2025-2026/150437,PUSHPENDRA SAROJ,Uttar Pradesh,Investigate,Auditor,96.3,67,100% of funds spent but work not completed (same pattern as a confirmed CAG-audited case); Vendor unusually concentrated — 153 works nationwide (needs manual favoritism/collusion review),reactive
WS/MP18225/2025-2026/150435,PUSHPENDRA SAROJ,Uttar Pradesh,Investigate,Auditor,96.3,67,100% of funds spent but work not completed (same pattern as a confirmed CAG-audited case); Vendor unusually concentrated — 153 works nationwide (needs manual favoritism/collusion review),reactive
WS/MP18225/2025-2026/150443,PUSHPENDRA SAROJ,Uttar Pradesh,Investigate,Auditor,96.3,67,100% of funds spent but work not completed (same pattern as a confirmed CAG-audited case); Vendor unusually concentrated — 153 works nationwide (needs manual favoritism/collusion review),reactive
WS/MP18225/2025-2026/150481,PUSHPENDRA SAROJ,Uttar Pradesh,Investigate,Auditor,96.3,67,100% of funds spent but work not completed (same pattern as a confirmed CAG-audited case); Vendor unusually concentrated — 153 works nationwide (needs manual favoritism/collusion review),reactive
WS/MP18225/2025-2026/151086,PUSHPENDRA SAROJ,Uttar Pradesh,Investigate,Auditor,96.3,67,100% of funds spent but work not completed (same pattern as a confirmed CAG-audited case); Vendor unusually concentrated — 153 works nationwide (needs manual favoritism/collusion review),reactive
WS/MP18225/2025-2026/150451,PUSHPENDRA SAROJ,Uttar Pradesh,Investigate,Auditor,96.3,67,100% of funds spent but work not completed (same pattern as a confirmed CAG-audited case); Vendor unusually concentrated — 153 works nationwide (needs manual favoritism/collusion review),reactive
WS/MP18225/2025-2026/150449,PUSHPENDRA SAROJ,Uttar Pradesh,Investigate,Auditor,96.3,67,100% of funds spent but work not completed (same pattern as a confirmed CAG-audited case); Vendor unusually concentrated — 153 works nationwide (needs manual favoritism/collusion review),reactive
WS/MP761/2024-2025/146638,Arvind Dharmapuri,Telangana,Inspect,District Authority,95.7,67,Marked completed but no photo evidence uploaded; No payment record yet — vendor pattern unverified,reactive
WS/MP761/2024-2025/146425,Arvind Dharmapuri,Telangana,Inspect,District Authority,95.3,67,Marked completed but no photo evidence uploaded; No payment record yet — vendor pattern unverified,reactive
WS/MP761/2024-2025/146749,Arvind Dharmapuri,Telangana,Inspect,District Authority,95.3,67,Marked completed but no photo evidence uploaded; No payment record yet — vendor pattern unverified,reactive
WS/MP761/2024-2025/146747,Arvind Dharmapuri,Telangana,Inspect,District Authority,95.3,67,Marked completed but no photo evidence uploaded; No payment record yet — vendor pattern unverified,reactive
WS/MP18308/2025-2026/145425,RAVINDRA DATTARAM WAIKAR,Maharashtra,Investigate,Auditor,95.2,67,"100% of funds spent but work not completed (same pattern as a confirmed CAG-audited case); Cost is unusually higher than comparable works (category-only baseline, z=3.7)",reactive
WS/MP18049/2025-2026/152172,TOKHAN SAHU,Chhattisgarh,Investigate,Auditor,95.2,67,"100% of funds spent but work not completed (same pattern as a confirmed CAG-audited case); Cost is unusually higher than comparable works (state+category baseline, z=3.7)",reactive
WS/MP18176/2024-2025/142544,SACHITHANANTHAM R,Tamil Nadu,Inspect,District Authority,95.0,67,"Cost is unusually higher than comparable works (state+category baseline, z=8.1); Marked completed but no photo evidence uploaded; No payment record yet — vendor pattern unverified",reactive
WS/MP761/2024-2025/146620,Arvind Dharmapuri,Telangana,Inspect,District Authority,94.7,67,Marked completed but no photo evidence uploaded; No payment record yet — vendor pattern unverified,reactive
WS/MP18095/2025-2026/147281,K. C VENUGOPAL,Kerala,Investigate,Auditor,94.7,67,"100% of funds spent but work not completed (same pattern as a confirmed CAG-audited case); Cost is unusually higher than comparable works (state+category baseline, z=3.5)",reactive
WS/MP761/2024-2025/146571,Arvind Dharmapuri,Telangana,Inspect,District Authority,94.7,67,Marked completed but no photo evidence uploaded; No payment record yet — vendor pattern unverified,reactive
WS/MP761/2024-2025/146573,Arvind Dharmapuri,Telangana,Inspect,District Authority,94.7,67,Marked completed but no photo evidence uploaded; No payment record yet — vendor pattern unverified,reactive
WS/MP761/2024-2025/146570,Arvind Dharmapuri,Telangana,Inspect,District Authority,94.7,67,Marked completed but no photo evidence uploaded; No payment record yet — vendor pattern unverified,reactive
WS/MP761/2024-2025/146572,Arvind Dharmapuri,Telangana,Inspect,District Authority,94.7,67,Marked completed but no photo evidence uploaded; No payment record yet — vendor pattern unverified,reactive
WS/MP18041/2024-2025/143087,RAJESH RANJAN ALIAS PAPPU YADAV,Bihar,Inspect,District Authority,94.4,67,"Cost is unusually higher than comparable works (state+category baseline, z=7.2); Marked completed but no photo evidence uploaded; No payment record yet — vendor pattern unverified",reactive
WS/MP761/2024-2025/146751,Arvind Dharmapuri,Telangana,Inspect,District Authority,94.3,67,Marked completed but no photo evidence uploaded; No payment record yet — vendor pattern unverified,reactive
WS/MP761/2024-2025/146755,Arvind Dharmapuri,Telangana,Inspect,District Authority,94.3,67,Marked completed but no photo evidence uploaded; No payment record yet — vendor pattern unverified,reactive
WS/MP18159/2024-2025/145799,BHUPENDER YADAV,Rajasthan,Review,District Authority,94.3,67,No payment record yet — vendor pattern unverified,reactive
WS/MP370/2025-2026/145373,Shri Jual Oram,Odisha,Investigate,Auditor,94.2,67,"99% of funds spent but work not completed (same pattern as a confirmed CAG-audited case); Cost is unusually higher than comparable works (category-only baseline, z=3.4)",reactive
WS/MP428/2024-2025/149050,Santosh Pandey,Chhattisgarh,Review,District Authority,94.0,67,No payment record yet — vendor pattern unverified,reactive
WS/MP18167/2024-2025/145186,BRIJENDRA SINGH OLA,Rajasthan,Review,District Authority,94.0,67,No payment record yet — vendor pattern unverified,reactive
WS/MP18006/2024-2025/139527,DAGGUMALLA PRASADA RAO,Andhra Pradesh,Review Estimate,District Authority,93.9,67,"Cost is unusually higher than comparable works (state+category baseline, z=2.9); No payment record yet — vendor pattern unverified",reactive
WS/MP18180/2025-2026/149575,ARUN NEHRU,Tamil Nadu,Inspect,District Authority,93.9,67,"Cost is unusually higher than comparable works (state+category baseline, z=3.5); Marked completed but no photo evidence uploaded; No payment record yet — vendor pattern unverified",reactive
WS/MP18391/2024-2025/140309,S SUPONGMEREN JAMIR,Nagaland,Inspect,District Authority,93.8,67,"Cost is unusually higher than comparable works (category-only baseline, z=6.6); Marked completed but no photo evidence uploaded; No payment record yet — vendor pattern unverified",reactive
WS/MP582/2025-2026/137346,Prabhubhai Nagarbhai Vasava,Gujarat,Investigate,Auditor,93.8,67,"100% of funds spent but work not completed (same pattern as a confirmed CAG-audited case); Cost is unusually lower than comparable works (state+category baseline, z=-2.9)",reactive
WS/MP582/2025-2026/141896,Prabhubhai Nagarbhai Vasava,Gujarat,Investigate,Auditor,93.8,67,"100% of funds spent but work not completed (same pattern as a confirmed CAG-audited case); Cost is unusually lower than comparable works (state+category baseline, z=-2.9)",reactive
WS/MP18176/2024-2025/146590,SACHITHANANTHAM R,Tamil Nadu,Inspect,District Authority,93.8,67,"Cost is unusually higher than comparable works (category-only baseline, z=6.8); Marked completed but no photo evidence uploaded; No payment record yet — vendor pattern unverified",reactive
WS/MP582/2025-2026/141913,Prabhubhai Nagarbhai Vasava,Gujarat,Investigate,Auditor,93.8,67,"100% of funds spent but work not completed (same pattern as a confirmed CAG-audited case); Cost is unusually lower than comparable works (state+category baseline, z=-2.9)",reactive
WS/MP18308/2025-2026/145427,RAVINDRA DATTARAM WAIKAR,Maharashtra,Investigate,Auditor,93.5,67,"100% of funds spent but work not completed (same pattern as a confirmed CAG-audited case); Cost is unusually higher than comparable works (state+category baseline, z=3.3)",reactive
WS/MP529/2024-2025/152036,Maddila Gurumoorthy,Andhra Pradesh,Review,District Authority,93.4,67,No payment record yet — vendor pattern unverified,reactive
WS/MP18108/2024-2025/143816,DR. LATA WANKHEDE,Madhya Pradesh,Inspect,District Authority,93.1,67,"Cost is unusually higher than comparable works (state+category baseline, z=6.2); Marked completed but no photo evidence uploaded; No payment record yet — vendor pattern unverified",reactive
WS/MP18165/2024-2025/141159,MANJU SHARMA,Rajasthan,Review,District Authority,93.1,67,No payment record yet — vendor pattern unverified,reactive
WS/MP761/2024-2025/155302,Arvind Dharmapuri,Telangana,Inspect,District Authority,93.0,67,Marked completed but no photo evidence uploaded; No payment record yet — vendor pattern unverified,reactive
WS/MP761/2024-2025/146753,Arvind Dharmapuri,Telangana,Inspect,District Authority,93.0,67,Marked completed but no photo evidence uploaded; No payment record yet — vendor pattern unverified,reactive
WS/MP761/2024-2025/144996,Arvind Dharmapuri,Telangana,Inspect,District Authority,92.5,67,Marked completed but no photo evidence uploaded; No payment record yet — vendor pattern unverified,reactive
WS/MP478/2024-2025/154524,Mala Rajya Laxmi Shah,Uttarakhand,Investigate,Auditor,92.3,67,"99% of funds spent but work not completed (same pattern as a confirmed CAG-audited case); Cost is unusually higher than comparable works (state+category baseline, z=3.1)",reactive
WS/MP334/2024-2025/144894,Shri Chandra Prakash Choudhary,Jharkhand,Investigate,Auditor,92.2,67,100% of funds spent but work not completed (same pattern as a confirmed CAG-audited case),reactive
WS/MP334/2024-2025/144899,Shri Chandra Prakash Choudhary,Jharkhand,Investigate,Auditor,92.2,67,100% of funds spent but work not completed (same pattern as a confirmed CAG-audited case),reactive
WS/MP334/2024-2025/144879,Shri Chandra Prakash Choudhary,Jharkhand,Investigate,Auditor,92.2,67,100% of funds spent but work not completed (same pattern as a confirmed CAG-audited case),reactive
WS/MP18167/2024-2025/145180,BRIJENDRA SINGH OLA,Rajasthan,Review,District Authority,92.2,67,No payment record yet — vendor pattern unverified,reactive
WS/MP18167/2024-2025/145177,BRIJENDRA SINGH OLA,Rajasthan,Review,District Authority,92.1,67,No payment record yet — vendor pattern unverified,reactive
WS/MP18188/2025-2026/155210,KONDA VISHWESHWAR REDDY,Telangana,Inspect,District Authority,92.1,67,Marked completed but no photo evidence uploaded; No payment record yet — vendor pattern unverified,reactive
WS/MP792/2024-2025/136732,Jai Prakash,Uttar Pradesh,Review Estimate,District Authority,92.1,67,"Cost is unusually higher than comparable works (state+category baseline, z=6.3); No payment record yet — vendor pattern unverified",reactive
WS/MP582/2024-2025/147353,Prabhubhai Nagarbhai Vasava,Gujarat,Inspect,District Authority,91.7,67,"Cost is unusually higher than comparable works (category-only baseline, z=5.5); Marked completed but no photo evidence uploaded; No payment record yet — vendor pattern unverified",reactive
WS/MP18165/2024-2025/141467,MANJU SHARMA,Rajasthan,Review Estimate,District Authority,91.6,67,"Cost is unusually higher than comparable works (category-only baseline, z=3.3); No payment record yet — vendor pattern unverified",reactive
WS/MP18391/2024-2025/140274,S SUPONGMEREN JAMIR,Nagaland,Inspect,District Authority,91.4,67,"Cost is unusually higher than comparable works (category-only baseline, z=5.2); Marked completed but no photo evidence uploaded; No payment record yet — vendor pattern unverified",reactive
WS/MP858/2025-2026/137767,Asit Kumar Mal,West Bengal,Investigate,Auditor,90.3,67,100% of funds spent but work not completed (same pattern as a confirmed CAG-audited case),reactive
WS/MP18019/2024-2025/137729,AMARSING TISSO,Assam,Inspect,District Authority,90.1,100,Marked completed but no photo evidence uploaded,reactive
WS/MP598/2025-2026/155309,Suresh Kumar Kashyap,Himachal Pradesh,Investigate,Auditor,90.0,67,100% of funds spent but work not completed (same pattern as a confirmed CAG-audited case),reactive
WS/MP18338/2024-2025/152469,CHAMALA KIRAN KUMAR REDDY,Telangana,Inspect,District Authority,89.4,67,Marked completed but no photo evidence uploaded; No payment record yet — vendor pattern unverified,reactive
WS/MP18338/2024-2025/152472,CHAMALA KIRAN KUMAR REDDY,Telangana,Inspect,District Authority,89.4,67,Marked completed but no photo evidence uploaded; No payment record yet — vendor pattern unverified,reactive
WS/MP18338/2024-2025/152479,CHAMALA KIRAN KUMAR REDDY,Telangana,Inspect,District Authority,89.4,67,Marked completed but no photo evidence uploaded; No payment record yet — vendor pattern unverified,reactive
WS/MP18338/2024-2025/152404,CHAMALA KIRAN KUMAR REDDY,Telangana,Inspect,District Authority,89.4,67,Marked completed but no photo evidence uploaded; No payment record yet — vendor pattern unverified,reactive
WS/MP18338/2024-2025/152468,CHAMALA KIRAN KUMAR REDDY,Telangana,Inspect,District Authority,89.4,67,Marked completed but no photo evidence uploaded; No payment record yet — vendor pattern unverified,reactive
WS/MP826/2024-2025/135716,Raju Bista,West Bengal,Review,District Authority,89.2,67,No payment record yet — vendor pattern unverified,reactive
WS/MP826/2024-2025/135699,Raju Bista,West Bengal,Review,District Authority,89.2,67,No payment record yet — vendor pattern unverified,reactive
WS/MP826/2024-2025/135700,Raju Bista,West Bengal,Review,District Authority,89.2,67,No payment record yet — vendor pattern unverified,reactive
WS/MP826/2024-2025/135690,Raju Bista,West Bengal,Review,District Authority,89.2,67,No payment record yet — vendor pattern unverified,reactive
WS/MP826/2024-2025/135539,Raju Bista,West Bengal,Review,District Authority,88.9,67,No payment record yet — vendor pattern unverified,reactive
WS/MP740/2025-2026/140344,Andimuthu Raja,Tamil Nadu,Investigate,Auditor,88.8,67,100% of funds spent but work not completed (same pattern as a confirmed CAG-audited case),reactive
WS/MP423/2025-2026/139237,Shri Abhishek Banerjee,West Bengal,Investigate,Auditor,88.7,67,100% of funds spent but work not completed (same pattern as a confirmed CAG-audited case),reactive
WS/MP632/2024-2025/142075,Anto Antony,Kerala,Investigate,Auditor,88.7,67,100% of funds spent but work not completed (same pattern as a confirmed CAG-audited case),reactive
WS/MP823/2024-2025/137367,Ms Mahua Moitra,West Bengal,Review Estimate,District Authority,88.6,67,"Cost is unusually higher than comparable works (category-only baseline, z=6.7)",reactive
WS/MP18065/2024-2025/135232,DEEPENDER SINGH HOODA,Haryana,Review,District Authority,88.5,67,No payment record yet — vendor pattern unverified,reactive
WS/MP18338/2024-2025/152462,CHAMALA KIRAN KUMAR REDDY,Telangana,Inspect,District Authority,88.4,67,Marked completed but no photo evidence uploaded; No payment record yet — vendor pattern unverified,reactive
WS/MP243/2025-2026/141108,Kakoli Ghosh Dastidar,West Bengal,Review,District Authority,88.4,67,No payment record yet — vendor pattern unverified,reactive
WS/MP18144/2024-2025/148055,MALVIKA DEVI,Odisha,Investigate,Auditor,87.8,67,100% of funds spent but work not completed (same pattern as a confirmed CAG-audited case),reactive
WS/MP18209/2025-2026/145437,CHANDAN CHAUHAN,Uttar Pradesh,Inspect,District Authority,87.8,67,Marked completed but no photo evidence uploaded; No payment record yet — vendor pattern unverified,reactive
WS/MP18338/2024-2025/152536,CHAMALA KIRAN KUMAR REDDY,Telangana,Inspect,District Authority,87.6,67,Marked completed but no photo evidence uploaded; No payment record yet — vendor pattern unverified,reactive
WS/MP18338/2024-2025/152362,CHAMALA KIRAN KUMAR REDDY,Telangana,Inspect,District Authority,87.6,67,Marked completed but no photo evidence uploaded; No payment record yet — vendor pattern unverified,reactive
WS/MP18338/2024-2025/152385,CHAMALA KIRAN KUMAR REDDY,Telangana,Inspect,District Authority,87.6,67,Marked completed but no photo evidence uploaded; No payment record yet — vendor pattern unverified,reactive
WS/MP18109/2024-2025/150126,DR. RAJESH MISHRA,Madhya Pradesh,Inspect,District Authority,87.5,67,"Cost is unusually higher than comparable works (state+category baseline, z=4.6); Marked completed but no photo evidence uploaded; No payment record yet — vendor pattern unverified",reactive
WS/MP18338/2025-2026/152003,CHAMALA KIRAN KUMAR REDDY,Telangana,Inspect,District Authority,87.4,67,Marked completed but no photo evidence uploaded; No payment record yet — vendor pattern unverified,reactive
WS/MP479/2024-2025/138772,Saumitra khan,West Bengal,Investigate,Auditor,87.3,67,"100% of funds spent but work not completed (same pattern as a confirmed CAG-audited case); Cost is unusually higher than comparable works (state+category baseline, z=2.8)",reactive
WS/MP18024/2025-2026/154709,GAURAV GOGOI,Assam,Investigate,Auditor,87.1,67,100% of funds spent but work not completed (same pattern as a confirmed CAG-audited case),reactive
WS/MP826/2024-2025/135533,Raju Bista,West Bengal,Review,District Authority,87.1,67,No payment record yet — vendor pattern unverified,reactive
WS/MP18232/2024-2025/143922,HARENDRA SINGH MALIK,Uttar Pradesh,Review,District Authority,86.8,67,No payment record yet — vendor pattern unverified,reactive
WS/MP18019/2024-2025/137730,AMARSING TISSO,Assam,Inspect,District Authority,86.7,67,"Cost is unusually higher than comparable works (state+category baseline, z=4.5); Marked completed but no photo evidence uploaded; No payment record yet — vendor pattern unverified",reactive
WS/MP710/2024-2025/146369,Vaithilingam Ve,Puducherry,Inspect,District Authority,86.7,67,Marked completed but no photo evidence uploaded; No payment record yet — vendor pattern unverified,reactive
WS/MP18049/2024-2025/152243,TOKHAN SAHU,Chhattisgarh,Review Estimate,District Authority,86.6,67,"Cost is unusually higher than comparable works (state+category baseline, z=5.9)",reactive
WS/MP18104/2025-2026/153165,DARSHAN SINGH CHOUDHARY,Madhya Pradesh,Investigate,Auditor,85.9,67,100% of funds spent but work not completed (same pattern as a confirmed CAG-audited case),reactive
WS/MP18307/2025-2026/143603,Piyush Vedprakash Goyal,Maharashtra,Investigate,Auditor,85.8,67,100% of funds spent but work not completed (same pattern as a confirmed CAG-audited case),reactive
WS/MP405/2025-2026/140144,Balashowry Vallabbhaneni,Andhra Pradesh,Investigate,Auditor,85.8,67,100% of funds spent but work not completed (same pattern as a confirmed CAG-audited case),reactive
WS/MP386/2024-2025/142507,Shri Hanuman Beniwal,Rajasthan,Inspect,District Authority,85.7,100,Marked completed but no photo evidence uploaded,reactive
WS/MP719/2024-2025/140155,Bhagirath Chaudhary,Rajasthan,Investigate,Auditor,85.5,67,97% of funds spent but work not completed (same pattern as a confirmed CAG-audited case),reactive
WS/MP478/2024-2025/154525,Mala Rajya Laxmi Shah,Uttarakhand,Investigate,Auditor,85.4,67,"100% of funds spent but work not completed (same pattern as a confirmed CAG-audited case); Cost is unusually higher than comparable works (state+category baseline, z=2.7)",reactive
WS/MP18177/2024-2025/149344,K E PRAKASH,Tamil Nadu,Investigate,Auditor,85.3,67,100% of funds spent but work not completed (same pattern as a confirmed CAG-audited case),reactive
WS/MP458/2025-2026/150048,Kanimozhi Karunanidhi,Tamil Nadu,Investigate,Auditor,85.2,67,100% of funds spent but work not completed (same pattern as a confirmed CAG-audited case),reactive
WS/MP600/2025-2026/148002,Jitendra Singh,Jammu And Kashmir,Review,District Authority,85.2,67,No payment record yet — vendor pattern unverified,reactive
WS/MP18323/2026-2027/144120,DR KALGE SHIVAJI BANDAPPA,Maharashtra,Investigate,Auditor,85.1,67,100% of funds spent but work not completed (same pattern as a confirmed CAG-audited case),reactive
WS/MP18308/2025-2026/145430,RAVINDRA DATTARAM WAIKAR,Maharashtra,Investigate,Auditor,85.0,67,100% of funds spent but work not completed (same pattern as a confirmed CAG-audited case),reactive
WS/MP812/2026-2027/147515,Vijay Kumar Dubey,Uttar Pradesh,Investigate,Auditor,84.9,67,100% of funds spent but work not completed (same pattern as a confirmed CAG-audited case),reactive
WS/MP18338/2024-2025/153029,CHAMALA KIRAN KUMAR REDDY,Telangana,Inspect,District Authority,84.8,67,"Cost is unusually higher than comparable works (state+category baseline, z=4.1); Marked completed but no photo evidence uploaded; No payment record yet — vendor pattern unverified",reactive
WS/MP18144/2024-2025/141585,MALVIKA DEVI,Odisha,Inspect,District Authority,84.7,67,"Cost is unusually higher than comparable works (state+category baseline, z=4.1); Marked completed but no photo evidence uploaded; No payment record yet — vendor pattern unverified",reactive
WS/MP863/2024-2025/143487,P C Mohan,Karnataka,Inspect,District Authority,84.7,67,"Cost is unusually higher than comparable works (category-only baseline, z=4.0); Marked completed but no photo evidence uploaded; No payment record yet — vendor pattern unverified",reactive
WS/MP18095/2025-2026/148832,K. C VENUGOPAL,Kerala,Investigate,Auditor,84.7,67,100% of funds spent but work not completed (same pattern as a confirmed CAG-audited case),reactive
WS/MP18019/2024-2025/137520,AMARSING TISSO,Assam,Inspect,District Authority,84.6,67,"Cost is unusually higher than comparable works (state+category baseline, z=4.0); Marked completed but no photo evidence uploaded; No payment record yet — vendor pattern unverified",reactive
WS/MP18069/2024-2025/150915,RAJEEV BHARDWAJ,Himachal Pradesh,Inspect,District Authority,84.5,67,Marked completed but no photo evidence uploaded; No payment record yet — vendor pattern unverified,reactive
WS/MP18104/2026-2027/152597,DARSHAN SINGH CHOUDHARY,Madhya Pradesh,Investigate,Auditor,84.5,67,100% of funds spent but work not completed (same pattern as a confirmed CAG-audited case),reactive
WS/MP823/2025-2026/152969,Ms Mahua Moitra,West Bengal,Investigate,Auditor,84.5,67,100% of funds spent but work not completed (same pattern as a confirmed CAG-audited case),reactive
WS/MP18089/2025-2026/154775,K. RAJASHEKAR BASAVARAJ HITNAL,Karnataka,Investigate,Auditor,84.2,67,98% of funds spent but work not completed (same pattern as a confirmed CAG-audited case),reactive
WS/MP852/2024-2025/155299,Abu Taher Khan,West Bengal,Investigate,Auditor,84.2,67,100% of funds spent but work not completed (same pattern as a confirmed CAG-audited case),reactive
WS/MP852/2024-2025/155293,Abu Taher Khan,West Bengal,Investigate,Auditor,84.2,67,100% of funds spent but work not completed (same pattern as a confirmed CAG-audited case),reactive
WS/MP852/2024-2025/155266,Abu Taher Khan,West Bengal,Investigate,Auditor,84.2,67,100% of funds spent but work not completed (same pattern as a confirmed CAG-audited case),reactive
WS/MP405/2024-2025/149699,Balashowry Vallabbhaneni,Andhra Pradesh,Investigate,Auditor,84.1,67,100% of funds spent but work not completed (same pattern as a confirmed CAG-audited case),reactive
WS/MP18272/2024-2025/143420,KALIPADA SAREN,West Bengal,Investigate,Auditor,83.7,67,100% of funds spent but work not completed (same pattern as a confirmed CAG-audited case),reactive
WS/MP405/2024-2025/149700,Balashowry Vallabbhaneni,Andhra Pradesh,Investigate,Auditor,83.7,67,100% of funds spent but work not completed (same pattern as a confirmed CAG-audited case),reactive
WS/MP745/2026-2027/138567,K Subbarayan,Tamil Nadu,Investigate,Auditor,83.5,67,100% of funds spent but work not completed (same pattern as a confirmed CAG-audited case),reactive
WS/MP18065/2024-2025/134737,DEEPENDER SINGH HOODA,Haryana,Review,District Authority,83.2,67,No payment record yet — vendor pattern unverified,reactive
WS/MP743/2025-2026/142807,Ganesan Selvam,Tamil Nadu,Investigate,Auditor,83.2,67,100% of funds spent but work not completed (same pattern as a confirmed CAG-audited case),reactive
WS/MP18307/2025-2026/143608,Piyush Vedprakash Goyal,Maharashtra,Investigate,Auditor,82.9,67,100% of funds spent but work not completed (same pattern as a confirmed CAG-audited case),reactive
WS/MP18323/2026-2027/146709,DR KALGE SHIVAJI BANDAPPA,Maharashtra,Investigate,Auditor,82.9,67,100% of funds spent but work not completed (same pattern as a confirmed CAG-audited case),reactive
WS/MP243/2025-2026/147541,Kakoli Ghosh Dastidar,West Bengal,Review,District Authority,82.9,67,No payment record yet — vendor pattern unverified,reactive
WS/MP413/2025-2026/150094,Alok Kumar Suman,Bihar,Investigate,Auditor,82.8,67,100% of funds spent but work not completed (same pattern as a confirmed CAG-audited case),reactive
WS/MP413/2025-2026/150093,Alok Kumar Suman,Bihar,Investigate,Auditor,82.8,67,100% of funds spent but work not completed (same pattern as a confirmed CAG-audited case),reactive
WS/MP413/2025-2026/150084,Alok Kumar Suman,Bihar,Investigate,Auditor,82.8,67,100% of funds spent but work not completed (same pattern as a confirmed CAG-audited case),reactive
WS/MP413/2025-2026/150428,Alok Kumar Suman,Bihar,Investigate,Auditor,82.8,67,100% of funds spent but work not completed (same pattern as a confirmed CAG-audited case),reactive
WS/MP413/2025-2026/150431,Alok Kumar Suman,Bihar,Investigate,Auditor,82.8,67,100% of funds spent but work not completed (same pattern as a confirmed CAG-audited case),reactive
WS/MP413/2025-2026/150433,Alok Kumar Suman,Bihar,Investigate,Auditor,82.8,67,100% of funds spent but work not completed (same pattern as a confirmed CAG-audited case),reactive
WS/MP413/2025-2026/150075,Alok Kumar Suman,Bihar,Investigate,Auditor,82.8,67,100% of funds spent but work not completed (same pattern as a confirmed CAG-audited case),reactive
WS/MP413/2025-2026/150086,Alok Kumar Suman,Bihar,Investigate,Auditor,82.8,67,100% of funds spent but work not completed (same pattern as a confirmed CAG-audited case),reactive
WS/MP413/2025-2026/150089,Alok Kumar Suman,Bihar,Investigate,Auditor,82.8,67,100% of funds spent but work not completed (same pattern as a confirmed CAG-audited case),reactive
WS/MP413/2025-2026/150434,Alok Kumar Suman,Bihar,Investigate,Auditor,82.8,67,100% of funds spent but work not completed (same pattern as a confirmed CAG-audited case),reactive
WS/MP413/2025-2026/150091,Alok Kumar Suman,Bihar,Investigate,Auditor,82.8,67,100% of funds spent but work not completed (same pattern as a confirmed CAG-audited case),reactive
WS/MP413/2026-2027/150424,Alok Kumar Suman,Bihar,Investigate,Auditor,82.8,67,100% of funds spent but work not completed (same pattern as a confirmed CAG-audited case),reactive
WS/MP18311/2024-2025/143228,MALVINDER SINGH KANG,Punjab,Inspect,District Authority,82.8,67,"Cost is unusually lower than comparable works (state+category baseline, z=-3.6); Marked completed but no photo evidence uploaded; No payment record yet — vendor pattern unverified",reactive
WS/MP413/2025-2026/150426,Alok Kumar Suman,Bihar,Investigate,Auditor,82.8,67,100% of funds spent but work not completed (same pattern as a confirmed CAG-audited case),reactive
WS/MP413/2026-2027/150425,Alok Kumar Suman,Bihar,Investigate,Auditor,82.8,67,100% of funds spent but work not completed (same pattern as a confirmed CAG-audited case),reactive
WS/MP413/2025-2026/150066,Alok Kumar Suman,Bihar,Investigate,Auditor,82.8,67,100% of funds spent but work not completed (same pattern as a confirmed CAG-audited case),reactive
WS/MP413/2025-2026/150082,Alok Kumar Suman,Bihar,Investigate,Auditor,82.8,67,100% of funds spent but work not completed (same pattern as a confirmed CAG-audited case),reactive
WS/MP413/2026-2027/150427,Alok Kumar Suman,Bihar,Investigate,Auditor,82.8,67,100% of funds spent but work not completed (same pattern as a confirmed CAG-audited case),reactive
WS/MP413/2025-2026/150073,Alok Kumar Suman,Bihar,Investigate,Auditor,82.8,67,100% of funds spent but work not completed (same pattern as a confirmed CAG-audited case),reactive
WS/MP18380/2024-2025/151967,VINOD KUMAR BIND,Uttar Pradesh,Investigate,Auditor,82.6,67,100% of funds spent but work not completed (same pattern as a confirmed CAG-audited case),reactive
WS/MP18380/2024-2025/151969,VINOD KUMAR BIND,Uttar Pradesh,Investigate,Auditor,82.6,67,100% of funds spent but work not completed (same pattern as a confirmed CAG-audited case),reactive
WS/MP18380/2024-2025/151946,VINOD KUMAR BIND,Uttar Pradesh,Investigate,Auditor,82.6,67,100% of funds spent but work not completed (same pattern as a confirmed CAG-audited case),reactive
WS/MP18380/2024-2025/151945,VINOD KUMAR BIND,Uttar Pradesh,Investigate,Auditor,82.6,67,100% of funds spent but work not completed (same pattern as a confirmed CAG-audited case),reactive
WS/MP381/2024-2025/153036,Shri Gurjeet Singh Aujla,Punjab,Inspect,District Authority,82.6,67,"Cost is unusually lower than comparable works (state+category baseline, z=-3.1); Marked completed but no photo evidence uploaded; No payment record yet — vendor pattern unverified",reactive
WS/MP719/2025-2026/151460,Bhagirath Chaudhary,Rajasthan,Review Estimate,District Authority,82.6,67,"Cost is unusually higher than comparable works (state+category baseline, z=5.0)",reactive
WS/MP18380/2024-2025/151937,VINOD KUMAR BIND,Uttar Pradesh,Investigate,Auditor,82.6,67,100% of funds spent but work not completed (same pattern as a confirmed CAG-audited case),reactive
WS/MP18380/2024-2025/151934,VINOD KUMAR BIND,Uttar Pradesh,Investigate,Auditor,82.6,67,100% of funds spent but work not completed (same pattern as a confirmed CAG-audited case),reactive
WS/MP18380/2024-2025/151761,VINOD KUMAR BIND,Uttar Pradesh,Investigate,Auditor,82.6,67,100% of funds spent but work not completed (same pattern as a confirmed CAG-audited case),reactive
WS/MP18380/2024-2025/151776,VINOD KUMAR BIND,Uttar Pradesh,Investigate,Auditor,82.6,67,100% of funds spent but work not completed (same pattern as a confirmed CAG-audited case),reactive
WS/MP18380/2024-2025/151919,VINOD KUMAR BIND,Uttar Pradesh,Investigate,Auditor,82.6,67,100% of funds spent but work not completed (same pattern as a confirmed CAG-audited case),reactive
WS/MP18380/2024-2025/151819,VINOD KUMAR BIND,Uttar Pradesh,Investigate,Auditor,82.6,67,100% of funds spent but work not completed (same pattern as a confirmed CAG-audited case),reactive
WS/MP18380/2024-2025/151816,VINOD KUMAR BIND,Uttar Pradesh,Investigate,Auditor,82.6,67,100% of funds spent but work not completed (same pattern as a confirmed CAG-audited case),reactive
WS/MP18380/2024-2025/151803,VINOD KUMAR BIND,Uttar Pradesh,Investigate,Auditor,82.6,67,100% of funds spent but work not completed (same pattern as a confirmed CAG-audited case),reactive
WS/MP18380/2024-2025/151782,VINOD KUMAR BIND,Uttar Pradesh,Investigate,Auditor,82.6,67,100% of funds spent but work not completed (same pattern as a confirmed CAG-audited case),reactive
WS/MP18380/2024-2025/151818,VINOD KUMAR BIND,Uttar Pradesh,Investigate,Auditor,82.6,67,100% of funds spent but work not completed (same pattern as a confirmed CAG-audited case),reactive
WS/MP18380/2024-2025/151922,VINOD KUMAR BIND,Uttar Pradesh,Investigate,Auditor,82.6,67,100% of funds spent but work not completed (same pattern as a confirmed CAG-audited case),reactive
WS/MP18380/2024-2025/151943,VINOD KUMAR BIND,Uttar Pradesh,Investigate,Auditor,82.6,67,100% of funds spent but work not completed (same pattern as a confirmed CAG-audited case),reactive
WS/MP18380/2024-2025/151933,VINOD KUMAR BIND,Uttar Pradesh,Investigate,Auditor,82.6,67,100% of funds spent but work not completed (same pattern as a confirmed CAG-audited case),reactive
WS/MP18380/2024-2025/151918,VINOD KUMAR BIND,Uttar Pradesh,Investigate,Auditor,82.6,67,100% of funds spent but work not completed (same pattern as a confirmed CAG-audited case),reactive
WS/MP18380/2024-2025/151917,VINOD KUMAR BIND,Uttar Pradesh,Investigate,Auditor,82.6,67,100% of funds spent but work not completed (same pattern as a confirmed CAG-audited case),reactive
WS/MP18380/2024-2025/149489,VINOD KUMAR BIND,Uttar Pradesh,Investigate,Auditor,82.6,67,100% of funds spent but work not completed (same pattern as a confirmed CAG-audited case),reactive
WS/MP18380/2024-2025/151921,VINOD KUMAR BIND,Uttar Pradesh,Investigate,Auditor,82.6,67,100% of funds spent but work not completed (same pattern as a confirmed CAG-audited case),reactive
WS/MP18380/2024-2025/151920,VINOD KUMAR BIND,Uttar Pradesh,Investigate,Auditor,82.6,67,100% of funds spent but work not completed (same pattern as a confirmed CAG-audited case),reactive
WS/MP18380/2024-2025/151938,VINOD KUMAR BIND,Uttar Pradesh,Investigate,Auditor,82.6,67,100% of funds spent but work not completed (same pattern as a confirmed CAG-audited case),reactive
WS/MP18380/2024-2025/151939,VINOD KUMAR BIND,Uttar Pradesh,Investigate,Auditor,82.6,67,100% of funds spent but work not completed (same pattern as a confirmed CAG-audited case),reactive
WS/MP18380/2024-2025/151931,VINOD KUMAR BIND,Uttar Pradesh,Investigate,Auditor,82.6,67,100% of funds spent but work not completed (same pattern as a confirmed CAG-audited case),reactive
WS/MP18380/2024-2025/151970,VINOD KUMAR BIND,Uttar Pradesh,Investigate,Auditor,82.6,67,100% of funds spent but work not completed (same pattern as a confirmed CAG-audited case),reactive
WS/MP18380/2024-2025/151973,VINOD KUMAR BIND,Uttar Pradesh,Investigate,Auditor,82.6,67,100% of funds spent but work not completed (same pattern as a confirmed CAG-audited case),reactive
WS/MP18380/2024-2025/151944,VINOD KUMAR BIND,Uttar Pradesh,Investigate,Auditor,82.6,67,100% of funds spent but work not completed (same pattern as a confirmed CAG-audited case),reactive
WS/MP334/2024-2025/136625,Shri Chandra Prakash Choudhary,Jharkhand,Investigate,Auditor,82.5,67,100% of funds spent but work not completed (same pattern as a confirmed CAG-audited case),reactive
WS/MP334/2024-2025/136572,Shri Chandra Prakash Choudhary,Jharkhand,Investigate,Auditor,82.5,67,100% of funds spent but work not completed (same pattern as a confirmed CAG-audited case),reactive
WS/MP334/2024-2025/136611,Shri Chandra Prakash Choudhary,Jharkhand,Investigate,Auditor,82.5,67,100% of funds spent but work not completed (same pattern as a confirmed CAG-audited case),reactive
WS/MP334/2024-2025/136587,Shri Chandra Prakash Choudhary,Jharkhand,Investigate,Auditor,82.5,67,100% of funds spent but work not completed (same pattern as a confirmed CAG-audited case),reactive
WS/MP334/2024-2025/136588,Shri Chandra Prakash Choudhary,Jharkhand,Investigate,Auditor,82.5,67,100% of funds spent but work not completed (same pattern as a confirmed CAG-audited case),reactive
WS/MP334/2024-2025/136589,Shri Chandra Prakash Choudhary,Jharkhand,Investigate,Auditor,82.5,67,100% of funds spent but work not completed (same pattern as a confirmed CAG-audited case),reactive
WS/MP334/2024-2025/144872,Shri Chandra Prakash Choudhary,Jharkhand,Investigate,Auditor,82.5,67,100% of funds spent but work not completed (same pattern as a confirmed CAG-audited case),reactive
WS/MP334/2024-2025/144871,Shri Chandra Prakash Choudhary,Jharkhand,Investigate,Auditor,82.5,67,100% of funds spent but work not completed (same pattern as a confirmed CAG-audited case),reactive
WS/MP334/2024-2025/144876,Shri Chandra Prakash Choudhary,Jharkhand,Investigate,Auditor,82.5,67,100% of funds spent but work not completed (same pattern as a confirmed CAG-audited case),reactive
WS/MP334/2024-2025/144888,Shri Chandra Prakash Choudhary,Jharkhand,Investigate,Auditor,82.5,67,100% of funds spent but work not completed (same pattern as a confirmed CAG-audited case),reactive
WS/MP334/2024-2025/144877,Shri Chandra Prakash Choudhary,Jharkhand,Investigate,Auditor,82.5,67,100% of funds spent but work not completed (same pattern as a confirmed CAG-audited case),reactive
WS/MP334/2024-2025/136612,Shri Chandra Prakash Choudhary,Jharkhand,Investigate,Auditor,82.5,67,100% of funds spent but work not completed (same pattern as a confirmed CAG-audited case),reactive
WS/MP334/2024-2025/136613,Shri Chandra Prakash Choudhary,Jharkhand,Investigate,Auditor,82.5,67,100% of funds spent but work not completed (same pattern as a confirmed CAG-audited case),reactive
WS/MP334/2024-2025/136616,Shri Chandra Prakash Choudhary,Jharkhand,Investigate,Auditor,82.5,67,100% of funds spent but work not completed (same pattern as a confirmed CAG-audited case),reactive
WS/MP334/2024-2025/136584,Shri Chandra Prakash Choudhary,Jharkhand,Investigate,Auditor,82.5,67,100% of funds spent but work not completed (same pattern as a confirmed CAG-audited case),reactive
WS/MP334/2024-2025/136582,Shri Chandra Prakash Choudhary,Jharkhand,Investigate,Auditor,82.5,67,100% of funds spent but work not completed (same pattern as a confirmed CAG-audited case),reactive
WS/MP334/2024-2025/136583,Shri Chandra Prakash Choudhary,Jharkhand,Investigate,Auditor,82.5,67,100% of funds spent but work not completed (same pattern as a confirmed CAG-audited case),reactive
WS/MP334/2024-2025/144873,Shri Chandra Prakash Choudhary,Jharkhand,Investigate,Auditor,82.5,67,100% of funds spent but work not completed (same pattern as a confirmed CAG-audited case),reactive
WS/MP334/2024-2025/136620,Shri Chandra Prakash Choudhary,Jharkhand,Investigate,Auditor,82.5,67,100% of funds spent but work not completed (same pattern as a confirmed CAG-audited case),reactive
WS/MP334/2024-2025/136622,Shri Chandra Prakash Choudhary,Jharkhand,Investigate,Auditor,82.5,67,100% of funds spent but work not completed (same pattern as a confirmed CAG-audited case),reactive
WS/MP334/2024-2025/136642,Shri Chandra Prakash Choudhary,Jharkhand,Investigate,Auditor,82.5,67,100% of funds spent but work not completed (same pattern as a confirmed CAG-audited case),reactive
WS/MP334/2024-2025/136600,Shri Chandra Prakash Choudhary,Jharkhand,Investigate,Auditor,82.5,67,100% of funds spent but work not completed (same pattern as a confirmed CAG-audited case),reactive
WS/MP334/2024-2025/136591,Shri Chandra Prakash Choudhary,Jharkhand,Investigate,Auditor,82.5,67,100% of funds spent but work not completed (same pattern as a confirmed CAG-audited case),reactive
WS/MP334/2024-2025/136598,Shri Chandra Prakash Choudhary,Jharkhand,Investigate,Auditor,82.5,67,100% of funds spent but work not completed (same pattern as a confirmed CAG-audited case),reactive
WS/MP334/2024-2025/136599,Shri Chandra Prakash Choudhary,Jharkhand,Investigate,Auditor,82.5,67,100% of funds spent but work not completed (same pattern as a confirmed CAG-audited case),reactive
WS/MP18006/2024-2025/136185,DAGGUMALLA PRASADA RAO,Andhra Pradesh,Review,District Authority,82.4,67,No payment record yet — vendor pattern unverified,reactive
WS/MP405/2024-2025/149702,Balashowry Vallabbhaneni,Andhra Pradesh,Investigate,Auditor,82.3,67,100% of funds spent but work not completed (same pattern as a confirmed CAG-audited case),reactive
WS/MP18307/2025-2026/146575,Piyush Vedprakash Goyal,Maharashtra,Investigate,Auditor,82.3,67,100% of funds spent but work not completed (same pattern as a confirmed CAG-audited case),reactive
WS/MP18307/2025-2026/143607,Piyush Vedprakash Goyal,Maharashtra,Investigate,Auditor,82.3,67,100% of funds spent but work not completed (same pattern as a confirmed CAG-audited case),reactive
WS/MP719/2024-2025/147906,Bhagirath Chaudhary,Rajasthan,Inspect,District Authority,82.3,67,"Cost is unusually lower than comparable works (state+category baseline, z=-3.0); Marked completed but no photo evidence uploaded; No payment record yet — vendor pattern unverified",reactive
WS/MP405/2024-2025/149701,Balashowry Vallabbhaneni,Andhra Pradesh,Investigate,Auditor,82.3,67,100% of funds spent but work not completed (same pattern as a confirmed CAG-audited case),reactive
WS/MP352/2025-2026/135862,Shri Hibi Eden,Kerala,Investigate,Auditor,82.2,67,100% of funds spent but work not completed (same pattern as a confirmed CAG-audited case),reactive
WS/MP18144/2024-2025/148137,MALVIKA DEVI,Odisha,Investigate,Auditor,82.2,67,100% of funds spent but work not completed (same pattern as a confirmed CAG-audited case),reactive
WS/MP18144/2024-2025/148133,MALVIKA DEVI,Odisha,Investigate,Auditor,82.2,67,100% of funds spent but work not completed (same pattern as a confirmed CAG-audited case),reactive
WS/MP552/2024-2025/134699,Radha Mohan Singh,Bihar,Inspect,District Authority,82.1,67,"Cost is unusually higher than comparable works (category-only baseline, z=3.7); Marked completed but no photo evidence uploaded; No payment record yet — vendor pattern unverified",reactive
WS/MP761/2024-2025/146295,Arvind Dharmapuri,Telangana,Review,District Authority,82.1,67,No payment record yet — vendor pattern unverified,reactive
WS/MP381/2024-2025/147193,Shri Gurjeet Singh Aujla,Punjab,Inspect,District Authority,82.1,67,"Cost is unusually higher than comparable works (state+category baseline, z=3.7); Marked completed but no photo evidence uploaded; No payment record yet — vendor pattern unverified",reactive
WS/MP529/2024-2025/148903,Maddila Gurumoorthy,Andhra Pradesh,Investigate,Auditor,82.1,67,100% of funds spent but work not completed (same pattern as a confirmed CAG-audited case),reactive
WS/MP18019/2024-2025/154278,AMARSING TISSO,Assam,Inspect,District Authority,82.0,67,"Cost is unusually higher than comparable works (state+category baseline, z=3.0); Marked completed but no photo evidence uploaded; No payment record yet — vendor pattern unverified",reactive
WS/MP18188/2024-2025/154584,KONDA VISHWESHWAR REDDY,Telangana,Investigate,Auditor,82.0,67,100% of funds spent but work not completed (same pattern as a confirmed CAG-audited case),reactive
WS/MP716/2024-2025/141810,Smt Harsimrat Kaur Badal,Punjab,Investigate,Auditor,82.0,67,100% of funds spent but work not completed (same pattern as a confirmed CAG-audited case),reactive
WS/MP598/2024-2025/155311,Suresh Kumar Kashyap,Himachal Pradesh,Investigate,Auditor,82.0,67,100% of funds spent but work not completed (same pattern as a confirmed CAG-audited case),reactive
WS/MP598/2025-2026/151547,Suresh Kumar Kashyap,Himachal Pradesh,Investigate,Auditor,82.0,67,100% of funds spent but work not completed (same pattern as a confirmed CAG-audited case),reactive
WS/MP716/2024-2025/141811,Smt Harsimrat Kaur Badal,Punjab,Investigate,Auditor,82.0,67,100% of funds spent but work not completed (same pattern as a confirmed CAG-audited case),reactive
WS/MP716/2024-2025/141809,Smt Harsimrat Kaur Badal,Punjab,Investigate,Auditor,82.0,67,100% of funds spent but work not completed (same pattern as a confirmed CAG-audited case),reactive
WS/MP18056/2024-2025/141634,PARSHOTTAMBHAI RUPALA,Gujarat,Investigate,Auditor,81.7,67,100% of funds spent but work not completed (same pattern as a confirmed CAG-audited case),reactive
WS/MP013/2024-2025/137238,Indra Hang Subba,Sikkim,Inspect,District Authority,81.7,67,Marked completed but no photo evidence uploaded; No payment record yet — vendor pattern unverified,reactive
WS/MP640/2026-2027/151610,Faggan Singh Kulaste,Madhya Pradesh,Investigate,Auditor,81.6,67,100% of funds spent but work not completed (same pattern as a confirmed CAG-audited case),reactive
WS/MP18193/2024-2025/151558,EATALA RAJENDER,Telangana,Investigate,Auditor,81.6,67,100% of funds spent but work not completed (same pattern as a confirmed CAG-audited case),reactive
WS/MP640/2026-2027/151609,Faggan Singh Kulaste,Madhya Pradesh,Investigate,Auditor,81.6,67,100% of funds spent but work not completed (same pattern as a confirmed CAG-audited case),reactive
WS/MP640/2026-2027/151613,Faggan Singh Kulaste,Madhya Pradesh,Investigate,Auditor,81.6,67,95% of funds spent but work not completed (same pattern as a confirmed CAG-audited case),reactive
WS/MP600/2024-2025/148196,Jitendra Singh,Jammu And Kashmir,Investigate,Auditor,81.5,67,100% of funds spent but work not completed (same pattern as a confirmed CAG-audited case),reactive
WS/MP251/2025-2026/150786,Prof Sougata Ray,West Bengal,Investigate,Auditor,81.4,67,100% of funds spent but work not completed (same pattern as a confirmed CAG-audited case),reactive
WS/MP18133/2025-2026/148512,SHRIMANT CHH UDAYANRAJE PRATAPSINHAMAHARAJ BHONSLE,Maharashtra,Investigate,Auditor,81.4,67,100% of funds spent but work not completed (same pattern as a confirmed CAG-audited case),reactive
WS/MP18253/2024-2025/140037,BAPI HALDAR,West Bengal,Review,District Authority,81.2,67,No payment record yet — vendor pattern unverified,reactive
WS/MP598/2025-2026/145401,Suresh Kumar Kashyap,Himachal Pradesh,Investigate,Auditor,81.2,67,100% of funds spent but work not completed (same pattern as a confirmed CAG-audited case),reactive
WS/MP598/2025-2026/145400,Suresh Kumar Kashyap,Himachal Pradesh,Investigate,Auditor,81.2,67,100% of funds spent but work not completed (same pattern as a confirmed CAG-audited case),reactive
WS/MP761/2024-2025/139062,Arvind Dharmapuri,Telangana,Review,District Authority,81.2,67,No payment record yet — vendor pattern unverified,reactive
WS/MP18338/2024-2025/152454,CHAMALA KIRAN KUMAR REDDY,Telangana,Inspect,District Authority,81.2,67,Marked completed but no photo evidence uploaded; No payment record yet — vendor pattern unverified,reactive
WS/MP598/2025-2026/145402,Suresh Kumar Kashyap,Himachal Pradesh,Investigate,Auditor,81.2,67,100% of funds spent but work not completed (same pattern as a confirmed CAG-audited case),reactive
WS/MP457/2024-2025/149288,D Ravikumar,Tamil Nadu,Investigate,Auditor,81.1,67,100% of funds spent but work not completed (same pattern as a confirmed CAG-audited case),reactive
WS/MP852/2024-2025/155301,Abu Taher Khan,West Bengal,Investigate,Auditor,80.8,67,100% of funds spent but work not completed (same pattern as a confirmed CAG-audited case),reactive
WS/MP852/2024-2025/155265,Abu Taher Khan,West Bengal,Investigate,Auditor,80.8,67,100% of funds spent but work not completed (same pattern as a confirmed CAG-audited case),reactive
WS/MP852/2024-2025/155269,Abu Taher Khan,West Bengal,Investigate,Auditor,80.8,67,100% of funds spent but work not completed (same pattern as a confirmed CAG-audited case),reactive
WS/MP852/2024-2025/155292,Abu Taher Khan,West Bengal,Investigate,Auditor,80.8,67,100% of funds spent but work not completed (same pattern as a confirmed CAG-audited case),reactive
WS/MP852/2024-2025/155296,Abu Taher Khan,West Bengal,Investigate,Auditor,80.8,67,100% of funds spent but work not completed (same pattern as a confirmed CAG-audited case),reactive
WS/MP852/2024-2025/155297,Abu Taher Khan,West Bengal,Investigate,Auditor,80.8,67,100% of funds spent but work not completed (same pattern as a confirmed CAG-audited case),reactive
WS/MP852/2024-2025/155290,Abu Taher Khan,West Bengal,Investigate,Auditor,80.8,67,100% of funds spent but work not completed (same pattern as a confirmed CAG-audited case),reactive
WS/MP852/2024-2025/155294,Abu Taher Khan,West Bengal,Investigate,Auditor,80.8,67,100% of funds spent but work not completed (same pattern as a confirmed CAG-audited case),reactive
WS/MP852/2024-2025/155300,Abu Taher Khan,West Bengal,Investigate,Auditor,80.8,67,100% of funds spent but work not completed (same pattern as a confirmed CAG-audited case),reactive
WS/MP852/2024-2025/155298,Abu Taher Khan,West Bengal,Investigate,Auditor,80.8,67,100% of funds spent but work not completed (same pattern as a confirmed CAG-audited case),reactive
WS/MP852/2024-2025/155267,Abu Taher Khan,West Bengal,Investigate,Auditor,80.8,67,100% of funds spent but work not completed (same pattern as a confirmed CAG-audited case),reactive
WS/MP852/2024-2025/155268,Abu Taher Khan,West Bengal,Investigate,Auditor,80.8,67,100% of funds spent but work not completed (same pattern as a confirmed CAG-audited case),reactive
WS/MP18232/2024-2025/143923,HARENDRA SINGH MALIK,Uttar Pradesh,Review,District Authority,80.7,67,No payment record yet — vendor pattern unverified,reactive
WS/MP18227/2025-2026/151400,DAROGA PRASAD SAROJ,Uttar Pradesh,Investigate,Auditor,80.6,67,92% of funds spent but work not completed (same pattern as a confirmed CAG-audited case),reactive
WS/MP761/2024-2025/151799,Arvind Dharmapuri,Telangana,Inspect,District Authority,80.6,67,Marked completed but no photo evidence uploaded; No payment record yet — vendor pattern unverified,reactive
WS/MP18227/2025-2026/151420,DAROGA PRASAD SAROJ,Uttar Pradesh,Investigate,Auditor,80.6,67,92% of funds spent but work not completed (same pattern as a confirmed CAG-audited case),reactive
WS/MP18227/2025-2026/151397,DAROGA PRASAD SAROJ,Uttar Pradesh,Investigate,Auditor,80.6,67,92% of funds spent but work not completed (same pattern as a confirmed CAG-audited case),reactive
WS/MP18227/2025-2026/151399,DAROGA PRASAD SAROJ,Uttar Pradesh,Investigate,Auditor,80.6,67,92% of funds spent but work not completed (same pattern as a confirmed CAG-audited case),reactive
WS/MP18227/2025-2026/151398,DAROGA PRASAD SAROJ,Uttar Pradesh,Investigate,Auditor,80.6,67,92% of funds spent but work not completed (same pattern as a confirmed CAG-audited case),reactive
WS/MP598/2024-2025/146118,Suresh Kumar Kashyap,Himachal Pradesh,Investigate,Auditor,80.6,67,100% of funds spent but work not completed (same pattern as a confirmed CAG-audited case),reactive
WS/MP18227/2025-2026/151394,DAROGA PRASAD SAROJ,Uttar Pradesh,Investigate,Auditor,80.6,67,92% of funds spent but work not completed (same pattern as a confirmed CAG-audited case),reactive
WS/MP18227/2025-2026/151393,DAROGA PRASAD SAROJ,Uttar Pradesh,Investigate,Auditor,80.6,67,92% of funds spent but work not completed (same pattern as a confirmed CAG-audited case),reactive
WS/MP18227/2025-2026/151396,DAROGA PRASAD SAROJ,Uttar Pradesh,Investigate,Auditor,80.6,67,92% of funds spent but work not completed (same pattern as a confirmed CAG-audited case),reactive
WS/MP18227/2025-2026/151395,DAROGA PRASAD SAROJ,Uttar Pradesh,Investigate,Auditor,80.6,67,92% of funds spent but work not completed (same pattern as a confirmed CAG-audited case),reactive
WS/MP18227/2025-2026/151392,DAROGA PRASAD SAROJ,Uttar Pradesh,Investigate,Auditor,80.6,67,92% of funds spent but work not completed (same pattern as a confirmed CAG-audited case),reactive
WS/MP18227/2025-2026/151406,DAROGA PRASAD SAROJ,Uttar Pradesh,Investigate,Auditor,80.6,67,92% of funds spent but work not completed (same pattern as a confirmed CAG-audited case),reactive
WS/MP18227/2025-2026/151402,DAROGA PRASAD SAROJ,Uttar Pradesh,Investigate,Auditor,80.6,67,92% of funds spent but work not completed (same pattern as a confirmed CAG-audited case),reactive
WS/MP18227/2025-2026/151425,DAROGA PRASAD SAROJ,Uttar Pradesh,Investigate,Auditor,80.6,67,92% of funds spent but work not completed (same pattern as a confirmed CAG-audited case),reactive
WS/MP18227/2025-2026/151424,DAROGA PRASAD SAROJ,Uttar Pradesh,Investigate,Auditor,80.6,67,92% of funds spent but work not completed (same pattern as a confirmed CAG-audited case),reactive
WS/MP18227/2025-2026/151408,DAROGA PRASAD SAROJ,Uttar Pradesh,Investigate,Auditor,80.6,67,92% of funds spent but work not completed (same pattern as a confirmed CAG-audited case),reactive
WS/MP18227/2025-2026/151414,DAROGA PRASAD SAROJ,Uttar Pradesh,Investigate,Auditor,80.6,67,92% of funds spent but work not completed (same pattern as a confirmed CAG-audited case),reactive
WS/MP18227/2025-2026/151404,DAROGA PRASAD SAROJ,Uttar Pradesh,Investigate,Auditor,80.6,67,92% of funds spent but work not completed (same pattern as a confirmed CAG-audited case),reactive
WS/MP18227/2025-2026/151422,DAROGA PRASAD SAROJ,Uttar Pradesh,Investigate,Auditor,80.6,67,92% of funds spent but work not completed (same pattern as a confirmed CAG-audited case),reactive
WS/MP18265/2025-2026/151996,M.K. VISHNUPRASAD,Tamil Nadu,Review,District Authority,80.5,67,No payment record yet — vendor pattern unverified,reactive
WS/MP422/2025-2026/141663,Dileshwar Kamait,Bihar,Investigate,Auditor,80.3,67,100% of funds spent but work not completed (same pattern as a confirmed CAG-audited case),reactive
WS/MP722/2024-2025/153047,Dushyant Singh,Rajasthan,Review Estimate,District Authority,80.3,67,"Cost is unusually higher than comparable works (category-only baseline, z=4.6)",reactive
WS/MP18235/2024-2025/153242,MOHIBBULLAH,Uttar Pradesh,Inspect,District Authority,80.0,67,"Cost is unusually higher than comparable works (state+category baseline, z=3.3); Marked completed but no photo evidence uploaded; No payment record yet — vendor pattern unverified",reactive
WS/MP18247/2024-2025/145106,ARUP CHAKRABORTY,West Bengal,Investigate,Auditor,79.9,67,"100% of funds spent but work not completed (same pattern as a confirmed CAG-audited case); Cost is unusually higher than comparable works (state+category baseline, z=2.7)",reactive
WS/MP18056/2024-2025/141637,PARSHOTTAMBHAI RUPALA,Gujarat,Investigate,Auditor,79.8,67,"100% of funds spent but work not completed (same pattern as a confirmed CAG-audited case); Cost is unusually higher than comparable works (state+category baseline, z=2.6)",reactive
WS/MP18232/2024-2025/143910,HARENDRA SINGH MALIK,Uttar Pradesh,Review,District Authority,79.7,67,No payment record yet — vendor pattern unverified,reactive
WS/MP18109/2024-2025/150124,DR. RAJESH MISHRA,Madhya Pradesh,Inspect,District Authority,79.7,67,Marked completed but no photo evidence uploaded; No payment record yet — vendor pattern unverified,reactive
WS/MP761/2024-2025/146297,Arvind Dharmapuri,Telangana,Review,District Authority,79.6,67,No payment record yet — vendor pattern unverified,reactive
WS/MP598/2024-2025/155310,Suresh Kumar Kashyap,Himachal Pradesh,Investigate,Auditor,79.6,67,100% of funds spent but work not completed (same pattern as a confirmed CAG-audited case),reactive
WS/MP761/2024-2025/146265,Arvind Dharmapuri,Telangana,Review,District Authority,79.6,67,No payment record yet — vendor pattern unverified,reactive
WS/MP761/2024-2025/146279,Arvind Dharmapuri,Telangana,Review,District Authority,79.6,67,No payment record yet — vendor pattern unverified,reactive
WS/MP18253/2024-2025/139954,BAPI HALDAR,West Bengal,Review,District Authority,79.5,67,No payment record yet — vendor pattern unverified,reactive
WS/MP18248/2024-2025/150922,DR. SHARMILA SARKAR,West Bengal,Investigate,Auditor,79.5,67,90% of funds spent but work not completed (same pattern as a confirmed CAG-audited case),reactive
WS/MP18232/2024-2025/143909,HARENDRA SINGH MALIK,Uttar Pradesh,Review,District Authority,79.5,67,No payment record yet — vendor pattern unverified,reactive
WS/MP18232/2024-2025/143920,HARENDRA SINGH MALIK,Uttar Pradesh,Review,District Authority,79.5,67,No payment record yet — vendor pattern unverified,reactive
WS/MP18133/2025-2026/148571,SHRIMANT CHH UDAYANRAJE PRATAPSINHAMAHARAJ BHONSLE,Maharashtra,Investigate,Auditor,79.4,67,100% of funds spent but work not completed (same pattern as a confirmed CAG-audited case),reactive
WS/MP18133/2025-2026/148516,SHRIMANT CHH UDAYANRAJE PRATAPSINHAMAHARAJ BHONSLE,Maharashtra,Investigate,Auditor,79.4,67,100% of funds spent but work not completed (same pattern as a confirmed CAG-audited case),reactive
WS/MP577/2024-2025/133601,Jaswantsinh Sumanbhai Bhabhor,Gujarat,Investigate,Auditor,79.3,67,100% of funds spent but work not completed (same pattern as a confirmed CAG-audited case),reactive
WS/MP577/2024-2025/133588,Jaswantsinh Sumanbhai Bhabhor,Gujarat,Investigate,Auditor,79.3,67,100% of funds spent but work not completed (same pattern as a confirmed CAG-audited case),reactive
WS/MP577/2025-2026/133591,Jaswantsinh Sumanbhai Bhabhor,Gujarat,Investigate,Auditor,79.3,67,99% of funds spent but work not completed (same pattern as a confirmed CAG-audited case),reactive
WS/MP18338/2024-2025/153014,CHAMALA KIRAN KUMAR REDDY,Telangana,Inspect,District Authority,79.3,67,"Cost is unusually higher than comparable works (state+category baseline, z=3.1); Marked completed but no photo evidence uploaded; No payment record yet — vendor pattern unverified",reactive
WS/MP18234/2024-2025/154081,DR. S P SINGH,Uttar Pradesh,Investigate,Auditor,79.2,67,96% of funds spent but work not completed (same pattern as a confirmed CAG-audited case),reactive
WS/MP18277/2024-2025/154154,AZAD KIRTI JHA,West Bengal,Investigate,Auditor,79.0,67,100% of funds spent but work not completed (same pattern as a confirmed CAG-audited case),reactive
WS/MP18109/2025-2026/150116,DR. RAJESH MISHRA,Madhya Pradesh,Investigate,Auditor,79.0,67,100% of funds spent but work not completed (same pattern as a confirmed CAG-audited case),reactive
WS/MP394/2024-2025/136033,Shri vijayakumar Vasanth,Tamil Nadu,Investigate,Auditor,78.9,67,99% of funds spent but work not completed (same pattern as a confirmed CAG-audited case),reactive
WS/MP18133/2025-2026/148915,SHRIMANT CHH UDAYANRAJE PRATAPSINHAMAHARAJ BHONSLE,Maharashtra,Investigate,Auditor,78.9,67,100% of funds spent but work not completed (same pattern as a confirmed CAG-audited case),reactive
WS/MP18263/2025-2026/149961,KOTA SRINIVAS POOJARY,Karnataka,Investigate,Auditor,78.9,67,100% of funds spent but work not completed (same pattern as a confirmed CAG-audited case),reactive
WS/MP18062/2024-2025/154020,JAI PARKASH,Haryana,Investigate,Auditor,78.7,67,99% of funds spent but work not completed (same pattern as a confirmed CAG-audited case),reactive
WS/MP755/2026-2027/152826,Thalikkottai Rajuthevar Baalu,Tamil Nadu,Review Estimate,District Authority,78.6,67,"Cost is unusually higher than comparable works (state+category baseline, z=4.4)",reactive
WS/MP18277/2025-2026/149810,AZAD KIRTI JHA,West Bengal,Review Estimate,District Authority,78.5,67,"Cost is unusually higher than comparable works (state+category baseline, z=4.2)",reactive
WS/MP18133/2025-2026/148507,SHRIMANT CHH UDAYANRAJE PRATAPSINHAMAHARAJ BHONSLE,Maharashtra,Investigate,Auditor,78.4,67,99% of funds spent but work not completed (same pattern as a confirmed CAG-audited case),reactive
WS/MP18338/2024-2025/152448,CHAMALA KIRAN KUMAR REDDY,Telangana,Inspect,District Authority,78.4,67,Marked completed but no photo evidence uploaded; No payment record yet — vendor pattern unverified,reactive
WS/MP18338/2024-2025/152391,CHAMALA KIRAN KUMAR REDDY,Telangana,Inspect,District Authority,78.4,67,Marked completed but no photo evidence uploaded; No payment record yet — vendor pattern unverified,reactive
WS/MP632/2024-2025/134106,Anto Antony,Kerala,Investigate,Auditor,78.4,67,100% of funds spent but work not completed (same pattern as a confirmed CAG-audited case),reactive
WS/MP18112/2024-2025/136984,BALWANT BASWANT WANKHADE,Maharashtra,Investigate,Auditor,78.4,67,100% of funds spent but work not completed (same pattern as a confirmed CAG-audited case),reactive
WS/MP18338/2024-2025/152392,CHAMALA KIRAN KUMAR REDDY,Telangana,Inspect,District Authority,78.4,67,Marked completed but no photo evidence uploaded; No payment record yet — vendor pattern unverified,reactive
WS/MP18338/2024-2025/152449,CHAMALA KIRAN KUMAR REDDY,Telangana,Inspect,District Authority,78.4,67,Marked completed but no photo evidence uploaded; No payment record yet — vendor pattern unverified,reactive
WS/MP453/2025-2026/153906,Saptagiri Sankar Ulaka,Odisha,Investigate,Auditor,78.3,67,100% of funds spent but work not completed (same pattern as a confirmed CAG-audited case),reactive
WS/MP18104/2026-2027/154225,DARSHAN SINGH CHOUDHARY,Madhya Pradesh,Investigate,Auditor,78.1,67,90% of funds spent but work not completed (same pattern as a confirmed CAG-audited case),reactive
WS/MP18161/2024-2025/138107,SANJNA JATAV,Rajasthan,Investigate,Auditor,78.1,67,100% of funds spent but work not completed (same pattern as a confirmed CAG-audited case),reactive
WS/MP457/2024-2025/155339,D Ravikumar,Tamil Nadu,Investigate,Auditor,78.0,67,100% of funds spent but work not completed (same pattern as a confirmed CAG-audited case),reactive
WS/MP858/2025-2026/137761,Asit Kumar Mal,West Bengal,Investigate,Auditor,77.9,67,100% of funds spent but work not completed (same pattern as a confirmed CAG-audited case),reactive
WS/MP858/2025-2026/137764,Asit Kumar Mal,West Bengal,Investigate,Auditor,77.9,67,100% of funds spent but work not completed (same pattern as a confirmed CAG-audited case),reactive
WS/MP858/2025-2026/137763,Asit Kumar Mal,West Bengal,Investigate,Auditor,77.9,67,100% of funds spent but work not completed (same pattern as a confirmed CAG-audited case),reactive
WS/MP858/2025-2026/137762,Asit Kumar Mal,West Bengal,Investigate,Auditor,77.9,67,100% of funds spent but work not completed (same pattern as a confirmed CAG-audited case),reactive
WS/MP858/2025-2026/137402,Asit Kumar Mal,West Bengal,Investigate,Auditor,77.9,67,100% of funds spent but work not completed (same pattern as a confirmed CAG-audited case),reactive
WS/MP858/2025-2026/137765,Asit Kumar Mal,West Bengal,Investigate,Auditor,77.9,67,100% of funds spent but work not completed (same pattern as a confirmed CAG-audited case),reactive
WS/MP18109/2024-2025/150123,DR. RAJESH MISHRA,Madhya Pradesh,Inspect,District Authority,77.9,67,Marked completed but no photo evidence uploaded; No payment record yet — vendor pattern unverified,reactive
WS/MP858/2025-2026/137760,Asit Kumar Mal,West Bengal,Investigate,Auditor,77.9,67,100% of funds spent but work not completed (same pattern as a confirmed CAG-audited case),reactive
WS/MP18263/2025-2026/149964,KOTA SRINIVAS POOJARY,Karnataka,Investigate,Auditor,77.9,67,100% of funds spent but work not completed (same pattern as a confirmed CAG-audited case),reactive
WS/MP827/2024-2025/152397,Shatrughan Sinha,West Bengal,Review Estimate,District Authority,77.7,67,"Cost is unusually higher than comparable works (state+category baseline, z=4.1)",reactive
WS/MP18144/2024-2025/148135,MALVIKA DEVI,Odisha,Investigate,Auditor,77.6,67,100% of funds spent but work not completed (same pattern as a confirmed CAG-audited case),reactive
WS/MP18152/2024-2025/141161,SARABJEET SINGH KHALSA,Punjab,Investigate,Auditor,77.6,67,100% of funds spent but work not completed (same pattern as a confirmed CAG-audited case),reactive
WS/MP18277/2024-2025/154138,AZAD KIRTI JHA,West Bengal,Investigate,Auditor,77.5,67,100% of funds spent but work not completed (same pattern as a confirmed CAG-audited case),reactive
WS/MP758/2025-2026/149078,Smt S Jothimani,Tamil Nadu,Investigate,Auditor,77.4,67,100% of funds spent but work not completed (same pattern as a confirmed CAG-audited case),reactive
WS/MP577/2025-2026/133567,Jaswantsinh Sumanbhai Bhabhor,Gujarat,Investigate,Auditor,77.4,67,100% of funds spent but work not completed (same pattern as a confirmed CAG-audited case),reactive
WS/MP18112/2024-2025/136520,BALWANT BASWANT WANKHADE,Maharashtra,Inspect,District Authority,77.4,67,Marked completed but no photo evidence uploaded; No payment record yet — vendor pattern unverified,reactive
WS/MP423/2025-2026/138462,Shri Abhishek Banerjee,West Bengal,Investigate,Auditor,77.3,67,98% of funds spent but work not completed (same pattern as a confirmed CAG-audited case),reactive
WS/MP453/2024-2025/152907,Saptagiri Sankar Ulaka,Odisha,Investigate,Auditor,77.2,67,100% of funds spent but work not completed (same pattern as a confirmed CAG-audited case),reactive
WS/MP18144/2024-2025/141587,MALVIKA DEVI,Odisha,Investigate,Auditor,77.2,67,100% of funds spent but work not completed (same pattern as a confirmed CAG-audited case),reactive
WS/MP18144/2024-2025/148134,MALVIKA DEVI,Odisha,Investigate,Auditor,77.2,67,100% of funds spent but work not completed (same pattern as a confirmed CAG-audited case),reactive
WS/MP18144/2024-2025/148136,MALVIKA DEVI,Odisha,Investigate,Auditor,77.2,67,100% of funds spent but work not completed (same pattern as a confirmed CAG-audited case),reactive
WS/MP18006/2024-2025/141560,DAGGUMALLA PRASADA RAO,Andhra Pradesh,Review,District Authority,77.1,67,No payment record yet — vendor pattern unverified,reactive
WS/MP18006/2024-2025/139533,DAGGUMALLA PRASADA RAO,Andhra Pradesh,Review,District Authority,77.1,67,No payment record yet — vendor pattern unverified,reactive
WS/MP577/2025-2026/133579,Jaswantsinh Sumanbhai Bhabhor,Gujarat,Investigate,Auditor,77.0,67,100% of funds spent but work not completed (same pattern as a confirmed CAG-audited case),reactive
WS/MP598/2024-2025/151550,Suresh Kumar Kashyap,Himachal Pradesh,Investigate,Auditor,77.0,67,100% of funds spent but work not completed (same pattern as a confirmed CAG-audited case),reactive
WS/MP405/2025-2026/140142,Balashowry Vallabbhaneni,Andhra Pradesh,Investigate,Auditor,76.9,67,100% of funds spent but work not completed (same pattern as a confirmed CAG-audited case),reactive
WS/MP577/2025-2026/133551,Jaswantsinh Sumanbhai Bhabhor,Gujarat,Investigate,Auditor,76.9,67,100% of funds spent but work not completed (same pattern as a confirmed CAG-audited case),reactive
WS/MP405/2024-2025/140145,Balashowry Vallabbhaneni,Andhra Pradesh,Review Estimate,District Authority,76.8,67,"Cost is unusually higher than comparable works (state+category baseline, z=3.9)",reactive
WS/MP577/2025-2026/133569,Jaswantsinh Sumanbhai Bhabhor,Gujarat,Investigate,Auditor,76.8,67,100% of funds spent but work not completed (same pattern as a confirmed CAG-audited case),reactive
WS/MP577/2025-2026/133549,Jaswantsinh Sumanbhai Bhabhor,Gujarat,Investigate,Auditor,76.8,67,100% of funds spent but work not completed (same pattern as a confirmed CAG-audited case),reactive
WS/MP577/2024-2025/133597,Jaswantsinh Sumanbhai Bhabhor,Gujarat,Investigate,Auditor,76.7,67,100% of funds spent but work not completed (same pattern as a confirmed CAG-audited case),reactive
WS/MP577/2025-2026/133602,Jaswantsinh Sumanbhai Bhabhor,Gujarat,Investigate,Auditor,76.7,67,100% of funds spent but work not completed (same pattern as a confirmed CAG-audited case),reactive
WS/MP577/2024-2025/133584,Jaswantsinh Sumanbhai Bhabhor,Gujarat,Investigate,Auditor,76.7,67,100% of funds spent but work not completed (same pattern as a confirmed CAG-audited case),reactive
WS/MP577/2024-2025/133600,Jaswantsinh Sumanbhai Bhabhor,Gujarat,Investigate,Auditor,76.7,67,100% of funds spent but work not completed (same pattern as a confirmed CAG-audited case),reactive
WS/MP600/2024-2025/148047,Jitendra Singh,Jammu And Kashmir,Investigate,Auditor,76.7,67,100% of funds spent but work not completed (same pattern as a confirmed CAG-audited case),reactive
WS/MP18324/2025-2026/151097,BHARATBHAI MANUBHAI SUTARIYA,Gujarat,Investigate,Auditor,76.7,67,100% of funds spent but work not completed (same pattern as a confirmed CAG-audited case),reactive
WS/MP577/2024-2025/133585,Jaswantsinh Sumanbhai Bhabhor,Gujarat,Investigate,Auditor,76.6,67,100% of funds spent but work not completed (same pattern as a confirmed CAG-audited case),reactive
WS/MP577/2024-2025/138732,Jaswantsinh Sumanbhai Bhabhor,Gujarat,Investigate,Auditor,76.6,67,100% of funds spent but work not completed (same pattern as a confirmed CAG-audited case),reactive
WS/MP577/2025-2026/133565,Jaswantsinh Sumanbhai Bhabhor,Gujarat,Investigate,Auditor,76.6,67,100% of funds spent but work not completed (same pattern as a confirmed CAG-audited case),reactive
WS/MP405/2024-2025/149697,Balashowry Vallabbhaneni,Andhra Pradesh,Investigate,Auditor,76.5,67,100% of funds spent but work not completed (same pattern as a confirmed CAG-audited case),reactive
WS/MP405/2024-2025/149698,Balashowry Vallabbhaneni,Andhra Pradesh,Investigate,Auditor,76.5,67,100% of funds spent but work not completed (same pattern as a confirmed CAG-audited case),reactive
WS/MP422/2024-2025/141659,Dileshwar Kamait,Bihar,Inspect,District Authority,76.5,67,"Cost is unusually lower than comparable works (state+category baseline, z=-2.6); Marked completed but no photo evidence uploaded; No payment record yet — vendor pattern unverified",reactive
WS/MP422/2024-2025/141660,Dileshwar Kamait,Bihar,Inspect,District Authority,76.5,67,"Cost is unusually lower than comparable works (state+category baseline, z=-2.6); Marked completed but no photo evidence uploaded; No payment record yet — vendor pattern unverified",reactive
WS/MP422/2024-2025/141658,Dileshwar Kamait,Bihar,Inspect,District Authority,76.5,67,"Cost is unusually lower than comparable works (state+category baseline, z=-2.6); Marked completed but no photo evidence uploaded; No payment record yet — vendor pattern unverified",reactive
WS/MP422/2024-2025/141661,Dileshwar Kamait,Bihar,Inspect,District Authority,76.5,67,"Cost is unusually lower than comparable works (state+category baseline, z=-2.6); Marked completed but no photo evidence uploaded; No payment record yet — vendor pattern unverified",reactive
WS/MP600/2025-2026/148229,Jitendra Singh,Jammu And Kashmir,Investigate,Auditor,76.3,67,100% of funds spent but work not completed (same pattern as a confirmed CAG-audited case),reactive
WS/MP18277/2025-2026/150717,AZAD KIRTI JHA,West Bengal,Investigate,Auditor,76.3,67,99% of funds spent but work not completed (same pattern as a confirmed CAG-audited case),reactive
WS/MP852/2024-2025/154563,Abu Taher Khan,West Bengal,Investigate,Auditor,76.2,67,100% of funds spent but work not completed (same pattern as a confirmed CAG-audited case),reactive
WS/MP498/2024-2025/154362,Dr Sukanta Majumdar,West Bengal,Investigate,Auditor,76.2,67,100% of funds spent but work not completed (same pattern as a confirmed CAG-audited case),reactive
WS/MP498/2024-2025/154112,Dr Sukanta Majumdar,West Bengal,Investigate,Auditor,76.2,67,100% of funds spent but work not completed (same pattern as a confirmed CAG-audited case),reactive
WS/MP852/2024-2025/154562,Abu Taher Khan,West Bengal,Investigate,Auditor,76.2,67,100% of funds spent but work not completed (same pattern as a confirmed CAG-audited case),reactive
WS/MP18307/2025-2026/143606,Piyush Vedprakash Goyal,Maharashtra,Investigate,Auditor,76.2,67,100% of funds spent but work not completed (same pattern as a confirmed CAG-audited case),reactive
WS/MP18338/2025-2026/152007,CHAMALA KIRAN KUMAR REDDY,Telangana,Inspect,District Authority,76.1,67,Marked completed but no photo evidence uploaded; No payment record yet — vendor pattern unverified,reactive
WS/MP18338/2025-2026/152010,CHAMALA KIRAN KUMAR REDDY,Telangana,Inspect,District Authority,76.1,67,Marked completed but no photo evidence uploaded; No payment record yet — vendor pattern unverified,reactive
WS/MP18338/2025-2026/152011,CHAMALA KIRAN KUMAR REDDY,Telangana,Inspect,District Authority,76.1,67,Marked completed but no photo evidence uploaded; No payment record yet — vendor pattern unverified,reactive
WS/MP18338/2025-2026/152001,CHAMALA KIRAN KUMAR REDDY,Telangana,Inspect,District Authority,76.1,67,Marked completed but no photo evidence uploaded; No payment record yet — vendor pattern unverified,reactive
WS/MP18338/2025-2026/152006,CHAMALA KIRAN KUMAR REDDY,Telangana,Inspect,District Authority,76.1,67,Marked completed but no photo evidence uploaded; No payment record yet — vendor pattern unverified,reactive
WS/MP18112/2024-2025/145331,BALWANT BASWANT WANKHADE,Maharashtra,Investigate,Auditor,76.0,67,99% of funds spent but work not completed (same pattern as a confirmed CAG-audited case),reactive
WS/MP18308/2025-2026/145424,RAVINDRA DATTARAM WAIKAR,Maharashtra,Investigate,Auditor,76.0,67,100% of funds spent but work not completed (same pattern as a confirmed CAG-audited case),reactive
WS/MP18338/2024-2025/152464,CHAMALA KIRAN KUMAR REDDY,Telangana,Inspect,District Authority,75.9,67,Marked completed but no photo evidence uploaded; No payment record yet — vendor pattern unverified,reactive
WS/MP18338/2024-2025/152537,CHAMALA KIRAN KUMAR REDDY,Telangana,Inspect,District Authority,75.9,67,Marked completed but no photo evidence uploaded; No payment record yet — vendor pattern unverified,reactive
WS/MP18121/2024-2025/146636,SMITA UDAY WAGH,Maharashtra,Investigate,Auditor,75.9,67,100% of funds spent but work not completed (same pattern as a confirmed CAG-audited case),reactive
WS/MP18338/2024-2025/152411,CHAMALA KIRAN KUMAR REDDY,Telangana,Inspect,District Authority,75.9,67,Marked completed but no photo evidence uploaded; No payment record yet — vendor pattern unverified,reactive
WS/MP18133/2025-2026/148477,SHRIMANT CHH UDAYANRAJE PRATAPSINHAMAHARAJ BHONSLE,Maharashtra,Investigate,Auditor,75.9,67,99% of funds spent but work not completed (same pattern as a confirmed CAG-audited case),reactive
WS/MP18133/2025-2026/148559,SHRIMANT CHH UDAYANRAJE PRATAPSINHAMAHARAJ BHONSLE,Maharashtra,Investigate,Auditor,75.9,67,95% of funds spent but work not completed (same pattern as a confirmed CAG-audited case),reactive
WS/MP18338/2024-2025/152412,CHAMALA KIRAN KUMAR REDDY,Telangana,Inspect,District Authority,75.9,67,Marked completed but no photo evidence uploaded; No payment record yet — vendor pattern unverified,reactive
WS/MP18338/2024-2025/152413,CHAMALA KIRAN KUMAR REDDY,Telangana,Inspect,District Authority,75.9,67,Marked completed but no photo evidence uploaded; No payment record yet — vendor pattern unverified,reactive
WS/MP18338/2024-2025/152414,CHAMALA KIRAN KUMAR REDDY,Telangana,Inspect,District Authority,75.9,67,Marked completed but no photo evidence uploaded; No payment record yet — vendor pattern unverified,reactive
WS/MP18338/2024-2025/152415,CHAMALA KIRAN KUMAR REDDY,Telangana,Inspect,District Authority,75.9,67,Marked completed but no photo evidence uploaded; No payment record yet — vendor pattern unverified,reactive
WS/MP681/2025-2026/143978,Sanjay Haribhau Jadhav,Maharashtra,Investigate,Auditor,75.9,67,100% of funds spent but work not completed (same pattern as a confirmed CAG-audited case),reactive
WS/MP18307/2025-2026/143613,Piyush Vedprakash Goyal,Maharashtra,Investigate,Auditor,75.9,67,100% of funds spent but work not completed (same pattern as a confirmed CAG-audited case),reactive
WS/MP18155/2024-2025/141567,DR. RAJ KUMAR CHABBEWAL,Punjab,Investigate,Auditor,75.9,67,100% of funds spent but work not completed (same pattern as a confirmed CAG-audited case),reactive
WS/MP18338/2024-2025/152540,CHAMALA KIRAN KUMAR REDDY,Telangana,Inspect,District Authority,75.9,67,Marked completed but no photo evidence uploaded; No payment record yet — vendor pattern unverified,reactive
WS/MP18307/2025-2026/143610,Piyush Vedprakash Goyal,Maharashtra,Investigate,Auditor,75.9,67,100% of funds spent but work not completed (same pattern as a confirmed CAG-audited case),reactive
WS/MP582/2025-2026/147364,Prabhubhai Nagarbhai Vasava,Gujarat,Investigate,Auditor,75.6,67,100% of funds spent but work not completed (same pattern as a confirmed CAG-audited case),reactive
WS/MP632/2024-2025/142374,Anto Antony,Kerala,Investigate,Auditor,75.5,67,100% of funds spent but work not completed (same pattern as a confirmed CAG-audited case),reactive
WS/MP761/2025-2026/153965,Arvind Dharmapuri,Telangana,Investigate,Auditor,75.5,67,100% of funds spent but work not completed (same pattern as a confirmed CAG-audited case),reactive
WS/MP18186/2025-2026/149102,Sasikanth Senthil,Tamil Nadu,Investigate,Auditor,75.3,67,100% of funds spent but work not completed (same pattern as a confirmed CAG-audited case),reactive
WS/MP828/2024-2025/149717,Jagannath Sarkar,West Bengal,Investigate,Auditor,75.2,67,100% of funds spent but work not completed (same pattern as a confirmed CAG-audited case),reactive
WS/MP18019/2024-2025/146093,AMARSING TISSO,Assam,Inspect,District Authority,75.0,100,Marked completed but no photo evidence uploaded,reactive
WS/MP453/2025-2026/153908,Saptagiri Sankar Ulaka,Odisha,Investigate,Auditor,75.0,67,100% of funds spent but work not completed (same pattern as a confirmed CAG-audited case),reactive
WS/MP453/2025-2026/153915,Saptagiri Sankar Ulaka,Odisha,Investigate,Auditor,75.0,67,100% of funds spent but work not completed (same pattern as a confirmed CAG-audited case),reactive
WS/MP18019/2024-2025/137607,AMARSING TISSO,Assam,Inspect,District Authority,75.0,100,Marked completed but no photo evidence uploaded,reactive
WS/MP18248/2024-2025/150921,DR. SHARMILA SARKAR,West Bengal,Investigate,Auditor,75.0,67,99% of funds spent but work not completed (same pattern as a confirmed CAG-audited case),reactive
WS/MP18338/2024-2025/152465,CHAMALA KIRAN KUMAR REDDY,Telangana,Inspect,District Authority,75.0,67,Marked completed but no photo evidence uploaded; No payment record yet — vendor pattern unverified,reactive
WS/MP18019/2024-2025/137606,AMARSING TISSO,Assam,Inspect,District Authority,75.0,100,Marked completed but no photo evidence uploaded,reactive
WS/MP826/2024-2025/135547,Raju Bista,West Bengal,Review,District Authority,75.0,67,No payment record yet — vendor pattern unverified,reactive
WS/MP481/2025-2026/155306,Khalilur Rahaman,West Bengal,Investigate,Auditor,74.8,67,100% of funds spent but work not completed (same pattern as a confirmed CAG-audited case),reactive
WS/MP18265/2025-2026/151993,M.K. VISHNUPRASAD,Tamil Nadu,Investigate,Auditor,74.8,67,100% of funds spent but work not completed (same pattern as a confirmed CAG-audited case),reactive
WS/MP747/2025-2026/141752,Manickam Tagore B,Tamil Nadu,Investigate,Auditor,74.7,67,100% of funds spent but work not completed (same pattern as a confirmed CAG-audited case),reactive
WS/MP18112/2024-2025/136983,BALWANT BASWANT WANKHADE,Maharashtra,Investigate,Auditor,74.7,67,100% of funds spent but work not completed (same pattern as a confirmed CAG-audited case),reactive
WS/MP013/2024-2025/137237,Indra Hang Subba,Sikkim,Inspect,District Authority,74.7,67,Marked completed but no photo evidence uploaded; No payment record yet — vendor pattern unverified,reactive
WS/MP478/2024-2025/154217,Mala Rajya Laxmi Shah,Uttarakhand,Investigate,Auditor,74.7,67,100% of funds spent but work not completed (same pattern as a confirmed CAG-audited case),reactive
WS/MP740/2026-2027/140341,Andimuthu Raja,Tamil Nadu,Investigate,Auditor,74.7,67,100% of funds spent but work not completed (same pattern as a confirmed CAG-audited case),reactive
WS/MP600/2024-2025/148247,Jitendra Singh,Jammu And Kashmir,Investigate,Auditor,74.6,67,100% of funds spent but work not completed (same pattern as a confirmed CAG-audited case),reactive
WS/MP18006/2024-2025/141508,DAGGUMALLA PRASADA RAO,Andhra Pradesh,Review,District Authority,74.5,67,No payment record yet — vendor pattern unverified,reactive
WS/MP18277/2024-2025/154152,AZAD KIRTI JHA,West Bengal,Investigate,Auditor,74.4,67,100% of funds spent but work not completed (same pattern as a confirmed CAG-audited case),reactive
WS/MP582/2024-2025/145265,Prabhubhai Nagarbhai Vasava,Gujarat,Investigate,Auditor,74.4,67,100% of funds spent but work not completed (same pattern as a confirmed CAG-audited case),reactive
WS/MP18394/2024-2025/147466,V S Matheswaran,Tamil Nadu,Investigate,Auditor,74.3,67,100% of funds spent but work not completed (same pattern as a confirmed CAG-audited case),reactive
WS/MP18394/2024-2025/148069,V S Matheswaran,Tamil Nadu,Investigate,Auditor,74.3,67,100% of funds spent but work not completed (same pattern as a confirmed CAG-audited case),reactive
WS/MP458/2025-2026/150051,Kanimozhi Karunanidhi,Tamil Nadu,Investigate,Auditor,74.2,67,100% of funds spent but work not completed (same pattern as a confirmed CAG-audited case),reactive
WS/MP18109/2025-2026/150117,DR. RAJESH MISHRA,Madhya Pradesh,Investigate,Auditor,74.1,67,100% of funds spent but work not completed (same pattern as a confirmed CAG-audited case),reactive
WS/MP18188/2025-2026/149968,KONDA VISHWESHWAR REDDY,Telangana,Investigate,Auditor,74.0,67,98% of funds spent but work not completed (same pattern as a confirmed CAG-audited case),reactive
WS/MP600/2024-2025/148165,Jitendra Singh,Jammu And Kashmir,Investigate,Auditor,74.0,67,100% of funds spent but work not completed (same pattern as a confirmed CAG-audited case),reactive
WS/MP761/2024-2025/149808,Arvind Dharmapuri,Telangana,Inspect,District Authority,74.0,67,Marked completed but no photo evidence uploaded; No payment record yet — vendor pattern unverified,reactive
WS/MP18188/2025-2026/149967,KONDA VISHWESHWAR REDDY,Telangana,Investigate,Auditor,74.0,67,97% of funds spent but work not completed (same pattern as a confirmed CAG-audited case),reactive
WS/MP492/2024-2025/134981,Shri Arun Kumar Sagar,Uttar Pradesh,Inspect,District Authority,73.9,67,"Cost is unusually higher than comparable works (state+category baseline, z=3.0); Marked completed but no photo evidence uploaded; No payment record yet — vendor pattern unverified",reactive
WS/MP792/2024-2025/154172,Jai Prakash,Uttar Pradesh,Inspect,District Authority,73.8,67,Marked completed but no photo evidence uploaded; No payment record yet — vendor pattern unverified,reactive
WS/MP18321/2025-2026/152523,SHOBHANABEN MAHENDRASINH BARAIYA,Gujarat,Investigate,Auditor,73.8,67,100% of funds spent but work not completed (same pattern as a confirmed CAG-audited case),reactive
WS/MP740/2026-2027/140339,Andimuthu Raja,Tamil Nadu,Investigate,Auditor,73.8,67,100% of funds spent but work not completed (same pattern as a confirmed CAG-audited case),reactive
WS/MP18309/2024-2025/155216,SALENG A SANGMA,Meghalaya,Review Estimate,District Authority,73.8,67,"Cost is unusually higher than comparable works (category-only baseline, z=3.8)",reactive
WS/MP18321/2025-2026/145741,SHOBHANABEN MAHENDRASINH BARAIYA,Gujarat,Investigate,Auditor,73.8,67,100% of funds spent but work not completed (same pattern as a confirmed CAG-audited case),reactive
WS/MP524/2024-2025/151573,Midhun Reddy,Andhra Pradesh,Investigate,Auditor,73.7,67,99% of funds spent but work not completed (same pattern as a confirmed CAG-audited case),reactive
WS/MP18247/2024-2025/145080,ARUP CHAKRABORTY,West Bengal,Investigate,Auditor,73.6,67,100% of funds spent but work not completed (same pattern as a confirmed CAG-audited case),reactive
WS/MP18152/2024-2025/137638,SARABJEET SINGH KHALSA,Punjab,Inspect,District Authority,73.5,67,Marked completed but no photo evidence uploaded; No payment record yet — vendor pattern unverified,reactive
WS/MP18152/2024-2025/133696,SARABJEET SINGH KHALSA,Punjab,Inspect,District Authority,73.5,67,Marked completed but no photo evidence uploaded; No payment record yet — vendor pattern unverified,reactive
WS/MP18152/2024-2025/133699,SARABJEET SINGH KHALSA,Punjab,Inspect,District Authority,73.5,67,Marked completed but no photo evidence uploaded; No payment record yet — vendor pattern unverified,reactive
WS/MP18152/2024-2025/137639,SARABJEET SINGH KHALSA,Punjab,Inspect,District Authority,73.5,67,Marked completed but no photo evidence uploaded; No payment record yet — vendor pattern unverified,reactive
WS/MP18152/2024-2025/137634,SARABJEET SINGH KHALSA,Punjab,Inspect,District Authority,73.5,67,Marked completed but no photo evidence uploaded; No payment record yet — vendor pattern unverified,reactive
WS/MP18152/2024-2025/137632,SARABJEET SINGH KHALSA,Punjab,Inspect,District Authority,73.5,67,Marked completed but no photo evidence uploaded; No payment record yet — vendor pattern unverified,reactive
WS/MP18152/2024-2025/137636,SARABJEET SINGH KHALSA,Punjab,Inspect,District Authority,73.5,67,Marked completed but no photo evidence uploaded; No payment record yet — vendor pattern unverified,reactive
WS/MP18152/2024-2025/133702,SARABJEET SINGH KHALSA,Punjab,Inspect,District Authority,73.5,67,Marked completed but no photo evidence uploaded; No payment record yet — vendor pattern unverified,reactive
WS/MP18152/2024-2025/133701,SARABJEET SINGH KHALSA,Punjab,Inspect,District Authority,73.5,67,Marked completed but no photo evidence uploaded; No payment record yet — vendor pattern unverified,reactive
WS/MP18152/2024-2025/133703,SARABJEET SINGH KHALSA,Punjab,Inspect,District Authority,73.5,67,Marked completed but no photo evidence uploaded; No payment record yet — vendor pattern unverified,reactive
WS/MP526/2024-2025/147535,Y S Avinash Reddy,Andhra Pradesh,Investigate,Auditor,73.4,67,97% of funds spent but work not completed (same pattern as a confirmed CAG-audited case),reactive
WS/MP453/2024-2025/153974,Saptagiri Sankar Ulaka,Odisha,Investigate,Auditor,73.4,67,100% of funds spent but work not completed (same pattern as a confirmed CAG-audited case),reactive
WS/MP18049/2025-2026/152171,TOKHAN SAHU,Chhattisgarh,Investigate,Auditor,73.4,67,100% of funds spent but work not completed (same pattern as a confirmed CAG-audited case),reactive
WS/MP18152/2024-2025/137622,SARABJEET SINGH KHALSA,Punjab,Inspect,District Authority,73.3,67,Marked completed but no photo evidence uploaded; No payment record yet — vendor pattern unverified,reactive
WS/MP18323/2025-2026/146716,DR KALGE SHIVAJI BANDAPPA,Maharashtra,Investigate,Auditor,73.3,67,100% of funds spent but work not completed (same pattern as a confirmed CAG-audited case),reactive
WS/MP18176/2024-2025/139719,SACHITHANANTHAM R,Tamil Nadu,Investigate,Auditor,73.2,67,100% of funds spent but work not completed (same pattern as a confirmed CAG-audited case),reactive
WS/MP18019/2024-2025/137591,AMARSING TISSO,Assam,Inspect,District Authority,73.2,67,Marked completed but no photo evidence uploaded; No payment record yet — vendor pattern unverified,reactive
WS/MP351/2025-2026/141865,Shri Kumbakudi Sudhakaran,Kerala,Investigate,Auditor,73.2,67,99% of funds spent but work not completed (same pattern as a confirmed CAG-audited case),reactive
WS/MP485/2024-2025/154001,Pratima Mondal,West Bengal,Investigate,Auditor,73.0,67,100% of funds spent but work not completed (same pattern as a confirmed CAG-audited case),reactive
WS/MP18209/2025-2026/145439,CHANDAN CHAUHAN,Uttar Pradesh,Investigate,Auditor,73.0,67,100% of funds spent but work not completed (same pattern as a confirmed CAG-audited case),reactive
WS/MP351/2025-2026/141857,Shri Kumbakudi Sudhakaran,Kerala,Investigate,Auditor,73.0,67,98% of funds spent but work not completed (same pattern as a confirmed CAG-audited case),reactive
WS/MP691/2024-2025/140096,Smt Raksha Nikhil Khadse,Maharashtra,Review Estimate,District Authority,73.0,67,"Cost is unusually higher than comparable works (category-only baseline, z=3.6); No payment record yet — vendor pattern unverified",reactive
WS/MP18152/2024-2025/141888,SARABJEET SINGH KHALSA,Punjab,Review Estimate,District Authority,72.8,67,"Cost is unusually higher than comparable works (state+category baseline, z=3.6)",reactive
WS/MP394/2025-2026/136038,Shri vijayakumar Vasanth,Tamil Nadu,Investigate,Auditor,72.6,67,96% of funds spent but work not completed (same pattern as a confirmed CAG-audited case),reactive
WS/MP386/2024-2025/145033,Shri Hanuman Beniwal,Rajasthan,Inspect,District Authority,72.6,67,"Cost is unusually higher than comparable works (state+category baseline, z=2.8); Marked completed but no photo evidence uploaded; No payment record yet — vendor pattern unverified",reactive
WS/MP498/2024-2025/154845,Dr Sukanta Majumdar,West Bengal,Investigate,Auditor,72.5,67,100% of funds spent but work not completed (same pattern as a confirmed CAG-audited case),reactive
WS/MP498/2024-2025/154356,Dr Sukanta Majumdar,West Bengal,Investigate,Auditor,72.5,67,100% of funds spent but work not completed (same pattern as a confirmed CAG-audited case),reactive
WS/MP478/2025-2026/154205,Mala Rajya Laxmi Shah,Uttarakhand,Investigate,Auditor,72.2,67,100% of funds spent but work not completed (same pattern as a confirmed CAG-audited case),reactive
WS/MP18335/2024-2025/152926,RADHE SHYAM RATHIYA,Chhattisgarh,Inspect,District Authority,72.1,67,"Cost is unusually higher than comparable works (state+category baseline, z=2.8); Marked completed but no photo evidence uploaded; No payment record yet — vendor pattern unverified",reactive
WS/MP453/2025-2026/153905,Saptagiri Sankar Ulaka,Odisha,Investigate,Auditor,72.1,67,100% of funds spent but work not completed (same pattern as a confirmed CAG-audited case),reactive
WS/MP743/2025-2026/142801,Ganesan Selvam,Tamil Nadu,Investigate,Auditor,72.1,67,100% of funds spent but work not completed (same pattern as a confirmed CAG-audited case),reactive
WS/MP799/2024-2025/154648,Pankaj Chowdhary,Uttar Pradesh,Inspect,District Authority,72.1,67,"Cost is unusually higher than comparable works (state+category baseline, z=2.8); Marked completed but no photo evidence uploaded; No payment record yet — vendor pattern unverified",reactive
WS/MP18024/2025-2026/154705,GAURAV GOGOI,Assam,Investigate,Auditor,72.1,67,100% of funds spent but work not completed (same pattern as a confirmed CAG-audited case),reactive
WS/MP18023/2024-2025/140675,BIJULI KALITA MEDHI,Assam,Inspect,District Authority,72.1,67,"Cost is unusually higher than comparable works (state+category baseline, z=2.8); Marked completed but no photo evidence uploaded; No payment record yet — vendor pattern unverified",reactive
WS/MP18032/2024-2025/134038,SUDHAKAR SINGH,Bihar,Inspect,District Authority,72.1,67,"Cost is unusually higher than comparable works (state+category baseline, z=2.8); Marked completed but no photo evidence uploaded; No payment record yet — vendor pattern unverified",reactive
WS/MP313/2024-2025/138570,Shri Tapir Gao,Arunachal Pradesh,Inspect,District Authority,72.0,67,"Cost is unusually higher than comparable works (state+category baseline, z=2.7); Marked completed but no photo evidence uploaded; No payment record yet — vendor pattern unverified",reactive
WS/MP478/2025-2026/154248,Mala Rajya Laxmi Shah,Uttarakhand,Investigate,Auditor,72.0,67,100% of funds spent but work not completed (same pattern as a confirmed CAG-audited case),reactive
WS/MP18263/2025-2026/151980,KOTA SRINIVAS POOJARY,Karnataka,Investigate,Auditor,71.9,67,97% of funds spent but work not completed (same pattern as a confirmed CAG-audited case),reactive
WS/MP18062/2025-2026/154017,JAI PARKASH,Haryana,Investigate,Auditor,71.8,67,93% of funds spent but work not completed (same pattern as a confirmed CAG-audited case),reactive
WS/MP18104/2025-2026/154229,DARSHAN SINGH CHOUDHARY,Madhya Pradesh,Investigate,Auditor,71.7,67,100% of funds spent but work not completed (same pattern as a confirmed CAG-audited case),reactive
WS/MP18193/2025-2026/150343,EATALA RAJENDER,Telangana,Investigate,Auditor,71.6,67,100% of funds spent but work not completed (same pattern as a confirmed CAG-audited case),reactive
WS/MP18173/2024-2025/137922,THARANIVENTHAN M S,Tamil Nadu,Investigate,Auditor,71.6,67,100% of funds spent but work not completed (same pattern as a confirmed CAG-audited case),reactive
WS/MP18181/2025-2026/151263,ESWARASAMY K,Tamil Nadu,Investigate,Auditor,71.4,67,100% of funds spent but work not completed (same pattern as a confirmed CAG-audited case),reactive
WS/MP453/2024-2025/152808,Saptagiri Sankar Ulaka,Odisha,Investigate,Auditor,71.4,67,100% of funds spent but work not completed (same pattern as a confirmed CAG-audited case),reactive
WS/MP313/2024-2025/140978,Shri Tapir Gao,Arunachal Pradesh,Inspect,District Authority,71.3,67,Marked completed but no photo evidence uploaded; No payment record yet — vendor pattern unverified,reactive
WS/MP18181/2025-2026/151264,ESWARASAMY K,Tamil Nadu,Investigate,Auditor,71.3,67,100% of funds spent but work not completed (same pattern as a confirmed CAG-audited case),reactive
WS/MP710/2024-2025/152568,Vaithilingam Ve,Puducherry,Inspect,District Authority,71.3,67,Marked completed but no photo evidence uploaded; No payment record yet — vendor pattern unverified,reactive
WS/MP18201/2024-2025/141045,NEERAJ MAURYA,Uttar Pradesh,Review Estimate,District Authority,71.2,67,"Cost is unusually higher than comparable works (state+category baseline, z=31.2); No payment record yet — vendor pattern unverified",reactive
WS/MP524/2024-2025/147047,Midhun Reddy,Andhra Pradesh,Investigate,Auditor,71.2,67,100% of funds spent but work not completed (same pattern as a confirmed CAG-audited case),reactive
WS/MP761/2024-2025/149007,Arvind Dharmapuri,Telangana,Inspect,District Authority,71.2,67,Marked completed but no photo evidence uploaded; No payment record yet — vendor pattern unverified,reactive
WS/MP18338/2024-2025/153026,CHAMALA KIRAN KUMAR REDDY,Telangana,Inspect,District Authority,71.1,67,"Cost is unusually higher than comparable works (state+category baseline, z=2.6); Marked completed but no photo evidence uploaded; No payment record yet — vendor pattern unverified",reactive
WS/MP243/2025-2026/141110,Kakoli Ghosh Dastidar,West Bengal,Review Estimate,District Authority,71.1,67,"Cost is unusually higher than comparable works (state+category baseline, z=3.4)",reactive
WS/MP485/2025-2026/155317,Pratima Mondal,West Bengal,Investigate,Auditor,71.0,67,95% of funds spent but work not completed (same pattern as a confirmed CAG-audited case),reactive
WS/MP826/2024-2025/135812,Raju Bista,West Bengal,Investigate,Auditor,71.0,67,100% of funds spent but work not completed (same pattern as a confirmed CAG-audited case),reactive
WS/MP485/2024-2025/153991,Pratima Mondal,West Bengal,Investigate,Auditor,71.0,67,97% of funds spent but work not completed (same pattern as a confirmed CAG-audited case),reactive
WS/MP18327/2025-2026/137670,PRANITI SUSHILKUMAR SHINDE,Maharashtra,Investigate,Auditor,71.0,67,100% of funds spent but work not completed (same pattern as a confirmed CAG-audited case),reactive
WS/MP18248/2024-2025/151513,DR. SHARMILA SARKAR,West Bengal,Investigate,Auditor,71.0,67,100% of funds spent but work not completed (same pattern as a confirmed CAG-audited case),reactive
WS/MP620/2024-2025/133309,Pralhad Venkatesh Joshi,Karnataka,Investigate,Auditor,71.0,67,100% of funds spent but work not completed (same pattern as a confirmed CAG-audited case),reactive
WS/MP18338/2024-2025/152461,CHAMALA KIRAN KUMAR REDDY,Telangana,Inspect,District Authority,70.9,67,Marked completed but no photo evidence uploaded; No payment record yet — vendor pattern unverified,reactive
WS/MP18338/2024-2025/152394,CHAMALA KIRAN KUMAR REDDY,Telangana,Inspect,District Authority,70.9,67,Marked completed but no photo evidence uploaded; No payment record yet — vendor pattern unverified,reactive
WS/MP18338/2024-2025/152467,CHAMALA KIRAN KUMAR REDDY,Telangana,Inspect,District Authority,70.9,67,Marked completed but no photo evidence uploaded; No payment record yet — vendor pattern unverified,reactive
WS/MP18338/2024-2025/152395,CHAMALA KIRAN KUMAR REDDY,Telangana,Inspect,District Authority,70.9,67,Marked completed but no photo evidence uploaded; No payment record yet — vendor pattern unverified,reactive
WS/MP18338/2024-2025/152457,CHAMALA KIRAN KUMAR REDDY,Telangana,Inspect,District Authority,70.9,67,Marked completed but no photo evidence uploaded; No payment record yet — vendor pattern unverified,reactive
WS/MP18338/2024-2025/152398,CHAMALA KIRAN KUMAR REDDY,Telangana,Inspect,District Authority,70.9,67,Marked completed but no photo evidence uploaded; No payment record yet — vendor pattern unverified,reactive
WS/MP18338/2024-2025/152466,CHAMALA KIRAN KUMAR REDDY,Telangana,Inspect,District Authority,70.9,67,Marked completed but no photo evidence uploaded; No payment record yet — vendor pattern unverified,reactive
WS/MP18338/2024-2025/152551,CHAMALA KIRAN KUMAR REDDY,Telangana,Inspect,District Authority,70.9,67,Marked completed but no photo evidence uploaded; No payment record yet — vendor pattern unverified,reactive
WS/MP013/2024-2025/151026,Indra Hang Subba,Sikkim,Inspect,District Authority,70.9,67,Marked completed but no photo evidence uploaded; No payment record yet — vendor pattern unverified,reactive
WS/MP013/2024-2025/136719,Indra Hang Subba,Sikkim,Inspect,District Authority,70.8,67,Marked completed but no photo evidence uploaded; No payment record yet — vendor pattern unverified,reactive
WS/MP18049/2025-2026/152174,TOKHAN SAHU,Chhattisgarh,Investigate,Auditor,70.8,67,100% of funds spent but work not completed (same pattern as a confirmed CAG-audited case),reactive
WS/MP761/2024-2025/155283,Arvind Dharmapuri,Telangana,Inspect,District Authority,70.7,67,Marked completed but no photo evidence uploaded; No payment record yet — vendor pattern unverified,reactive
WS/MP18024/2025-2026/154710,GAURAV GOGOI,Assam,Investigate,Auditor,70.6,67,99% of funds spent but work not completed (same pattern as a confirmed CAG-audited case),reactive
WS/MP492/2024-2025/134984,Shri Arun Kumar Sagar,Uttar Pradesh,Review Estimate,District Authority,70.6,67,"Cost is unusually higher than comparable works (state+category baseline, z=28.5); No payment record yet — vendor pattern unverified",reactive
WS/MP353/2024-2025/143936,Adv Dean Kuriakose,Kerala,Investigate,Auditor,70.6,67,100% of funds spent but work not completed (same pattern as a confirmed CAG-audited case),reactive
WS/MP479/2024-2025/138671,Saumitra khan,West Bengal,Investigate,Auditor,70.5,67,100% of funds spent but work not completed (same pattern as a confirmed CAG-audited case),reactive
WS/MP443/2024-2025/138721,Rodmal Nagar,Madhya Pradesh,Review Estimate,District Authority,70.5,67,"Cost is unusually higher than comparable works (state+category baseline, z=10.9); No payment record yet — vendor pattern unverified",reactive
WS/MP453/2024-2025/154133,Saptagiri Sankar Ulaka,Odisha,Investigate,Auditor,70.4,67,100% of funds spent but work not completed (same pattern as a confirmed CAG-audited case),reactive
WS/MP18019/2024-2025/146092,AMARSING TISSO,Assam,Inspect,District Authority,70.4,67,Marked completed but no photo evidence uploaded; No payment record yet — vendor pattern unverified,reactive
WS/MP740/2026-2027/140334,Andimuthu Raja,Tamil Nadu,Investigate,Auditor,70.2,67,100% of funds spent but work not completed (same pattern as a confirmed CAG-audited case),reactive
WS/MP18112/2024-2025/136522,BALWANT BASWANT WANKHADE,Maharashtra,Inspect,District Authority,70.2,67,Marked completed but no photo evidence uploaded; No payment record yet — vendor pattern unverified,reactive
WS/MP243/2025-2026/141109,Kakoli Ghosh Dastidar,West Bengal,Review Estimate,District Authority,70.2,67,"Cost is unusually higher than comparable works (state+category baseline, z=13.1); No payment record yet — vendor pattern unverified",reactive
WS/MP799/2024-2025/154649,Pankaj Chowdhary,Uttar Pradesh,Inspect,District Authority,70.1,67,Marked completed but no photo evidence uploaded; No payment record yet — vendor pattern unverified,reactive
WS/MP18217/2024-2025/136140,AKSHAYA YADAV,Uttar Pradesh,Review Estimate,District Authority,70.1,67,"Cost is unusually higher than comparable works (state+category baseline, z=11.8); No payment record yet — vendor pattern unverified",reactive
WS/MP18109/2024-2025/150125,DR. RAJESH MISHRA,Madhya Pradesh,Inspect,District Authority,70.1,67,Marked completed but no photo evidence uploaded; No payment record yet — vendor pattern unverified,reactive
WS/MP18272/2025-2026/153287,KALIPADA SAREN,West Bengal,Investigate,Auditor,70.1,67,100% of funds spent but work not completed (same pattern as a confirmed CAG-audited case),reactive
WS/MP18227/2024-2025/148293,DAROGA PRASAD SAROJ,Uttar Pradesh,Investigate,Auditor,70.1,67,100% of funds spent but work not completed (same pattern as a confirmed CAG-audited case),reactive
WS/MP18265/2025-2026/155174,M.K. VISHNUPRASAD,Tamil Nadu,Investigate,Auditor,70.0,67,100% of funds spent but work not completed (same pattern as a confirmed CAG-audited case),reactive
WS/MP18175/2024-2025/149209,MANI. A.,Tamil Nadu,Investigate,Auditor,69.9,67,100% of funds spent but work not completed (same pattern as a confirmed CAG-audited case),reactive
WS/MP18175/2024-2025/149219,MANI. A.,Tamil Nadu,Investigate,Auditor,69.9,67,100% of funds spent but work not completed (same pattern as a confirmed CAG-audited case),reactive
WS/MP858/2024-2025/139546,Asit Kumar Mal,West Bengal,Review Estimate,District Authority,69.9,67,"Cost is unusually higher than comparable works (state+category baseline, z=10.3); No payment record yet — vendor pattern unverified",reactive
WS/MP600/2024-2025/148172,Jitendra Singh,Jammu And Kashmir,Investigate,Auditor,69.8,67,100% of funds spent but work not completed (same pattern as a confirmed CAG-audited case),reactive
WS/MP453/2024-2025/154002,Saptagiri Sankar Ulaka,Odisha,Investigate,Auditor,69.8,67,100% of funds spent but work not completed (same pattern as a confirmed CAG-audited case),reactive
WS/MP18024/2025-2026/153997,GAURAV GOGOI,Assam,Investigate,Auditor,69.8,67,100% of funds spent but work not completed (same pattern as a confirmed CAG-audited case),reactive
WS/MP743/2024-2025/142090,Ganesan Selvam,Tamil Nadu,Investigate,Auditor,69.8,67,100% of funds spent but work not completed (same pattern as a confirmed CAG-audited case),reactive
WS/MP740/2025-2026/140338,Andimuthu Raja,Tamil Nadu,Investigate,Auditor,69.6,67,100% of funds spent but work not completed (same pattern as a confirmed CAG-audited case),reactive
WS/MP18152/2024-2025/141225,SARABJEET SINGH KHALSA,Punjab,Inspect,District Authority,69.6,67,Marked completed but no photo evidence uploaded; No payment record yet — vendor pattern unverified,reactive
WS/MP18353/2024-2025/138633,RACHNA BANERJEE,West Bengal,Investigate,Auditor,69.6,67,100% of funds spent but work not completed (same pattern as a confirmed CAG-audited case),reactive
WS/MP18065/2025-2026/135808,DEEPENDER SINGH HOODA,Haryana,Investigate,Auditor,69.6,67,100% of funds spent but work not completed (same pattern as a confirmed CAG-audited case),reactive
WS/MP405/2024-2025/140143,Balashowry Vallabbhaneni,Andhra Pradesh,Investigate,Auditor,69.5,67,100% of funds spent but work not completed (same pattern as a confirmed CAG-audited case),reactive
WS/MP18144/2024-2025/141594,MALVIKA DEVI,Odisha,Inspect,District Authority,69.5,67,Marked completed but no photo evidence uploaded; No payment record yet — vendor pattern unverified,reactive
WS/MP18312/2025-2026/154883,DURAI VAIKO,Tamil Nadu,Investigate,Auditor,69.5,67,100% of funds spent but work not completed (same pattern as a confirmed CAG-audited case),reactive
WS/MP18023/2024-2025/140680,BIJULI KALITA MEDHI,Assam,Inspect,District Authority,69.5,67,Marked completed but no photo evidence uploaded; No payment record yet — vendor pattern unverified,reactive
WS/MP18181/2026-2027/151265,ESWARASAMY K,Tamil Nadu,Investigate,Auditor,69.5,67,100% of funds spent but work not completed (same pattern as a confirmed CAG-audited case),reactive
WS/MP370/2024-2025/145539,Shri Jual Oram,Odisha,Investigate,Auditor,69.4,67,100% of funds spent but work not completed (same pattern as a confirmed CAG-audited case),reactive
WS/MP18009/2024-2025/152617,B K PARTHASARATHI,Andhra Pradesh,Investigate,Auditor,69.4,67,100% of funds spent but work not completed (same pattern as a confirmed CAG-audited case),reactive
WS/MP18112/2025-2026/144100,BALWANT BASWANT WANKHADE,Maharashtra,Investigate,Auditor,69.3,67,99% of funds spent but work not completed (same pattern as a confirmed CAG-audited case),reactive
WS/MP508/2024-2025/137468,CN Annadurai,Tamil Nadu,Inspect,District Authority,69.3,67,Marked completed but no photo evidence uploaded; No payment record yet — vendor pattern unverified,reactive
WS/MP18210/2024-2025/154376,VIRENDRA SINGH,Uttar Pradesh,Review Estimate,District Authority,69.3,67,"Cost is unusually higher than comparable works (state+category baseline, z=9.8); No payment record yet — vendor pattern unverified",reactive
WS/MP526/2025-2026/146057,Y S Avinash Reddy,Andhra Pradesh,Investigate,Auditor,69.2,67,91% of funds spent but work not completed (same pattern as a confirmed CAG-audited case),reactive
WS/MP18353/2024-2025/143552,RACHNA BANERJEE,West Bengal,Investigate,Auditor,69.2,67,91% of funds spent but work not completed (same pattern as a confirmed CAG-audited case),reactive
WS/MP18338/2024-2025/148628,CHAMALA KIRAN KUMAR REDDY,Telangana,Inspect,District Authority,69.2,67,Marked completed but no photo evidence uploaded; No payment record yet — vendor pattern unverified,reactive
WS/MP017/2024-2025/143500,S. Jagathrakshakan,Tamil Nadu,Inspect,District Authority,69.2,67,Marked completed but no photo evidence uploaded; No payment record yet — vendor pattern unverified,reactive
WS/MP18391/2024-2025/140306,S SUPONGMEREN JAMIR,Nagaland,Inspect,District Authority,69.2,67,Marked completed but no photo evidence uploaded; No payment record yet — vendor pattern unverified,reactive
WS/MP799/2024-2025/154638,Pankaj Chowdhary,Uttar Pradesh,Inspect,District Authority,69.1,67,Marked completed but no photo evidence uploaded; No payment record yet — vendor pattern unverified,reactive
WS/MP18252/2024-2025/151041,ADHIKARI SOUMENDU,West Bengal,Inspect,District Authority,69.1,67,Marked completed but no photo evidence uploaded; No payment record yet — vendor pattern unverified,reactive
WS/MP18252/2024-2025/151039,ADHIKARI SOUMENDU,West Bengal,Inspect,District Authority,69.1,67,Marked completed but no photo evidence uploaded; No payment record yet — vendor pattern unverified,reactive
WS/MP18252/2024-2025/151040,ADHIKARI SOUMENDU,West Bengal,Inspect,District Authority,69.1,67,Marked completed but no photo evidence uploaded; No payment record yet — vendor pattern unverified,reactive
WS/MP18277/2024-2025/154141,AZAD KIRTI JHA,West Bengal,Investigate,Auditor,69.0,67,100% of funds spent but work not completed (same pattern as a confirmed CAG-audited case),reactive
WS/MP643/2026-2027/146359,Gyaneshwar Patil,Madhya Pradesh,Investigate,Auditor,69.0,67,100% of funds spent but work not completed (same pattern as a confirmed CAG-audited case),reactive
WS/MP727/2024-2025/153496,Om Birla,Rajasthan,Investigate,Auditor,69.0,67,99% of funds spent but work not completed (same pattern as a confirmed CAG-audited case),reactive
WS/MP18024/2025-2026/153996,GAURAV GOGOI,Assam,Investigate,Auditor,69.0,67,100% of funds spent but work not completed (same pattern as a confirmed CAG-audited case),reactive
WS/MP386/2024-2025/142492,Shri Hanuman Beniwal,Rajasthan,Inspect,District Authority,68.9,67,Marked completed but no photo evidence uploaded; No payment record yet — vendor pattern unverified,reactive
WS/MP18138/2024-2025/143742,RICHARD VANLALHMANGAIHA,Mizoram,Inspect,District Authority,68.8,67,Marked completed but no photo evidence uploaded; No payment record yet — vendor pattern unverified,reactive
WS/MP18138/2024-2025/148106,RICHARD VANLALHMANGAIHA,Mizoram,Inspect,District Authority,68.8,67,Marked completed but no photo evidence uploaded; No payment record yet — vendor pattern unverified,reactive
WS/MP799/2024-2025/154646,Pankaj Chowdhary,Uttar Pradesh,Inspect,District Authority,68.8,67,Marked completed but no photo evidence uploaded; No payment record yet — vendor pattern unverified,reactive
WS/MP18138/2024-2025/148104,RICHARD VANLALHMANGAIHA,Mizoram,Inspect,District Authority,68.8,67,Marked completed but no photo evidence uploaded; No payment record yet — vendor pattern unverified,reactive
WS/MP18138/2024-2025/148809,RICHARD VANLALHMANGAIHA,Mizoram,Inspect,District Authority,68.8,67,Marked completed but no photo evidence uploaded; No payment record yet — vendor pattern unverified,reactive
WS/MP18152/2024-2025/133700,SARABJEET SINGH KHALSA,Punjab,Inspect,District Authority,68.8,67,Marked completed but no photo evidence uploaded; No payment record yet — vendor pattern unverified,reactive
WS/MP758/2025-2026/149076,Smt S Jothimani,Tamil Nadu,Investigate,Auditor,68.8,67,100% of funds spent but work not completed (same pattern as a confirmed CAG-audited case),reactive
WS/MP18138/2024-2025/148792,RICHARD VANLALHMANGAIHA,Mizoram,Inspect,District Authority,68.8,67,Marked completed but no photo evidence uploaded; No payment record yet — vendor pattern unverified,reactive
WS/MP356/2025-2026/140605,Shri Sudheer Gupta,Madhya Pradesh,Investigate,Auditor,68.8,67,100% of funds spent but work not completed (same pattern as a confirmed CAG-audited case),reactive
WS/MP18277/2025-2026/154146,AZAD KIRTI JHA,West Bengal,Investigate,Auditor,68.8,67,98% of funds spent but work not completed (same pattern as a confirmed CAG-audited case),reactive
WS/MP18138/2024-2025/148108,RICHARD VANLALHMANGAIHA,Mizoram,Inspect,District Authority,68.8,67,Marked completed but no photo evidence uploaded; No payment record yet — vendor pattern unverified,reactive
WS/MP18138/2024-2025/148105,RICHARD VANLALHMANGAIHA,Mizoram,Inspect,District Authority,68.8,67,Marked completed but no photo evidence uploaded; No payment record yet — vendor pattern unverified,reactive
WS/MP18064/2025-2026/150859,NAVEEN JINDAL,Haryana,Investigate,Auditor,68.8,67,100% of funds spent but work not completed (same pattern as a confirmed CAG-audited case),reactive
WS/MP18138/2024-2025/148109,RICHARD VANLALHMANGAIHA,Mizoram,Inspect,District Authority,68.8,67,Marked completed but no photo evidence uploaded; No payment record yet — vendor pattern unverified,reactive
WS/MP18323/2025-2026/146867,DR KALGE SHIVAJI BANDAPPA,Maharashtra,Investigate,Auditor,68.7,67,100% of funds spent but work not completed (same pattern as a confirmed CAG-audited case),reactive
WS/MP826/2024-2025/135564,Raju Bista,West Bengal,Investigate,Auditor,68.6,67,100% of funds spent but work not completed (same pattern as a confirmed CAG-audited case),reactive
WS/MP18006/2024-2025/141549,DAGGUMALLA PRASADA RAO,Andhra Pradesh,Investigate,Auditor,68.6,67,96% of funds spent but work not completed (same pattern as a confirmed CAG-audited case),reactive
WS/MP823/2024-2025/139556,Ms Mahua Moitra,West Bengal,Investigate,Auditor,68.5,67,100% of funds spent but work not completed (same pattern as a confirmed CAG-audited case),reactive
WS/MP823/2025-2026/152968,Ms Mahua Moitra,West Bengal,Investigate,Auditor,68.5,67,100% of funds spent but work not completed (same pattern as a confirmed CAG-audited case),reactive
WS/MP18353/2025-2026/138637,RACHNA BANERJEE,West Bengal,Investigate,Auditor,68.4,67,100% of funds spent but work not completed (same pattern as a confirmed CAG-audited case),reactive
WS/MP18265/2025-2026/152008,M.K. VISHNUPRASAD,Tamil Nadu,Investigate,Auditor,68.3,67,100% of funds spent but work not completed (same pattern as a confirmed CAG-audited case),reactive
WS/MP18133/2025-2026/148566,SHRIMANT CHH UDAYANRAJE PRATAPSINHAMAHARAJ BHONSLE,Maharashtra,Investigate,Auditor,68.3,67,100% of funds spent but work not completed (same pattern as a confirmed CAG-audited case),reactive
WS/MP18133/2025-2026/148457,SHRIMANT CHH UDAYANRAJE PRATAPSINHAMAHARAJ BHONSLE,Maharashtra,Investigate,Auditor,68.3,67,100% of funds spent but work not completed (same pattern as a confirmed CAG-audited case),reactive
WS/MP18323/2026-2027/144117,DR KALGE SHIVAJI BANDAPPA,Maharashtra,Investigate,Auditor,68.3,67,100% of funds spent but work not completed (same pattern as a confirmed CAG-audited case),reactive
WS/MP18323/2026-2027/144111,DR KALGE SHIVAJI BANDAPPA,Maharashtra,Investigate,Auditor,68.3,67,100% of funds spent but work not completed (same pattern as a confirmed CAG-audited case),reactive
WS/MP18138/2024-2025/148126,RICHARD VANLALHMANGAIHA,Mizoram,Inspect,District Authority,68.3,67,Marked completed but no photo evidence uploaded; No payment record yet — vendor pattern unverified,reactive
WS/MP681/2024-2025/143809,Sanjay Haribhau Jadhav,Maharashtra,Investigate,Auditor,68.2,67,100% of funds spent but work not completed (same pattern as a confirmed CAG-audited case),reactive
WS/MP727/2024-2025/140495,Om Birla,Rajasthan,Investigate,Auditor,68.2,67,100% of funds spent but work not completed (same pattern as a confirmed CAG-audited case),reactive
WS/MP18205/2024-2025/148363,SANATAN PANDEY,Uttar Pradesh,Investigate,Auditor,68.1,67,100% of funds spent but work not completed (same pattern as a confirmed CAG-audited case); 41 works share identical description+amount under this MP/constituency — review for duplicate billing (may be legitimate bulk procurement),reactive
WS/MP386/2024-2025/144971,Shri Hanuman Beniwal,Rajasthan,Inspect,District Authority,68.1,67,Marked completed but no photo evidence uploaded; No payment record yet — vendor pattern unverified,reactive
WS/MP761/2024-2025/144972,Arvind Dharmapuri,Telangana,Inspect,District Authority,68.1,67,Marked completed but no photo evidence uploaded; No payment record yet — vendor pattern unverified,reactive
WS/MP18265/2025-2026/152004,M.K. VISHNUPRASAD,Tamil Nadu,Investigate,Auditor,68.1,67,100% of funds spent but work not completed (same pattern as a confirmed CAG-audited case),reactive
WS/MP18312/2025-2026/154885,DURAI VAIKO,Tamil Nadu,Investigate,Auditor,68.1,67,100% of funds spent but work not completed (same pattern as a confirmed CAG-audited case),reactive
WS/MP18019/2024-2025/137587,AMARSING TISSO,Assam,Inspect,District Authority,68.1,67,Marked completed but no photo evidence uploaded; No payment record yet — vendor pattern unverified,reactive
WS/MP18263/2025-2026/149672,KOTA SRINIVAS POOJARY,Karnataka,Investigate,Auditor,68.0,67,100% of funds spent but work not completed (same pattern as a confirmed CAG-audited case),reactive
WS/MP18253/2024-2025/139952,BAPI HALDAR,West Bengal,Investigate,Auditor,68.0,67,100% of funds spent but work not completed (same pattern as a confirmed CAG-audited case),reactive
WS/MP526/2025-2026/154784,Y S Avinash Reddy,Andhra Pradesh,Investigate,Auditor,68.0,67,100% of funds spent but work not completed (same pattern as a confirmed CAG-audited case),reactive
WS/MP457/2024-2025/149287,D Ravikumar,Tamil Nadu,Investigate,Auditor,68.0,67,100% of funds spent but work not completed (same pattern as a confirmed CAG-audited case),reactive
WS/MP18265/2025-2026/152005,M.K. VISHNUPRASAD,Tamil Nadu,Investigate,Auditor,68.0,67,100% of funds spent but work not completed (same pattern as a confirmed CAG-audited case),reactive
WS/MP498/2024-2025/154363,Dr Sukanta Majumdar,West Bengal,Investigate,Auditor,68.0,67,100% of funds spent but work not completed (same pattern as a confirmed CAG-audited case),reactive
WS/MP18152/2024-2025/137615,SARABJEET SINGH KHALSA,Punjab,Investigate,Auditor,67.9,67,100% of funds spent but work not completed (same pattern as a confirmed CAG-audited case),reactive
WS/MP351/2025-2026/141849,Shri Kumbakudi Sudhakaran,Kerala,Investigate,Auditor,67.9,67,96% of funds spent but work not completed (same pattern as a confirmed CAG-audited case),reactive
WS/MP18324/2025-2026/151157,BHARATBHAI MANUBHAI SUTARIYA,Gujarat,Investigate,Auditor,67.9,67,100% of funds spent but work not completed (same pattern as a confirmed CAG-audited case),reactive
WS/MP18324/2025-2026/151106,BHARATBHAI MANUBHAI SUTARIYA,Gujarat,Investigate,Auditor,67.9,67,100% of funds spent but work not completed (same pattern as a confirmed CAG-audited case),reactive
WS/MP18155/2024-2025/141701,DR. RAJ KUMAR CHABBEWAL,Punjab,Investigate,Auditor,67.9,67,100% of funds spent but work not completed (same pattern as a confirmed CAG-audited case),reactive
WS/MP661/2025-2026/147454,Amol Ramsing Kolhe,Maharashtra,Investigate,Auditor,67.9,67,92% of funds spent but work not completed (same pattern as a confirmed CAG-audited case),reactive
WS/MP755/2024-2025/151521,Thalikkottai Rajuthevar Baalu,Tamil Nadu,Investigate,Auditor,67.9,67,100% of funds spent but work not completed (same pattern as a confirmed CAG-audited case),reactive
WS/MP826/2024-2025/135708,Raju Bista,West Bengal,Investigate,Auditor,67.9,67,96% of funds spent but work not completed (same pattern as a confirmed CAG-audited case),reactive
WS/MP826/2025-2026/135686,Raju Bista,West Bengal,Investigate,Auditor,67.9,67,99% of funds spent but work not completed (same pattern as a confirmed CAG-audited case),reactive
WS/MP638/2024-2025/152430,Virendra Kumar,Madhya Pradesh,Investigate,Auditor,67.9,67,98% of funds spent but work not completed (same pattern as a confirmed CAG-audited case); 18 works share identical description+amount under this MP/constituency — review for duplicate billing (may be legitimate bulk procurement),reactive
WS/MP453/2024-2025/154003,Saptagiri Sankar Ulaka,Odisha,Investigate,Auditor,67.9,67,100% of funds spent but work not completed (same pattern as a confirmed CAG-audited case),reactive
WS/MP638/2024-2025/152433,Virendra Kumar,Madhya Pradesh,Investigate,Auditor,67.9,67,96% of funds spent but work not completed (same pattern as a confirmed CAG-audited case); 18 works share identical description+amount under this MP/constituency — review for duplicate billing (may be legitimate bulk procurement),reactive
WS/MP18321/2024-2025/152559,SHOBHANABEN MAHENDRASINH BARAIYA,Gujarat,Investigate,Auditor,67.9,67,100% of funds spent but work not completed (same pattern as a confirmed CAG-audited case),reactive
WS/MP313/2024-2025/140977,Shri Tapir Gao,Arunachal Pradesh,Inspect,District Authority,67.9,67,Marked completed but no photo evidence uploaded; No payment record yet — vendor pattern unverified,reactive
WS/MP18353/2024-2025/138653,RACHNA BANERJEE,West Bengal,Investigate,Auditor,67.9,67,100% of funds spent but work not completed (same pattern as a confirmed CAG-audited case),reactive
WS/MP18309/2025-2026/155234,SALENG A SANGMA,Meghalaya,Investigate,Auditor,67.9,67,100% of funds spent but work not completed (same pattern as a confirmed CAG-audited case),reactive
WS/MP453/2024-2025/154132,Saptagiri Sankar Ulaka,Odisha,Investigate,Auditor,67.9,67,100% of funds spent but work not completed (same pattern as a confirmed CAG-audited case),reactive
WS/MP18324/2025-2026/151491,BHARATBHAI MANUBHAI SUTARIYA,Gujarat,Investigate,Auditor,67.9,67,100% of funds spent but work not completed (same pattern as a confirmed CAG-audited case),reactive
WS/MP18133/2025-2026/148567,SHRIMANT CHH UDAYANRAJE PRATAPSINHAMAHARAJ BHONSLE,Maharashtra,Investigate,Auditor,67.9,67,95% of funds spent but work not completed (same pattern as a confirmed CAG-audited case),reactive
WS/MP18324/2024-2025/151159,BHARATBHAI MANUBHAI SUTARIYA,Gujarat,Investigate,Auditor,67.9,67,100% of funds spent but work not completed (same pattern as a confirmed CAG-audited case),reactive
WS/MP18324/2024-2025/151338,BHARATBHAI MANUBHAI SUTARIYA,Gujarat,Investigate,Auditor,67.9,67,100% of funds spent but work not completed (same pattern as a confirmed CAG-audited case),reactive
WS/MP18024/2025-2026/153995,GAURAV GOGOI,Assam,Investigate,Auditor,67.9,67,100% of funds spent but work not completed (same pattern as a confirmed CAG-audited case),reactive
WS/MP638/2024-2025/152372,Virendra Kumar,Madhya Pradesh,Investigate,Auditor,67.9,67,97% of funds spent but work not completed (same pattern as a confirmed CAG-audited case); 18 works share identical description+amount under this MP/constituency — review for duplicate billing (may be legitimate bulk procurement),reactive
WS/MP18263/2025-2026/149882,KOTA SRINIVAS POOJARY,Karnataka,Investigate,Auditor,67.9,67,100% of funds spent but work not completed (same pattern as a confirmed CAG-audited case),reactive
WS/MP18032/2024-2025/134035,SUDHAKAR SINGH,Bihar,Inspect,District Authority,67.9,67,Marked completed but no photo evidence uploaded; No payment record yet — vendor pattern unverified,reactive
WS/MP826/2024-2025/135523,Raju Bista,West Bengal,Investigate,Auditor,67.9,67,99% of funds spent but work not completed (same pattern as a confirmed CAG-audited case),reactive
WS/MP18307/2025-2026/143600,Piyush Vedprakash Goyal,Maharashtra,Investigate,Auditor,67.9,67,100% of funds spent but work not completed (same pattern as a confirmed CAG-audited case),reactive
WS/MP826/2024-2025/135528,Raju Bista,West Bengal,Investigate,Auditor,67.9,67,92% of funds spent but work not completed (same pattern as a confirmed CAG-audited case),reactive
WS/MP18263/2025-2026/149680,KOTA SRINIVAS POOJARY,Karnataka,Investigate,Auditor,67.9,67,100% of funds spent but work not completed (same pattern as a confirmed CAG-audited case),reactive
WS/MP638/2024-2025/152489,Virendra Kumar,Madhya Pradesh,Investigate,Auditor,67.9,67,100% of funds spent but work not completed (same pattern as a confirmed CAG-audited case),reactive
WS/MP579/2024-2025/146435,Mitesh Rameshbhai Bakabhai Patel,Gujarat,Inspect,District Authority,67.9,67,Marked completed but no photo evidence uploaded; No payment record yet — vendor pattern unverified,reactive
WS/MP577/2024-2025/152615,Jaswantsinh Sumanbhai Bhabhor,Gujarat,Investigate,Auditor,67.9,67,100% of funds spent but work not completed (same pattern as a confirmed CAG-audited case),reactive
WS/MP18023/2025-2026/143872,BIJULI KALITA MEDHI,Assam,Investigate,Auditor,67.9,67,100% of funds spent but work not completed (same pattern as a confirmed CAG-audited case),reactive
WS/MP858/2024-2025/143942,Asit Kumar Mal,West Bengal,Investigate,Auditor,67.9,67,100% of funds spent but work not completed (same pattern as a confirmed CAG-audited case),reactive
WS/MP428/2024-2025/143950,Santosh Pandey,Chhattisgarh,Review Estimate,District Authority,67.9,67,"Cost is unusually higher than comparable works (category-only baseline, z=7.7); No payment record yet — vendor pattern unverified",reactive
WS/MP18176/2024-2025/140272,SACHITHANANTHAM R,Tamil Nadu,Investigate,Auditor,67.9,67,100% of funds spent but work not completed (same pattern as a confirmed CAG-audited case),reactive
WS/MP799/2024-2025/154644,Pankaj Chowdhary,Uttar Pradesh,Inspect,District Authority,67.8,67,Marked completed but no photo evidence uploaded; No payment record yet — vendor pattern unverified,reactive
WS/MP18172/2024-2025/149103,MANNA LAL RAWAT,Rajasthan,Inspect,District Authority,67.8,67,Marked completed but no photo evidence uploaded; No payment record yet — vendor pattern unverified,reactive
WS/MP18338/2024-2025/152402,CHAMALA KIRAN KUMAR REDDY,Telangana,Inspect,District Authority,67.7,67,Marked completed but no photo evidence uploaded; No payment record yet — vendor pattern unverified,reactive
WS/MP18032/2024-2025/134037,SUDHAKAR SINGH,Bihar,Inspect,District Authority,67.7,67,Marked completed but no photo evidence uploaded; No payment record yet — vendor pattern unverified,reactive
WS/MP18338/2024-2025/152456,CHAMALA KIRAN KUMAR REDDY,Telangana,Inspect,District Authority,67.7,67,Marked completed but no photo evidence uploaded; No payment record yet — vendor pattern unverified,reactive
WS/MP632/2025-2026/142067,Anto Antony,Kerala,Investigate,Auditor,67.2,67,100% of funds spent but work not completed (same pattern as a confirmed CAG-audited case),reactive
WS/MP18167/2024-2025/146924,BRIJENDRA SINGH OLA,Rajasthan,Investigate,Auditor,67.2,67,100% of funds spent but work not completed (same pattern as a confirmed CAG-audited case),reactive
WS/MP18242/2024-2025/145618,RAMBHUAL NISHAD,Uttar Pradesh,Review Estimate,District Authority,67.2,67,"Cost is unusually higher than comparable works (state+category baseline, z=7.3); No payment record yet — vendor pattern unverified",reactive
WS/MP013/2024-2025/151025,Indra Hang Subba,Sikkim,Inspect,District Authority,67.0,67,Marked completed but no photo evidence uploaded; No payment record yet — vendor pattern unverified,reactive
WS/MP18138/2024-2025/148101,RICHARD VANLALHMANGAIHA,Mizoram,Inspect,District Authority,67.0,67,Marked completed but no photo evidence uploaded; No payment record yet — vendor pattern unverified,reactive
WS/MP18019/2024-2025/153304,AMARSING TISSO,Assam,Inspect,District Authority,67.0,67,Marked completed but no photo evidence uploaded; No payment record yet — vendor pattern unverified,reactive
WS/MP386/2024-2025/142533,Shri Hanuman Beniwal,Rajasthan,Inspect,District Authority,66.7,67,Marked completed but no photo evidence uploaded; No payment record yet — vendor pattern unverified,reactive
WS/MP18138/2025-2026/148806,RICHARD VANLALHMANGAIHA,Mizoram,Inspect,District Authority,66.6,67,Marked completed but no photo evidence uploaded; No payment record yet — vendor pattern unverified,reactive
WS/MP499/2024-2025/138131,Smt Satabdi Roy (Banerjee),West Bengal,Inspect,District Authority,66.6,67,Marked completed but no photo evidence uploaded; No payment record yet — vendor pattern unverified,reactive
WS/MP18138/2024-2025/149624,RICHARD VANLALHMANGAIHA,Mizoram,Inspect,District Authority,66.6,67,Marked completed but no photo evidence uploaded; No payment record yet — vendor pattern unverified,reactive
WS/MP18031/2025-2026/153130,ABHAY KUMAR SINHA,Bihar,Inspect,District Authority,66.5,67,Marked completed but no photo evidence uploaded; 33 works share identical description+amount under this MP/constituency — review for duplicate billing (may be legitimate bulk procurement); No payment record yet — vendor pattern unverified,reactive
WS/MP18031/2025-2026/153129,ABHAY KUMAR SINHA,Bihar,Inspect,District Authority,66.5,67,Marked completed but no photo evidence uploaded; 33 works share identical description+amount under this MP/constituency — review for duplicate billing (may be legitimate bulk procurement); No payment record yet — vendor pattern unverified,reactive
WS/MP18031/2025-2026/153127,ABHAY KUMAR SINHA,Bihar,Inspect,District Authority,66.5,67,Marked completed but no photo evidence uploaded; 33 works share identical description+amount under this MP/constituency — review for duplicate billing (may be legitimate bulk procurement); No payment record yet — vendor pattern unverified,reactive
WS/MP18031/2025-2026/153095,ABHAY KUMAR SINHA,Bihar,Inspect,District Authority,66.5,67,Marked completed but no photo evidence uploaded; 33 works share identical description+amount under this MP/constituency — review for duplicate billing (may be legitimate bulk procurement); No payment record yet — vendor pattern unverified,reactive
WS/MP18031/2025-2026/153145,ABHAY KUMAR SINHA,Bihar,Inspect,District Authority,66.5,67,Marked completed but no photo evidence uploaded; 33 works share identical description+amount under this MP/constituency — review for duplicate billing (may be legitimate bulk procurement); No payment record yet — vendor pattern unverified,reactive
WS/MP18031/2025-2026/153146,ABHAY KUMAR SINHA,Bihar,Inspect,District Authority,66.5,67,Marked completed but no photo evidence uploaded; 33 works share identical description+amount under this MP/constituency — review for duplicate billing (may be legitimate bulk procurement); No payment record yet — vendor pattern unverified,reactive
WS/MP18031/2025-2026/153094,ABHAY KUMAR SINHA,Bihar,Inspect,District Authority,66.5,67,Marked completed but no photo evidence uploaded; 33 works share identical description+amount under this MP/constituency — review for duplicate billing (may be legitimate bulk procurement); No payment record yet — vendor pattern unverified,reactive
WS/MP18031/2025-2026/153090,ABHAY KUMAR SINHA,Bihar,Inspect,District Authority,66.5,67,Marked completed but no photo evidence uploaded; 33 works share identical description+amount under this MP/constituency — review for duplicate billing (may be legitimate bulk procurement); No payment record yet — vendor pattern unverified,reactive
WS/MP18031/2025-2026/153091,ABHAY KUMAR SINHA,Bihar,Inspect,District Authority,66.5,67,Marked completed but no photo evidence uploaded; 33 works share identical description+amount under this MP/constituency — review for duplicate billing (may be legitimate bulk procurement); No payment record yet — vendor pattern unverified,reactive
WS/MP18031/2025-2026/153092,ABHAY KUMAR SINHA,Bihar,Inspect,District Authority,66.5,67,Marked completed but no photo evidence uploaded; 33 works share identical description+amount under this MP/constituency — review for duplicate billing (may be legitimate bulk procurement); No payment record yet — vendor pattern unverified,reactive
WS/MP18031/2025-2026/153097,ABHAY KUMAR SINHA,Bihar,Inspect,District Authority,66.5,67,Marked completed but no photo evidence uploaded; 33 works share identical description+amount under this MP/constituency — review for duplicate billing (may be legitimate bulk procurement); No payment record yet — vendor pattern unverified,reactive
WS/MP18031/2025-2026/153132,ABHAY KUMAR SINHA,Bihar,Inspect,District Authority,66.5,67,Marked completed but no photo evidence uploaded; No payment record yet — vendor pattern unverified,reactive
WS/MP18031/2025-2026/153089,ABHAY KUMAR SINHA,Bihar,Inspect,District Authority,66.5,67,Marked completed but no photo evidence uploaded; 33 works share identical description+amount under this MP/constituency — review for duplicate billing (may be legitimate bulk procurement); No payment record yet — vendor pattern unverified,reactive
WS/MP18031/2025-2026/153131,ABHAY KUMAR SINHA,Bihar,Inspect,District Authority,66.5,67,Marked completed but no photo evidence uploaded; 33 works share identical description+amount under this MP/constituency — review for duplicate billing (may be legitimate bulk procurement); No payment record yet — vendor pattern unverified,reactive
WS/MP18031/2025-2026/153096,ABHAY KUMAR SINHA,Bihar,Inspect,District Authority,66.5,67,Marked completed but no photo evidence uploaded; 33 works share identical description+amount under this MP/constituency — review for duplicate billing (may be legitimate bulk procurement); No payment record yet — vendor pattern unverified,reactive
WS/MP18031/2025-2026/153093,ABHAY KUMAR SINHA,Bihar,Inspect,District Authority,66.5,67,Marked completed but no photo evidence uploaded; 33 works share identical description+amount under this MP/constituency — review for duplicate billing (may be legitimate bulk procurement); No payment record yet — vendor pattern unverified,reactive
WS/MP18031/2025-2026/153098,ABHAY KUMAR SINHA,Bihar,Inspect,District Authority,66.5,67,Marked completed but no photo evidence uploaded; No payment record yet — vendor pattern unverified,reactive
WS/MP18031/2025-2026/153128,ABHAY KUMAR SINHA,Bihar,Inspect,District Authority,66.5,67,Marked completed but no photo evidence uploaded; 33 works share identical description+amount under this MP/constituency — review for duplicate billing (may be legitimate bulk procurement); No payment record yet — vendor pattern unverified,reactive
WS/MP18031/2025-2026/152997,ABHAY KUMAR SINHA,Bihar,Inspect,District Authority,66.5,67,Marked completed but no photo evidence uploaded; 33 works share identical description+amount under this MP/constituency — review for duplicate billing (may be legitimate bulk procurement); No payment record yet — vendor pattern unverified,reactive
WS/MP18031/2025-2026/153159,ABHAY KUMAR SINHA,Bihar,Inspect,District Authority,66.5,67,Marked completed but no photo evidence uploaded; 33 works share identical description+amount under this MP/constituency — review for duplicate billing (may be legitimate bulk procurement); No payment record yet — vendor pattern unverified,reactive
WS/MP18031/2025-2026/152998,ABHAY KUMAR SINHA,Bihar,Inspect,District Authority,66.5,67,Marked completed but no photo evidence uploaded; 33 works share identical description+amount under this MP/constituency — review for duplicate billing (may be legitimate bulk procurement); No payment record yet — vendor pattern unverified,reactive
WS/MP18031/2025-2026/153136,ABHAY KUMAR SINHA,Bihar,Inspect,District Authority,66.5,67,Marked completed but no photo evidence uploaded; 33 works share identical description+amount under this MP/constituency — review for duplicate billing (may be legitimate bulk procurement); No payment record yet — vendor pattern unverified,reactive
WS/MP18031/2025-2026/153133,ABHAY KUMAR SINHA,Bihar,Inspect,District Authority,66.5,67,Marked completed but no photo evidence uploaded; 33 works share identical description+amount under this MP/constituency — review for duplicate billing (may be legitimate bulk procurement); No payment record yet — vendor pattern unverified,reactive
WS/MP18031/2025-2026/153000,ABHAY KUMAR SINHA,Bihar,Inspect,District Authority,66.5,67,Marked completed but no photo evidence uploaded; 33 works share identical description+amount under this MP/constituency — review for duplicate billing (may be legitimate bulk procurement); No payment record yet — vendor pattern unverified,reactive
WS/MP18031/2025-2026/153135,ABHAY KUMAR SINHA,Bihar,Inspect,District Authority,66.5,67,Marked completed but no photo evidence uploaded; 33 works share identical description+amount under this MP/constituency — review for duplicate billing (may be legitimate bulk procurement); No payment record yet — vendor pattern unverified,reactive
WS/MP18031/2025-2026/153134,ABHAY KUMAR SINHA,Bihar,Inspect,District Authority,66.5,67,Marked completed but no photo evidence uploaded; No payment record yet — vendor pattern unverified,reactive
WS/MP18031/2025-2026/153158,ABHAY KUMAR SINHA,Bihar,Inspect,District Authority,66.5,67,Marked completed but no photo evidence uploaded; 33 works share identical description+amount under this MP/constituency — review for duplicate billing (may be legitimate bulk procurement); No payment record yet — vendor pattern unverified,reactive
WS/MP18220/2024-2025/147976,ANOOP PRADHAN BALMIKI,Uttar Pradesh,Inspect,District Authority,66.5,67,Marked completed but no photo evidence uploaded; No payment record yet — vendor pattern unverified,reactive
WS/MP494/2024-2025/140709,Prof SP Singh Baghel,Uttar Pradesh,Inspect,District Authority,66.5,67,Marked completed but no photo evidence uploaded; No payment record yet — vendor pattern unverified,reactive
WS/MP18031/2025-2026/153152,ABHAY KUMAR SINHA,Bihar,Inspect,District Authority,66.5,67,Marked completed but no photo evidence uploaded; 33 works share identical description+amount under this MP/constituency — review for duplicate billing (may be legitimate bulk procurement); No payment record yet — vendor pattern unverified,reactive
WS/MP18031/2025-2026/153147,ABHAY KUMAR SINHA,Bihar,Inspect,District Authority,66.5,67,Marked completed but no photo evidence uploaded; No payment record yet — vendor pattern unverified,reactive
WS/MP18031/2025-2026/153160,ABHAY KUMAR SINHA,Bihar,Inspect,District Authority,66.5,67,Marked completed but no photo evidence uploaded; 33 works share identical description+amount under this MP/constituency — review for duplicate billing (may be legitimate bulk procurement); No payment record yet — vendor pattern unverified,reactive
WS/MP18031/2025-2026/153162,ABHAY KUMAR SINHA,Bihar,Inspect,District Authority,66.5,67,Marked completed but no photo evidence uploaded; No payment record yet — vendor pattern unverified,reactive
WS/MP18031/2025-2026/153163,ABHAY KUMAR SINHA,Bihar,Inspect,District Authority,66.5,67,Marked completed but no photo evidence uploaded; 33 works share identical description+amount under this MP/constituency — review for duplicate billing (may be legitimate bulk procurement); No payment record yet — vendor pattern unverified,reactive
WS/MP18031/2025-2026/153156,ABHAY KUMAR SINHA,Bihar,Inspect,District Authority,66.5,67,Marked completed but no photo evidence uploaded; 33 works share identical description+amount under this MP/constituency — review for duplicate billing (may be legitimate bulk procurement); No payment record yet — vendor pattern unverified,reactive
WS/MP18031/2025-2026/152999,ABHAY KUMAR SINHA,Bihar,Inspect,District Authority,66.5,67,Marked completed but no photo evidence uploaded; 33 works share identical description+amount under this MP/constituency — review for duplicate billing (may be legitimate bulk procurement); No payment record yet — vendor pattern unverified,reactive
WS/MP18031/2025-2026/153153,ABHAY KUMAR SINHA,Bihar,Inspect,District Authority,66.5,67,Marked completed but no photo evidence uploaded; No payment record yet — vendor pattern unverified,reactive
WS/MP18031/2025-2026/153154,ABHAY KUMAR SINHA,Bihar,Inspect,District Authority,66.5,67,Marked completed but no photo evidence uploaded; 33 works share identical description+amount under this MP/constituency — review for duplicate billing (may be legitimate bulk procurement); No payment record yet — vendor pattern unverified,reactive
WS/MP18031/2025-2026/153155,ABHAY KUMAR SINHA,Bihar,Inspect,District Authority,66.5,67,Marked completed but no photo evidence uploaded; 33 works share identical description+amount under this MP/constituency — review for duplicate billing (may be legitimate bulk procurement); No payment record yet — vendor pattern unverified,reactive
WS/MP18031/2025-2026/153161,ABHAY KUMAR SINHA,Bihar,Inspect,District Authority,66.5,67,Marked completed but no photo evidence uploaded; 33 works share identical description+amount under this MP/constituency — review for duplicate billing (may be legitimate bulk procurement); No payment record yet — vendor pattern unverified,reactive
WS/MP18031/2025-2026/153157,ABHAY KUMAR SINHA,Bihar,Inspect,District Authority,66.5,67,Marked completed but no photo evidence uploaded; 33 works share identical description+amount under this MP/constituency — review for duplicate billing (may be legitimate bulk procurement); No payment record yet — vendor pattern unverified,reactive
WS/MP761/2024-2025/153960,Arvind Dharmapuri,Telangana,Inspect,District Authority,66.4,67,Marked completed but no photo evidence uploaded; No payment record yet — vendor pattern unverified,reactive
WS/MP18094/2025-2026/151542,VISHWESHWAR HEGDE KAGERI,Karnataka,Inspect,District Authority,66.2,67,Marked completed but no photo evidence uploaded; No payment record yet — vendor pattern unverified,reactive
WS/MP644/2024-2025/151376,Janardan Mishra,Madhya Pradesh,Review Estimate,District Authority,66.1,67,"Cost is unusually higher than comparable works (state+category baseline, z=6.6); No payment record yet — vendor pattern unverified",reactive
WS/MP18112/2024-2025/136993,BALWANT BASWANT WANKHADE,Maharashtra,Inspect,District Authority,66.1,67,Marked completed but no photo evidence uploaded; No payment record yet — vendor pattern unverified,reactive
WS/MP18321/2024-2025/140088,SHOBHANABEN MAHENDRASINH BARAIYA,Gujarat,Review Estimate,District Authority,66.1,67,"Cost is unusually higher than comparable works (category-only baseline, z=6.4); No payment record yet — vendor pattern unverified",reactive
WS/MP384/2024-2025/147560,Shri Arjun Ram Meghwal,Rajasthan,Review Estimate,District Authority,66.1,67,"Cost is unusually higher than comparable works (state+category baseline, z=6.5); No payment record yet — vendor pattern unverified",reactive
WS/MP18056/2024-2025/144711,PARSHOTTAMBHAI RUPALA,Gujarat,Inspect,District Authority,66.0,67,Marked completed but no photo evidence uploaded; No payment record yet — vendor pattern unverified,reactive
WS/MP18321/2024-2025/152556,SHOBHANABEN MAHENDRASINH BARAIYA,Gujarat,Inspect,District Authority,66.0,67,Marked completed but no photo evidence uploaded; No payment record yet — vendor pattern unverified,reactive
WS/MP18250/2024-2025/135268,SK NURUL ISLAM,West Bengal,Review Estimate,District Authority,65.9,67,"Cost is unusually higher than comparable works (state+category baseline, z=3.6); No payment record yet — vendor pattern unverified",reactive
WS/MP18277/2024-2025/154140,AZAD KIRTI JHA,West Bengal,Investigate,Auditor,65.7,67,100% of funds spent but work not completed (same pattern as a confirmed CAG-audited case),reactive
WS/MP18112/2024-2025/136994,BALWANT BASWANT WANKHADE,Maharashtra,Inspect,District Authority,65.3,67,Marked completed but no photo evidence uploaded; No payment record yet — vendor pattern unverified,reactive
WS/MP484/2024-2025/155352,Mala Roy,West Bengal,Review Estimate,District Authority,65.1,67,"Cost is unusually higher than comparable works (state+category baseline, z=6.1)",reactive
WS/MP18144/2024-2025/135754,MALVIKA DEVI,Odisha,Inspect,District Authority,65.0,67,Marked completed but no photo evidence uploaded; No payment record yet — vendor pattern unverified,reactive
WS/MP18144/2024-2025/135753,MALVIKA DEVI,Odisha,Inspect,District Authority,65.0,67,Marked completed but no photo evidence uploaded; No payment record yet — vendor pattern unverified,reactive
WS/MP18112/2024-2025/136992,BALWANT BASWANT WANKHADE,Maharashtra,Inspect,District Authority,65.0,67,Marked completed but no photo evidence uploaded; No payment record yet — vendor pattern unverified,reactive
WS/MP18144/2024-2025/135755,MALVIKA DEVI,Odisha,Inspect,District Authority,65.0,67,Marked completed but no photo evidence uploaded; No payment record yet — vendor pattern unverified,reactive
WS/MP18144/2024-2025/135756,MALVIKA DEVI,Odisha,Inspect,District Authority,65.0,67,Marked completed but no photo evidence uploaded; No payment record yet — vendor pattern unverified,reactive
WS/MP852/2024-2025/154560,Abu Taher Khan,West Bengal,Investigate,Auditor,65.0,67,99% of funds spent but work not completed (same pattern as a confirmed CAG-audited case),reactive
WS/MP18219/2024-2025/152232,AJENDRA SINGH LODHI,Uttar Pradesh,Review Estimate,District Authority,64.9,67,"Cost is unusually higher than comparable works (state+category baseline, z=3.1); No payment record yet — vendor pattern unverified",reactive
WS/MP435/2024-2025/146544,Sanjay Seth,Jharkhand,Inspect,District Authority,64.9,67,Marked completed but no photo evidence uploaded; No payment record yet — vendor pattern unverified,reactive
WS/MP18024/2025-2026/148308,GAURAV GOGOI,Assam,Inspect,District Authority,64.9,100,Marked completed but no photo evidence uploaded,reactive
WS/MP18019/2024-2025/137589,AMARSING TISSO,Assam,Inspect,District Authority,64.9,67,Marked completed but no photo evidence uploaded; No payment record yet — vendor pattern unverified,reactive
WS/MP18019/2024-2025/137595,AMARSING TISSO,Assam,Inspect,District Authority,64.8,67,Marked completed but no photo evidence uploaded; No payment record yet — vendor pattern unverified,reactive
WS/MP18338/2024-2025/153018,CHAMALA KIRAN KUMAR REDDY,Telangana,Inspect,District Authority,64.7,67,Marked completed but no photo evidence uploaded; No payment record yet — vendor pattern unverified,reactive
WS/MP18338/2024-2025/153017,CHAMALA KIRAN KUMAR REDDY,Telangana,Inspect,District Authority,64.7,67,Marked completed but no photo evidence uploaded; No payment record yet — vendor pattern unverified,reactive
WS/MP18338/2024-2025/153009,CHAMALA KIRAN KUMAR REDDY,Telangana,Inspect,District Authority,64.7,67,Marked completed but no photo evidence uploaded; No payment record yet — vendor pattern unverified,reactive
WS/MP18209/2025-2026/144762,CHANDAN CHAUHAN,Uttar Pradesh,Inspect,District Authority,64.7,67,Marked completed but no photo evidence uploaded; No payment record yet — vendor pattern unverified,reactive
WS/MP18338/2024-2025/153015,CHAMALA KIRAN KUMAR REDDY,Telangana,Inspect,District Authority,64.7,67,Marked completed but no photo evidence uploaded; No payment record yet — vendor pattern unverified,reactive
WS/MP423/2024-2025/141385,Ramprit Mandal,Bihar,Inspect,District Authority,64.7,67,Marked completed but no photo evidence uploaded; No payment record yet — vendor pattern unverified,reactive
WS/MP423/2024-2025/141386,Ramprit Mandal,Bihar,Inspect,District Authority,64.7,67,Marked completed but no photo evidence uploaded; No payment record yet — vendor pattern unverified,reactive
WS/MP485/2024-2025/153998,Pratima Mondal,West Bengal,Investigate,Auditor,64.5,67,98% of funds spent but work not completed (same pattern as a confirmed CAG-audited case),reactive
WS/MP18277/2024-2025/154150,AZAD KIRTI JHA,West Bengal,Investigate,Auditor,64.2,67,100% of funds spent but work not completed (same pattern as a confirmed CAG-audited case),reactive
WS/MP600/2024-2025/148197,Jitendra Singh,Jammu And Kashmir,Investigate,Auditor,64.2,67,100% of funds spent but work not completed (same pattern as a confirmed CAG-audited case),reactive
WS/MP394/2024-2025/136036,Shri vijayakumar Vasanth,Tamil Nadu,Investigate,Auditor,64.0,67,92% of funds spent but work not completed (same pattern as a confirmed CAG-audited case),reactive
WS/MP18353/2024-2025/143561,RACHNA BANERJEE,West Bengal,Investigate,Auditor,64.0,67,92% of funds spent but work not completed (same pattern as a confirmed CAG-audited case),reactive
WS/MP18193/2024-2025/144398,EATALA RAJENDER,Telangana,Review Estimate,District Authority,63.8,67,"Cost is unusually higher than comparable works (state+category baseline, z=4.7)",reactive
WS/MP394/2024-2025/136037,Shri vijayakumar Vasanth,Tamil Nadu,Investigate,Auditor,63.8,67,100% of funds spent but work not completed (same pattern as a confirmed CAG-audited case),reactive
WS/MP18338/2024-2025/148455,CHAMALA KIRAN KUMAR REDDY,Telangana,Inspect,District Authority,63.8,67,Marked completed but no photo evidence uploaded; No payment record yet — vendor pattern unverified,reactive
WS/MP370/2024-2025/145540,Shri Jual Oram,Odisha,Investigate,Auditor,63.6,67,100% of funds spent but work not completed (same pattern as a confirmed CAG-audited case),reactive
WS/MP18108/2024-2025/143811,DR. LATA WANKHEDE,Madhya Pradesh,Review Estimate,District Authority,63.6,67,"Cost is unusually higher than comparable works (state+category baseline, z=5.9); No payment record yet — vendor pattern unverified",reactive
WS/MP18069/2024-2025/150898,RAJEEV BHARDWAJ,Himachal Pradesh,Inspect,District Authority,63.6,67,Marked completed but no photo evidence uploaded; No payment record yet — vendor pattern unverified,reactive
WS/MP858/2024-2025/142023,Asit Kumar Mal,West Bengal,Review Estimate,District Authority,63.4,67,"Cost is unusually higher than comparable works (state+category baseline, z=5.9); No payment record yet — vendor pattern unverified",reactive
WS/MP761/2024-2025/146611,Arvind Dharmapuri,Telangana,Inspect,District Authority,63.3,67,Marked completed but no photo evidence uploaded; No payment record yet — vendor pattern unverified,reactive
WS/MP386/2024-2025/142534,Shri Hanuman Beniwal,Rajasthan,Inspect,District Authority,63.0,67,Marked completed but no photo evidence uploaded; No payment record yet — vendor pattern unverified,reactive
WS/MP458/2025-2026/149728,Kanimozhi Karunanidhi,Tamil Nadu,Investigate,Auditor,63.0,67,100% of funds spent but work not completed (same pattern as a confirmed CAG-audited case),reactive
WS/MP18313/2024-2025/152806,RAJ KUMAR ROAT,Rajasthan,Investigate,Auditor,62.9,67,96% of funds spent but work not completed (same pattern as a confirmed CAG-audited case),reactive
WS/MP18393/2025-2026/152027,MADHAVANENI RAGHUNANDAN RAO,Telangana,Investigate,Auditor,62.9,67,100% of funds spent but work not completed (same pattern as a confirmed CAG-audited case),reactive
WS/MP18393/2025-2026/152028,MADHAVANENI RAGHUNANDAN RAO,Telangana,Investigate,Auditor,62.9,67,100% of funds spent but work not completed (same pattern as a confirmed CAG-audited case),reactive
WS/MP828/2024-2025/149712,Jagannath Sarkar,West Bengal,Investigate,Auditor,62.9,67,100% of funds spent but work not completed (same pattern as a confirmed CAG-audited case),reactive
WS/MP386/2024-2025/144923,Shri Hanuman Beniwal,Rajasthan,Inspect,District Authority,62.8,67,Marked completed but no photo evidence uploaded; No payment record yet — vendor pattern unverified,reactive
WS/MP526/2026-2027/152486,Y S Avinash Reddy,Andhra Pradesh,Investigate,Auditor,62.7,67,98% of funds spent but work not completed (same pattern as a confirmed CAG-audited case),reactive
WS/MP526/2026-2027/152487,Y S Avinash Reddy,Andhra Pradesh,Investigate,Auditor,62.7,67,97% of funds spent but work not completed (same pattern as a confirmed CAG-audited case),reactive
WS/MP18324/2024-2025/153722,BHARATBHAI MANUBHAI SUTARIYA,Gujarat,Investigate,Auditor,62.5,67,100% of funds spent but work not completed (same pattern as a confirmed CAG-audited case),reactive
WS/MP18324/2025-2026/151490,BHARATBHAI MANUBHAI SUTARIYA,Gujarat,Investigate,Auditor,62.5,67,100% of funds spent but work not completed (same pattern as a confirmed CAG-audited case),reactive
WS/MP18108/2024-2025/150382,DR. LATA WANKHEDE,Madhya Pradesh,Inspect,District Authority,62.4,67,Marked completed but no photo evidence uploaded; No payment record yet — vendor pattern unverified,reactive
WS/MP859/2024-2025/152782,Kalyan Banerjee,West Bengal,Review Estimate,District Authority,62.3,33,"Cost is unusually higher than comparable works (state+category baseline, z=9.5); No payment record yet — vendor pattern unverified",reactive
WS/MP18324/2024-2025/151485,BHARATBHAI MANUBHAI SUTARIYA,Gujarat,Investigate,Auditor,62.2,67,100% of funds spent but work not completed (same pattern as a confirmed CAG-audited case),reactive
WS/MP18307/2025-2026/143611,Piyush Vedprakash Goyal,Maharashtra,Investigate,Auditor,62.2,67,99% of funds spent but work not completed (same pattern as a confirmed CAG-audited case),reactive
WS/MP485/2025-2026/154000,Pratima Mondal,West Bengal,Investigate,Auditor,62.2,67,100% of funds spent but work not completed (same pattern as a confirmed CAG-audited case),reactive
WS/MP18065/2024-2025/149667,DEEPENDER SINGH HOODA,Haryana,Investigate,Auditor,62.2,67,98% of funds spent but work not completed (same pattern as a confirmed CAG-audited case),reactive
WS/MP18353/2024-2025/138638,RACHNA BANERJEE,West Bengal,Investigate,Auditor,62.2,67,100% of funds spent but work not completed (same pattern as a confirmed CAG-audited case),reactive
WS/MP18247/2024-2025/145107,ARUP CHAKRABORTY,West Bengal,Review Estimate,District Authority,62.2,33,"Cost is unusually higher than comparable works (state+category baseline, z=8.7); No payment record yet — vendor pattern unverified",reactive
WS/MP351/2025-2026/141853,Shri Kumbakudi Sudhakaran,Kerala,Investigate,Auditor,62.2,67,94% of funds spent but work not completed (same pattern as a confirmed CAG-audited case),reactive
WS/MP526/2024-2025/147606,Y S Avinash Reddy,Andhra Pradesh,Investigate,Auditor,62.2,67,92% of funds spent but work not completed (same pattern as a confirmed CAG-audited case),reactive
WS/MP478/2025-2026/154236,Mala Rajya Laxmi Shah,Uttarakhand,Investigate,Auditor,62.2,67,100% of funds spent but work not completed (same pattern as a confirmed CAG-audited case),reactive
WS/MP18307/2025-2026/143612,Piyush Vedprakash Goyal,Maharashtra,Investigate,Auditor,62.2,67,99% of funds spent but work not completed (same pattern as a confirmed CAG-audited case),reactive
WS/MP858/2025-2026/140488,Asit Kumar Mal,West Bengal,Inspect,District Authority,61.9,100,Marked completed but no photo evidence uploaded,reactive
WS/MP18257/2024-2025/141675,ABHIJIT GANGOPADHYAY,West Bengal,Inspect,District Authority,61.7,67,Marked completed but no photo evidence uploaded; No payment record yet — vendor pattern unverified,reactive
WS/MP644/2024-2025/151374,Janardan Mishra,Madhya Pradesh,Review Estimate,District Authority,61.1,33,"Cost is unusually higher than comparable works (state+category baseline, z=7.7); No payment record yet — vendor pattern unverified",reactive
WS/MP18019/2024-2025/137586,AMARSING TISSO,Assam,Inspect,District Authority,61.1,67,Marked completed but no photo evidence uploaded; No payment record yet — vendor pattern unverified,reactive
WS/MP18176/2024-2025/142537,SACHITHANANTHAM R,Tamil Nadu,Inspect,District Authority,60.9,67,Marked completed but no photo evidence uploaded; No payment record yet — vendor pattern unverified,reactive
WS/MP18176/2024-2025/140269,SACHITHANANTHAM R,Tamil Nadu,Inspect,District Authority,60.9,67,Marked completed but no photo evidence uploaded; No payment record yet — vendor pattern unverified,reactive
WS/MP435/2024-2025/146548,Sanjay Seth,Jharkhand,Inspect,District Authority,60.9,67,Marked completed but no photo evidence uploaded; No payment record yet — vendor pattern unverified,reactive
WS/MP18390/2025-2026/146084,AFZAL ANSARI,Uttar Pradesh,Review Estimate,District Authority,60.7,33,"Cost is unusually higher than comparable works (state+category baseline, z=7.4); No payment record yet — vendor pattern unverified",reactive
WS/MP18390/2025-2026/146083,AFZAL ANSARI,Uttar Pradesh,Review Estimate,District Authority,60.7,33,"Cost is unusually higher than comparable works (state+category baseline, z=7.4); No payment record yet — vendor pattern unverified",reactive
WS/MP18193/2025-2026/150653,EATALA RAJENDER,Telangana,Review Estimate,District Authority,60.7,33,"Cost is unusually higher than comparable works (state+category baseline, z=7.6); No payment record yet — vendor pattern unverified",reactive
WS/MP18390/2025-2026/146088,AFZAL ANSARI,Uttar Pradesh,Review Estimate,District Authority,60.7,33,"Cost is unusually higher than comparable works (state+category baseline, z=7.4); No payment record yet — vendor pattern unverified",reactive
WS/MP18390/2025-2026/146082,AFZAL ANSARI,Uttar Pradesh,Review Estimate,District Authority,60.7,33,"Cost is unusually higher than comparable works (state+category baseline, z=7.4); No payment record yet — vendor pattern unverified",reactive
WS/MP18390/2025-2026/148854,AFZAL ANSARI,Uttar Pradesh,Review Estimate,District Authority,60.7,33,"Cost is unusually higher than comparable works (state+category baseline, z=7.4); No payment record yet — vendor pattern unverified",reactive
WS/MP18019/2024-2025/137601,AMARSING TISSO,Assam,Inspect,District Authority,60.6,67,Marked completed but no photo evidence uploaded; No payment record yet — vendor pattern unverified,reactive
WS/MP18257/2024-2025/141677,ABHIJIT GANGOPADHYAY,West Bengal,Inspect,District Authority,60.6,67,Marked completed but no photo evidence uploaded; No payment record yet — vendor pattern unverified,reactive
WS/MP761/2024-2025/151793,Arvind Dharmapuri,Telangana,Inspect,District Authority,60.3,67,Marked completed but no photo evidence uploaded; No payment record yet — vendor pattern unverified,reactive
WS/MP761/2024-2025/148187,Arvind Dharmapuri,Telangana,Inspect,District Authority,60.2,67,Marked completed but no photo evidence uploaded; No payment record yet — vendor pattern unverified,reactive
WS/MP18019/2024-2025/137588,AMARSING TISSO,Assam,Inspect,District Authority,60.2,67,Marked completed but no photo evidence uploaded; No payment record yet — vendor pattern unverified,reactive
WS/MP761/2025-2026/153931,Arvind Dharmapuri,Telangana,Inspect,District Authority,59.9,67,Marked completed but no photo evidence uploaded; No payment record yet — vendor pattern unverified,reactive
WS/MP18217/2024-2025/136147,AKSHAYA YADAV,Uttar Pradesh,Inspect,District Authority,59.9,67,Marked completed but no photo evidence uploaded; No payment record yet — vendor pattern unverified,reactive
WS/MP799/2024-2025/154643,Pankaj Chowdhary,Uttar Pradesh,Inspect,District Authority,59.9,67,Marked completed but no photo evidence uploaded; No payment record yet — vendor pattern unverified,reactive
WS/MP18217/2024-2025/136141,AKSHAYA YADAV,Uttar Pradesh,Review Estimate,District Authority,59.9,67,"Cost is unusually higher than comparable works (state+category baseline, z=5.3); No payment record yet — vendor pattern unverified",reactive
WS/MP431/2024-2025/152154,Rao Inderjit Singh,Haryana,Review Estimate,District Authority,59.8,67,"Cost is unusually higher than comparable works (state+category baseline, z=5.2); No payment record yet — vendor pattern unverified",reactive
WS/MP18257/2024-2025/141691,ABHIJIT GANGOPADHYAY,West Bengal,Inspect,District Authority,59.8,67,Marked completed but no photo evidence uploaded; No payment record yet — vendor pattern unverified,reactive
WS/MP18186/2025-2026/141738,Sasikanth Senthil,Tamil Nadu,Inspect,District Authority,59.8,67,Marked completed but no photo evidence uploaded; No payment record yet — vendor pattern unverified,reactive
WS/MP18238/2025-2026/152813,RAMASHANKAR RAJBHAR,Uttar Pradesh,Inspect,District Authority,59.3,100,Marked completed but no photo evidence uploaded,reactive
WS/MP353/2024-2025/153143,Adv Dean Kuriakose,Kerala,Review Estimate,District Authority,59.3,33,"Cost is unusually higher than comparable works (state+category baseline, z=6.4); No payment record yet — vendor pattern unverified",reactive
WS/MP18248/2025-2026/153085,DR. SHARMILA SARKAR,West Bengal,Review Estimate,District Authority,59.3,33,"Cost is unusually higher than comparable works (state+category baseline, z=6.4); No payment record yet — vendor pattern unverified",reactive
WS/MP18390/2025-2026/148853,AFZAL ANSARI,Uttar Pradesh,Review Estimate,District Authority,59.3,33,"Cost is unusually higher than comparable works (state+category baseline, z=6.8); No payment record yet — vendor pattern unverified",reactive
WS/MP579/2024-2025/147653,Mitesh Rameshbhai Bakabhai Patel,Gujarat,Inspect,District Authority,59.2,67,Marked completed but no photo evidence uploaded; No payment record yet — vendor pattern unverified,reactive
WS/MP18209/2025-2026/144766,CHANDAN CHAUHAN,Uttar Pradesh,Inspect,District Authority,59.2,67,Marked completed but no photo evidence uploaded; No payment record yet — vendor pattern unverified,reactive
WS/MP579/2024-2025/147652,Mitesh Rameshbhai Bakabhai Patel,Gujarat,Inspect,District Authority,59.2,67,Marked completed but no photo evidence uploaded; No payment record yet — vendor pattern unverified,reactive
WS/MP18032/2024-2025/136945,SUDHAKAR SINGH,Bihar,Inspect,District Authority,59.2,67,Marked completed but no photo evidence uploaded; No payment record yet — vendor pattern unverified,reactive
WS/MP18144/2024-2025/141602,MALVIKA DEVI,Odisha,Inspect,District Authority,58.5,67,Marked completed but no photo evidence uploaded; No payment record yet — vendor pattern unverified,reactive
WS/MP013/2024-2025/137609,Indra Hang Subba,Sikkim,Inspect,District Authority,58.5,67,Marked completed but no photo evidence uploaded; No payment record yet — vendor pattern unverified,reactive
WS/MP18144/2024-2025/141588,MALVIKA DEVI,Odisha,Inspect,District Authority,58.5,67,Marked completed but no photo evidence uploaded; No payment record yet — vendor pattern unverified,reactive
WS/MP381/2024-2025/153006,Shri Gurjeet Singh Aujla,Punjab,Inspect,District Authority,58.0,67,Marked completed but no photo evidence uploaded; No payment record yet — vendor pattern unverified,reactive
WS/MP18391/2024-2025/140321,S SUPONGMEREN JAMIR,Nagaland,Inspect,District Authority,58.0,67,Marked completed but no photo evidence uploaded; No payment record yet — vendor pattern unverified,reactive
WS/MP18051/2024-2025/153822,ROOP KUMARI CHOUDHARY,Chhattisgarh,Inspect,District Authority,58.0,67,Marked completed but no photo evidence uploaded; No payment record yet — vendor pattern unverified,reactive
WS/MP18051/2024-2025/153789,ROOP KUMARI CHOUDHARY,Chhattisgarh,Inspect,District Authority,58.0,67,Marked completed but no photo evidence uploaded; No payment record yet — vendor pattern unverified,reactive
WS/MP18391/2024-2025/140322,S SUPONGMEREN JAMIR,Nagaland,Inspect,District Authority,58.0,67,Marked completed but no photo evidence uploaded; No payment record yet — vendor pattern unverified,reactive
WS/MP18336/2024-2025/147600,BRIJMOHAN AGRAWAL,Chhattisgarh,Inspect,District Authority,58.0,67,Marked completed but no photo evidence uploaded; No payment record yet — vendor pattern unverified,reactive
WS/MP453/2024-2025/152906,Saptagiri Sankar Ulaka,Odisha,Inspect,District Authority,58.0,67,Marked completed but no photo evidence uploaded; No payment record yet — vendor pattern unverified,reactive
WS/MP18338/2024-2025/152383,CHAMALA KIRAN KUMAR REDDY,Telangana,Inspect,District Authority,57.9,67,Marked completed but no photo evidence uploaded; No payment record yet — vendor pattern unverified,reactive
WS/MP18338/2024-2025/152379,CHAMALA KIRAN KUMAR REDDY,Telangana,Inspect,District Authority,57.9,67,Marked completed but no photo evidence uploaded; No payment record yet — vendor pattern unverified,reactive
WS/MP18338/2024-2025/152367,CHAMALA KIRAN KUMAR REDDY,Telangana,Inspect,District Authority,57.9,67,Marked completed but no photo evidence uploaded; No payment record yet — vendor pattern unverified,reactive
WS/MP18338/2024-2025/152365,CHAMALA KIRAN KUMAR REDDY,Telangana,Inspect,District Authority,57.9,67,Marked completed but no photo evidence uploaded; No payment record yet — vendor pattern unverified,reactive
WS/MP18338/2024-2025/152376,CHAMALA KIRAN KUMAR REDDY,Telangana,Inspect,District Authority,57.9,67,Marked completed but no photo evidence uploaded; No payment record yet — vendor pattern unverified,reactive
WS/MP18338/2024-2025/152386,CHAMALA KIRAN KUMAR REDDY,Telangana,Inspect,District Authority,57.9,67,Marked completed but no photo evidence uploaded; No payment record yet — vendor pattern unverified,reactive
WS/MP18338/2024-2025/152387,CHAMALA KIRAN KUMAR REDDY,Telangana,Inspect,District Authority,57.9,67,Marked completed but no photo evidence uploaded; No payment record yet — vendor pattern unverified,reactive
WS/MP18338/2024-2025/152366,CHAMALA KIRAN KUMAR REDDY,Telangana,Inspect,District Authority,57.9,67,Marked completed but no photo evidence uploaded; No payment record yet — vendor pattern unverified,reactive
WS/MP18338/2024-2025/152384,CHAMALA KIRAN KUMAR REDDY,Telangana,Inspect,District Authority,57.9,67,Marked completed but no photo evidence uploaded; No payment record yet — vendor pattern unverified,reactive
WS/MP18257/2024-2025/141676,ABHIJIT GANGOPADHYAY,West Bengal,Inspect,District Authority,57.8,67,Marked completed but no photo evidence uploaded; No payment record yet — vendor pattern unverified,reactive
WS/MP18043/2024-2025/140407,MANOJ KUMAR,Bihar,Inspect,District Authority,57.8,67,Marked completed but no photo evidence uploaded; No payment record yet — vendor pattern unverified,reactive
WS/MP710/2025-2026/146370,Vaithilingam Ve,Puducherry,Review Estimate,District Authority,57.8,67,"Cost is unusually higher than comparable works (category-only baseline, z=5.1); No payment record yet — vendor pattern unverified",reactive
WS/MP386/2024-2025/145024,Shri Hanuman Beniwal,Rajasthan,Inspect,District Authority,57.8,67,Marked completed but no photo evidence uploaded; No payment record yet — vendor pattern unverified,reactive
WS/MP18209/2025-2026/144767,CHANDAN CHAUHAN,Uttar Pradesh,Inspect,District Authority,57.7,67,Marked completed but no photo evidence uploaded; No payment record yet — vendor pattern unverified,reactive
WS/MP18220/2024-2025/147978,ANOOP PRADHAN BALMIKI,Uttar Pradesh,Inspect,District Authority,57.4,67,Marked completed but no photo evidence uploaded; No payment record yet — vendor pattern unverified,reactive
WS/MP013/2024-2025/141729,Indra Hang Subba,Sikkim,Inspect,District Authority,57.3,67,Marked completed but no photo evidence uploaded; No payment record yet — vendor pattern unverified,reactive
WS/MP799/2024-2025/154640,Pankaj Chowdhary,Uttar Pradesh,Inspect,District Authority,57.1,67,Marked completed but no photo evidence uploaded; No payment record yet — vendor pattern unverified,reactive
WS/MP381/2024-2025/153012,Shri Gurjeet Singh Aujla,Punjab,Inspect,District Authority,57.1,67,Marked completed but no photo evidence uploaded; No payment record yet — vendor pattern unverified,reactive
WS/MP18180/2025-2026/149580,ARUN NEHRU,Tamil Nadu,Inspect,District Authority,57.1,67,Marked completed but no photo evidence uploaded; No payment record yet — vendor pattern unverified,reactive
WS/MP799/2024-2025/154634,Pankaj Chowdhary,Uttar Pradesh,Inspect,District Authority,57.1,67,Marked completed but no photo evidence uploaded; No payment record yet — vendor pattern unverified,reactive
WS/MP18074/2024-2025/140257,KALI CHARAN MUNDA,Jharkhand,Inspect,District Authority,56.8,67,Marked completed but no photo evidence uploaded; No payment record yet — vendor pattern unverified,reactive
WS/MP386/2024-2025/144922,Shri Hanuman Beniwal,Rajasthan,Inspect,District Authority,56.8,67,Marked completed but no photo evidence uploaded; No payment record yet — vendor pattern unverified,reactive
WS/MP18006/2024-2025/135658,DAGGUMALLA PRASADA RAO,Andhra Pradesh,Review Estimate,District Authority,56.8,33,"Cost is unusually higher than comparable works (state+category baseline, z=5.9); No payment record yet — vendor pattern unverified",reactive
WS/MP716/2024-2025/141819,Smt Harsimrat Kaur Badal,Punjab,Inspect,District Authority,56.8,67,Marked completed but no photo evidence uploaded; No payment record yet — vendor pattern unverified,reactive
WS/MP18019/2024-2025/137604,AMARSING TISSO,Assam,Inspect,District Authority,56.6,67,Marked completed but no photo evidence uploaded; No payment record yet — vendor pattern unverified,reactive
WS/MP641/2024-2025/143280,Gajendra Singh Patel,Madhya Pradesh,Inspect,District Authority,56.3,67,Marked completed but no photo evidence uploaded; No payment record yet — vendor pattern unverified,reactive
WS/MP18248/2024-2025/152612,DR. SHARMILA SARKAR,West Bengal,Inspect,District Authority,56.2,67,Marked completed but no photo evidence uploaded; No payment record yet — vendor pattern unverified,reactive
WS/MP386/2024-2025/144970,Shri Hanuman Beniwal,Rajasthan,Inspect,District Authority,56.2,67,Marked completed but no photo evidence uploaded; No payment record yet — vendor pattern unverified,reactive
WS/MP18176/2024-2025/140385,SACHITHANANTHAM R,Tamil Nadu,Inspect,District Authority,56.2,67,Marked completed but no photo evidence uploaded; No payment record yet — vendor pattern unverified,reactive
WS/MP517/2024-2025/140104,Rajkumar Chahar,Uttar Pradesh,Inspect,District Authority,56.2,67,Marked completed but no photo evidence uploaded; No payment record yet — vendor pattern unverified,reactive
WS/MP517/2024-2025/140107,Rajkumar Chahar,Uttar Pradesh,Inspect,District Authority,56.2,67,Marked completed but no photo evidence uploaded; No payment record yet — vendor pattern unverified,reactive
WS/MP517/2024-2025/140108,Rajkumar Chahar,Uttar Pradesh,Inspect,District Authority,56.2,67,Marked completed but no photo evidence uploaded; No payment record yet — vendor pattern unverified,reactive
WS/MP517/2024-2025/140106,Rajkumar Chahar,Uttar Pradesh,Inspect,District Authority,56.2,67,Marked completed but no photo evidence uploaded; No payment record yet — vendor pattern unverified,reactive
WS/MP799/2024-2025/154642,Pankaj Chowdhary,Uttar Pradesh,Inspect,District Authority,56.1,67,Marked completed but no photo evidence uploaded; No payment record yet — vendor pattern unverified,reactive
WS/MP18209/2025-2026/144761,CHANDAN CHAUHAN,Uttar Pradesh,Inspect,District Authority,56.1,67,Marked completed but no photo evidence uploaded; No payment record yet — vendor pattern unverified,reactive
WS/MP799/2024-2025/154651,Pankaj Chowdhary,Uttar Pradesh,Inspect,District Authority,56.1,67,Marked completed but no photo evidence uploaded; No payment record yet — vendor pattern unverified,reactive
WS/MP18032/2024-2025/136948,SUDHAKAR SINGH,Bihar,Inspect,District Authority,56.0,67,Marked completed but no photo evidence uploaded; No payment record yet — vendor pattern unverified,reactive
WS/MP18032/2024-2025/137013,SUDHAKAR SINGH,Bihar,Inspect,District Authority,56.0,67,Marked completed but no photo evidence uploaded; No payment record yet — vendor pattern unverified,reactive
WS/MP18230/2024-2025/148655,R.K. CHAUDHARY,Uttar Pradesh,Inspect,District Authority,55.8,67,Marked completed but no photo evidence uploaded; No payment record yet — vendor pattern unverified,reactive
WS/MP18230/2024-2025/148664,R.K. CHAUDHARY,Uttar Pradesh,Inspect,District Authority,55.8,67,Marked completed but no photo evidence uploaded; No payment record yet — vendor pattern unverified,reactive
WS/MP18230/2024-2025/148653,R.K. CHAUDHARY,Uttar Pradesh,Inspect,District Authority,55.8,67,Marked completed but no photo evidence uploaded; No payment record yet — vendor pattern unverified,reactive
WS/MP18230/2024-2025/148659,R.K. CHAUDHARY,Uttar Pradesh,Inspect,District Authority,55.8,67,Marked completed but no photo evidence uploaded; No payment record yet — vendor pattern unverified,reactive
WS/MP18230/2024-2025/148660,R.K. CHAUDHARY,Uttar Pradesh,Inspect,District Authority,55.8,67,Marked completed but no photo evidence uploaded; No payment record yet — vendor pattern unverified,reactive
WS/MP18230/2024-2025/148661,R.K. CHAUDHARY,Uttar Pradesh,Inspect,District Authority,55.8,67,Marked completed but no photo evidence uploaded; No payment record yet — vendor pattern unverified,reactive
WS/MP18230/2024-2025/148665,R.K. CHAUDHARY,Uttar Pradesh,Inspect,District Authority,55.8,67,Marked completed but no photo evidence uploaded; No payment record yet — vendor pattern unverified,reactive
WS/MP18230/2024-2025/148658,R.K. CHAUDHARY,Uttar Pradesh,Inspect,District Authority,55.8,67,Marked completed but no photo evidence uploaded; No payment record yet — vendor pattern unverified,reactive
WS/MP18230/2024-2025/148654,R.K. CHAUDHARY,Uttar Pradesh,Inspect,District Authority,55.8,67,Marked completed but no photo evidence uploaded; No payment record yet — vendor pattern unverified,reactive
WS/MP18230/2024-2025/148663,R.K. CHAUDHARY,Uttar Pradesh,Inspect,District Authority,55.8,67,Marked completed but no photo evidence uploaded; No payment record yet — vendor pattern unverified,reactive
WS/MP18230/2024-2025/148662,R.K. CHAUDHARY,Uttar Pradesh,Inspect,District Authority,55.8,67,Marked completed but no photo evidence uploaded; No payment record yet — vendor pattern unverified,reactive
WS/MP18230/2024-2025/148666,R.K. CHAUDHARY,Uttar Pradesh,Inspect,District Authority,55.8,67,Marked completed but no photo evidence uploaded; No payment record yet — vendor pattern unverified,reactive
WS/MP418/2024-2025/133409,Pradeep Kumar Singh,Bihar,Inspect,District Authority,55.7,67,Marked completed but no photo evidence uploaded; No payment record yet — vendor pattern unverified,reactive
WS/MP18032/2024-2025/134041,SUDHAKAR SINGH,Bihar,Inspect,District Authority,55.7,67,Marked completed but no photo evidence uploaded; No payment record yet — vendor pattern unverified,reactive
WS/MP18209/2025-2026/144763,CHANDAN CHAUHAN,Uttar Pradesh,Inspect,District Authority,55.6,67,Marked completed but no photo evidence uploaded; No payment record yet — vendor pattern unverified,reactive
WS/MP356/2024-2025/137884,Shri Sudheer Gupta,Madhya Pradesh,Review Estimate,District Authority,55.5,67,"Cost is unusually lower than comparable works (state+category baseline, z=-11.0); No payment record yet — vendor pattern unverified",reactive
WS/MP334/2024-2025/141878,Shri Chandra Prakash Choudhary,Jharkhand,Inspect,District Authority,55.2,67,Marked completed but no photo evidence uploaded; No payment record yet — vendor pattern unverified,reactive
WS/MP334/2024-2025/141877,Shri Chandra Prakash Choudhary,Jharkhand,Inspect,District Authority,55.2,67,Marked completed but no photo evidence uploaded; No payment record yet — vendor pattern unverified,reactive
WS/MP799/2024-2025/154639,Pankaj Chowdhary,Uttar Pradesh,Inspect,District Authority,55.0,67,Marked completed but no photo evidence uploaded; No payment record yet — vendor pattern unverified,reactive
WS/MP334/2024-2025/141879,Shri Chandra Prakash Choudhary,Jharkhand,Inspect,District Authority,54.6,67,Marked completed but no photo evidence uploaded; No payment record yet — vendor pattern unverified,reactive
WS/MP18217/2024-2025/136145,AKSHAYA YADAV,Uttar Pradesh,Review Estimate,District Authority,54.4,67,"Cost is unusually higher than comparable works (state+category baseline, z=4.7); No payment record yet — vendor pattern unverified",reactive
WS/MP18161/2024-2025/136676,SANJNA JATAV,Rajasthan,Inspect,District Authority,54.3,67,Marked completed but no photo evidence uploaded; No payment record yet — vendor pattern unverified,reactive
WS/MP386/2024-2025/144929,Shri Hanuman Beniwal,Rajasthan,Inspect,District Authority,54.1,67,Marked completed but no photo evidence uploaded; No payment record yet — vendor pattern unverified,reactive
WS/MP18173/2024-2025/137914,THARANIVENTHAN M S,Tamil Nadu,Inspect,District Authority,54.0,67,Marked completed but no photo evidence uploaded; No payment record yet — vendor pattern unverified,reactive
WS/MP758/2025-2026/149068,Smt S Jothimani,Tamil Nadu,Review Estimate,District Authority,53.9,67,"Cost is unusually lower than comparable works (state+category baseline, z=-3.7); No payment record yet — vendor pattern unverified",reactive
WS/MP18391/2024-2025/140289,S SUPONGMEREN JAMIR,Nagaland,Review Estimate,District Authority,53.9,67,"Cost is unusually higher than comparable works (category-only baseline, z=4.6); No payment record yet — vendor pattern unverified",reactive
WS/MP386/2024-2025/144968,Shri Hanuman Beniwal,Rajasthan,Inspect,District Authority,53.8,67,Marked completed but no photo evidence uploaded; No payment record yet — vendor pattern unverified,reactive
WS/MP435/2024-2025/145969,Sanjay Seth,Jharkhand,Inspect,District Authority,53.7,67,Marked completed but no photo evidence uploaded; No payment record yet — vendor pattern unverified,reactive
WS/MP435/2024-2025/145826,Sanjay Seth,Jharkhand,Inspect,District Authority,53.7,67,Marked completed but no photo evidence uploaded; No payment record yet — vendor pattern unverified,reactive
WS/MP18241/2024-2025/145267,RAKESH RATHOR,Uttar Pradesh,Inspect,District Authority,53.7,67,Marked completed but no photo evidence uploaded; No payment record yet — vendor pattern unverified,reactive
WS/MP386/2024-2025/142486,Shri Hanuman Beniwal,Rajasthan,Inspect,District Authority,53.5,67,Marked completed but no photo evidence uploaded; No payment record yet — vendor pattern unverified,reactive
WS/MP18069/2024-2025/150863,RAJEEV BHARDWAJ,Himachal Pradesh,Inspect,District Authority,53.5,67,Marked completed but no photo evidence uploaded; No payment record yet — vendor pattern unverified,reactive
WS/MP435/2024-2025/147153,Sanjay Seth,Jharkhand,Inspect,District Authority,53.5,67,Marked completed but no photo evidence uploaded; No payment record yet — vendor pattern unverified,reactive
WS/MP485/2024-2025/137224,Pratima Mondal,West Bengal,Review Estimate,District Authority,53.3,67,"Cost is unusually higher than comparable works (state+category baseline, z=3.3); No payment record yet — vendor pattern unverified",reactive
WS/MP18019/2024-2025/137603,AMARSING TISSO,Assam,Inspect,District Authority,53.3,67,Marked completed but no photo evidence uploaded; No payment record yet — vendor pattern unverified,reactive
WS/MP18180/2025-2026/149577,ARUN NEHRU,Tamil Nadu,Inspect,District Authority,53.2,67,Marked completed but no photo evidence uploaded; No payment record yet — vendor pattern unverified,reactive
WS/MP386/2024-2025/144979,Shri Hanuman Beniwal,Rajasthan,Inspect,District Authority,53.2,67,Marked completed but no photo evidence uploaded; No payment record yet — vendor pattern unverified,reactive
WS/MP350/2025-2026/149163,Shri Rajmohan Unnithan,Kerala,Review Estimate,District Authority,53.1,33,"Cost is unusually higher than comparable works (category-only baseline, z=5.3); No payment record yet — vendor pattern unverified",reactive
WS/MP632/2025-2026/142399,Anto Antony,Kerala,Review Estimate,District Authority,53.1,33,"Cost is unusually higher than comparable works (state+category baseline, z=5.3); No payment record yet — vendor pattern unverified",reactive
WS/MP18019/2024-2025/137605,AMARSING TISSO,Assam,Inspect,District Authority,52.9,67,Marked completed but no photo evidence uploaded; No payment record yet — vendor pattern unverified,reactive
WS/MP18241/2024-2025/145269,RAKESH RATHOR,Uttar Pradesh,Inspect,District Authority,52.9,67,Marked completed but no photo evidence uploaded; No payment record yet — vendor pattern unverified,reactive
WS/MP18220/2024-2025/147973,ANOOP PRADHAN BALMIKI,Uttar Pradesh,Inspect,District Authority,52.7,67,Marked completed but no photo evidence uploaded; No payment record yet — vendor pattern unverified,reactive
WS/MP18074/2024-2025/138713,KALI CHARAN MUNDA,Jharkhand,Inspect,District Authority,52.7,67,Marked completed but no photo evidence uploaded; No payment record yet — vendor pattern unverified,reactive
WS/MP18220/2024-2025/147974,ANOOP PRADHAN BALMIKI,Uttar Pradesh,Inspect,District Authority,52.6,67,Marked completed but no photo evidence uploaded; No payment record yet — vendor pattern unverified,reactive
WS/MP18019/2024-2025/137600,AMARSING TISSO,Assam,Inspect,District Authority,52.5,67,Marked completed but no photo evidence uploaded; No payment record yet — vendor pattern unverified,reactive
WS/MP435/2024-2025/145627,Sanjay Seth,Jharkhand,Inspect,District Authority,52.5,67,Marked completed but no photo evidence uploaded; No payment record yet — vendor pattern unverified,reactive
WS/MP18019/2024-2025/137598,AMARSING TISSO,Assam,Inspect,District Authority,52.5,67,Marked completed but no photo evidence uploaded; No payment record yet — vendor pattern unverified,reactive
WS/MP18019/2024-2025/137599,AMARSING TISSO,Assam,Inspect,District Authority,52.5,67,Marked completed but no photo evidence uploaded; No payment record yet — vendor pattern unverified,reactive
WS/MP18039/2025-2026/152022,RAJESH VERMA,Bihar,Inspect,District Authority,52.4,67,Marked completed but no photo evidence uploaded; No payment record yet — vendor pattern unverified,reactive
WS/MP18032/2024-2025/134026,SUDHAKAR SINGH,Bihar,Inspect,District Authority,52.3,67,Marked completed but no photo evidence uploaded; No payment record yet — vendor pattern unverified,reactive
WS/MP552/2024-2025/154851,Radha Mohan Singh,Bihar,Inspect,District Authority,52.2,67,Marked completed but no photo evidence uploaded; No payment record yet — vendor pattern unverified,reactive
WS/MP552/2024-2025/154850,Radha Mohan Singh,Bihar,Inspect,District Authority,52.2,67,Marked completed but no photo evidence uploaded; No payment record yet — vendor pattern unverified,reactive
WS/MP18019/2024-2025/137602,AMARSING TISSO,Assam,Inspect,District Authority,52.1,67,Marked completed but no photo evidence uploaded; No payment record yet — vendor pattern unverified,reactive
WS/MP18109/2024-2025/150119,DR. RAJESH MISHRA,Madhya Pradesh,Inspect,District Authority,52.0,67,Marked completed but no photo evidence uploaded; No payment record yet — vendor pattern unverified,reactive
WS/MP18032/2024-2025/134039,SUDHAKAR SINGH,Bihar,Inspect,District Authority,52.0,67,Marked completed but no photo evidence uploaded; No payment record yet — vendor pattern unverified,reactive
WS/MP18152/2024-2025/141223,SARABJEET SINGH KHALSA,Punjab,Inspect,District Authority,51.9,67,Marked completed but no photo evidence uploaded; No payment record yet — vendor pattern unverified,reactive
WS/MP18338/2025-2026/152026,CHAMALA KIRAN KUMAR REDDY,Telangana,Inspect,District Authority,51.8,67,Marked completed but no photo evidence uploaded; No payment record yet — vendor pattern unverified,reactive
WS/MP18338/2025-2026/151988,CHAMALA KIRAN KUMAR REDDY,Telangana,Inspect,District Authority,51.8,67,Marked completed but no photo evidence uploaded; No payment record yet — vendor pattern unverified,reactive
WS/MP18338/2025-2026/151982,CHAMALA KIRAN KUMAR REDDY,Telangana,Inspect,District Authority,51.8,67,Marked completed but no photo evidence uploaded; No payment record yet — vendor pattern unverified,reactive
WS/MP18338/2025-2026/151994,CHAMALA KIRAN KUMAR REDDY,Telangana,Inspect,District Authority,51.8,67,Marked completed but no photo evidence uploaded; No payment record yet — vendor pattern unverified,reactive
WS/MP18173/2024-2025/137458,THARANIVENTHAN M S,Tamil Nadu,Inspect,District Authority,51.8,67,Marked completed but no photo evidence uploaded; No payment record yet — vendor pattern unverified,reactive
WS/MP18338/2025-2026/152013,CHAMALA KIRAN KUMAR REDDY,Telangana,Inspect,District Authority,51.8,67,Marked completed but no photo evidence uploaded; No payment record yet — vendor pattern unverified,reactive
WS/MP18032/2024-2025/137006,SUDHAKAR SINGH,Bihar,Inspect,District Authority,51.8,67,Marked completed but no photo evidence uploaded; No payment record yet — vendor pattern unverified,reactive
WS/MP18032/2025-2026/149324,SUDHAKAR SINGH,Bihar,Inspect,District Authority,51.8,67,Marked completed but no photo evidence uploaded; No payment record yet — vendor pattern unverified,reactive
WS/MP18338/2025-2026/152015,CHAMALA KIRAN KUMAR REDDY,Telangana,Inspect,District Authority,51.8,67,Marked completed but no photo evidence uploaded; No payment record yet — vendor pattern unverified,reactive
WS/MP18338/2025-2026/152009,CHAMALA KIRAN KUMAR REDDY,Telangana,Inspect,District Authority,51.8,67,Marked completed but no photo evidence uploaded; No payment record yet — vendor pattern unverified,reactive
WS/MP18338/2025-2026/151979,CHAMALA KIRAN KUMAR REDDY,Telangana,Inspect,District Authority,51.8,67,Marked completed but no photo evidence uploaded; No payment record yet — vendor pattern unverified,reactive
WS/MP18338/2025-2026/151978,CHAMALA KIRAN KUMAR REDDY,Telangana,Inspect,District Authority,51.8,67,Marked completed but no photo evidence uploaded; No payment record yet — vendor pattern unverified,reactive
WS/MP18338/2025-2026/151998,CHAMALA KIRAN KUMAR REDDY,Telangana,Inspect,District Authority,51.8,67,Marked completed but no photo evidence uploaded; No payment record yet — vendor pattern unverified,reactive
WS/MP18338/2025-2026/151995,CHAMALA KIRAN KUMAR REDDY,Telangana,Inspect,District Authority,51.8,67,Marked completed but no photo evidence uploaded; No payment record yet — vendor pattern unverified,reactive
WS/MP18338/2025-2026/151948,CHAMALA KIRAN KUMAR REDDY,Telangana,Inspect,District Authority,51.8,67,Marked completed but no photo evidence uploaded; No payment record yet — vendor pattern unverified,reactive
WS/MP18338/2025-2026/151954,CHAMALA KIRAN KUMAR REDDY,Telangana,Inspect,District Authority,51.8,67,Marked completed but no photo evidence uploaded; No payment record yet — vendor pattern unverified,reactive
WS/MP18338/2025-2026/151955,CHAMALA KIRAN KUMAR REDDY,Telangana,Inspect,District Authority,51.8,67,Marked completed but no photo evidence uploaded; No payment record yet — vendor pattern unverified,reactive
WS/MP18338/2024-2025/152380,CHAMALA KIRAN KUMAR REDDY,Telangana,Inspect,District Authority,51.8,67,Marked completed but no photo evidence uploaded; No payment record yet — vendor pattern unverified,reactive
WS/MP18338/2024-2025/152517,CHAMALA KIRAN KUMAR REDDY,Telangana,Inspect,District Authority,51.8,67,Marked completed but no photo evidence uploaded; No payment record yet — vendor pattern unverified,reactive
WS/MP18338/2024-2025/152369,CHAMALA KIRAN KUMAR REDDY,Telangana,Inspect,District Authority,51.8,67,Marked completed but no photo evidence uploaded; No payment record yet — vendor pattern unverified,reactive
WS/MP18338/2024-2025/152374,CHAMALA KIRAN KUMAR REDDY,Telangana,Inspect,District Authority,51.8,67,Marked completed but no photo evidence uploaded; No payment record yet — vendor pattern unverified,reactive
WS/MP18338/2025-2026/152017,CHAMALA KIRAN KUMAR REDDY,Telangana,Inspect,District Authority,51.8,67,Marked completed but no photo evidence uploaded; No payment record yet — vendor pattern unverified,reactive
WS/MP18338/2025-2026/152014,CHAMALA KIRAN KUMAR REDDY,Telangana,Inspect,District Authority,51.8,67,Marked completed but no photo evidence uploaded; No payment record yet — vendor pattern unverified,reactive
WS/MP18338/2025-2026/151976,CHAMALA KIRAN KUMAR REDDY,Telangana,Inspect,District Authority,51.8,67,Marked completed but no photo evidence uploaded; No payment record yet — vendor pattern unverified,reactive
WS/MP18338/2025-2026/151958,CHAMALA KIRAN KUMAR REDDY,Telangana,Inspect,District Authority,51.8,67,Marked completed but no photo evidence uploaded; No payment record yet — vendor pattern unverified,reactive
WS/MP18338/2025-2026/152016,CHAMALA KIRAN KUMAR REDDY,Telangana,Inspect,District Authority,51.8,67,Marked completed but no photo evidence uploaded; No payment record yet — vendor pattern unverified,reactive
WS/MP18338/2025-2026/151992,CHAMALA KIRAN KUMAR REDDY,Telangana,Inspect,District Authority,51.8,67,Marked completed but no photo evidence uploaded; No payment record yet — vendor pattern unverified,reactive
WS/MP18338/2025-2026/151983,CHAMALA KIRAN KUMAR REDDY,Telangana,Inspect,District Authority,51.8,67,Marked completed but no photo evidence uploaded; No payment record yet — vendor pattern unverified,reactive
WS/MP18338/2024-2025/152359,CHAMALA KIRAN KUMAR REDDY,Telangana,Inspect,District Authority,51.8,67,Marked completed but no photo evidence uploaded; No payment record yet — vendor pattern unverified,reactive
WS/MP18338/2024-2025/152358,CHAMALA KIRAN KUMAR REDDY,Telangana,Inspect,District Authority,51.8,67,Marked completed but no photo evidence uploaded; No payment record yet — vendor pattern unverified,reactive
WS/MP18338/2024-2025/152361,CHAMALA KIRAN KUMAR REDDY,Telangana,Inspect,District Authority,51.8,67,Marked completed but no photo evidence uploaded; No payment record yet — vendor pattern unverified,reactive
WS/MP18338/2024-2025/152363,CHAMALA KIRAN KUMAR REDDY,Telangana,Inspect,District Authority,51.8,67,Marked completed but no photo evidence uploaded; No payment record yet — vendor pattern unverified,reactive
WS/MP18338/2024-2025/152364,CHAMALA KIRAN KUMAR REDDY,Telangana,Inspect,District Authority,51.8,67,Marked completed but no photo evidence uploaded; No payment record yet — vendor pattern unverified,reactive
WS/MP18338/2024-2025/152360,CHAMALA KIRAN KUMAR REDDY,Telangana,Inspect,District Authority,51.8,67,Marked completed but no photo evidence uploaded; No payment record yet — vendor pattern unverified,reactive
WS/MP18338/2025-2026/151990,CHAMALA KIRAN KUMAR REDDY,Telangana,Inspect,District Authority,51.8,67,Marked completed but no photo evidence uploaded; No payment record yet — vendor pattern unverified,reactive
WS/MP18338/2025-2026/151984,CHAMALA KIRAN KUMAR REDDY,Telangana,Inspect,District Authority,51.8,67,Marked completed but no photo evidence uploaded; No payment record yet — vendor pattern unverified,reactive
WS/MP18338/2025-2026/152012,CHAMALA KIRAN KUMAR REDDY,Telangana,Inspect,District Authority,51.8,67,Marked completed but no photo evidence uploaded; No payment record yet — vendor pattern unverified,reactive
WS/MP18338/2025-2026/151987,CHAMALA KIRAN KUMAR REDDY,Telangana,Inspect,District Authority,51.8,67,Marked completed but no photo evidence uploaded; No payment record yet — vendor pattern unverified,reactive
WS/MP552/2024-2025/154849,Radha Mohan Singh,Bihar,Inspect,District Authority,51.7,67,Marked completed but no photo evidence uploaded; No payment record yet — vendor pattern unverified,reactive
WS/MP517/2024-2025/140105,Rajkumar Chahar,Uttar Pradesh,Inspect,District Authority,51.7,67,Marked completed but no photo evidence uploaded; No payment record yet — vendor pattern unverified,reactive
WS/MP18208/2024-2025/150097,RAM PRASAD CHAUDHARY,Uttar Pradesh,Review Estimate,District Authority,51.6,67,"Cost is unusually higher than comparable works (state+category baseline, z=4.3); No payment record yet — vendor pattern unverified",reactive
WS/MP18043/2024-2025/140511,MANOJ KUMAR,Bihar,Inspect,District Authority,51.6,67,Marked completed but no photo evidence uploaded; No payment record yet — vendor pattern unverified,reactive
WS/MP761/2024-2025/147242,Arvind Dharmapuri,Telangana,Inspect,District Authority,51.4,67,Marked completed but no photo evidence uploaded; No payment record yet — vendor pattern unverified,reactive
WS/MP18032/2024-2025/134022,SUDHAKAR SINGH,Bihar,Inspect,District Authority,51.3,67,Marked completed but no photo evidence uploaded; No payment record yet — vendor pattern unverified,reactive
WS/MP18032/2024-2025/134023,SUDHAKAR SINGH,Bihar,Inspect,District Authority,51.3,67,Marked completed but no photo evidence uploaded; No payment record yet — vendor pattern unverified,reactive
WS/MP18032/2024-2025/134024,SUDHAKAR SINGH,Bihar,Inspect,District Authority,51.3,67,Marked completed but no photo evidence uploaded; No payment record yet — vendor pattern unverified,reactive
WS/MP18220/2024-2025/147842,ANOOP PRADHAN BALMIKI,Uttar Pradesh,Inspect,District Authority,51.2,67,Marked completed but no photo evidence uploaded; No payment record yet — vendor pattern unverified,reactive
,Khagen Murmu,West Bengal,Review Estimate,District Authority,50.9,33,"Cost is unusually higher than comparable works (state+category baseline, z=5.1); No payment record yet — vendor pattern unverified",reactive
WS/MP18217/2024-2025/136856,AKSHAYA YADAV,Uttar Pradesh,Review Estimate,District Authority,50.7,67,"Cost is unusually higher than comparable works (state+category baseline, z=4.2); No payment record yet — vendor pattern unverified",reactive
WS/MP18162/2024-2025/147105,DAMODAR AGARWAL,Rajasthan,Inspect,District Authority,50.5,100,Marked completed but no photo evidence uploaded,reactive
WS/MP18199/2024-2025/135924,LALJI VERMA,Uttar Pradesh,Inspect,District Authority,50.4,67,Marked completed but no photo evidence uploaded; No payment record yet — vendor pattern unverified,reactive
WS/MP799/2024-2025/154636,Pankaj Chowdhary,Uttar Pradesh,Inspect,District Authority,50.4,67,Marked completed but no photo evidence uploaded; No payment record yet — vendor pattern unverified,reactive
WS/MP18043/2024-2025/140460,MANOJ KUMAR,Bihar,Inspect,District Authority,50.4,67,Marked completed but no photo evidence uploaded; No payment record yet — vendor pattern unverified,reactive
WS/MP641/2024-2025/143281,Gajendra Singh Patel,Madhya Pradesh,Inspect,District Authority,50.4,67,Marked completed but no photo evidence uploaded; No payment record yet — vendor pattern unverified,reactive
WS/MP18241/2024-2025/145271,RAKESH RATHOR,Uttar Pradesh,Inspect,District Authority,50.4,67,Marked completed but no photo evidence uploaded; No payment record yet — vendor pattern unverified,reactive
WS/MP18241/2024-2025/145275,RAKESH RATHOR,Uttar Pradesh,Inspect,District Authority,50.4,67,Marked completed but no photo evidence uploaded; No payment record yet — vendor pattern unverified,reactive
WS/MP598/2024-2025/146971,Suresh Kumar Kashyap,Himachal Pradesh,Inspect,District Authority,50.4,67,Marked completed but no photo evidence uploaded; No payment record yet — vendor pattern unverified,reactive
WS/MP18391/2024-2025/140298,S SUPONGMEREN JAMIR,Nagaland,Inspect,District Authority,50.4,67,Marked completed but no photo evidence uploaded; No payment record yet — vendor pattern unverified,reactive
WS/MP013/2024-2025/137611,Indra Hang Subba,Sikkim,Inspect,District Authority,50.2,67,Marked completed but no photo evidence uploaded; No payment record yet — vendor pattern unverified,reactive
WS/MP18051/2024-2025/149153,ROOP KUMARI CHOUDHARY,Chhattisgarh,Inspect,District Authority,50.2,67,Marked completed but no photo evidence uploaded; No payment record yet — vendor pattern unverified,reactive
WS/MP18051/2024-2025/151167,ROOP KUMARI CHOUDHARY,Chhattisgarh,Inspect,District Authority,50.2,67,Marked completed but no photo evidence uploaded; No payment record yet — vendor pattern unverified,reactive
WS/MP386/2024-2025/144983,Shri Hanuman Beniwal,Rajasthan,Inspect,District Authority,50.0,67,Marked completed but no photo evidence uploaded; No payment record yet — vendor pattern unverified,reactive
WS/MP18338/2024-2025/153002,CHAMALA KIRAN KUMAR REDDY,Telangana,Review Estimate,District Authority,49.9,67,"Cost is unusually higher than comparable works (state+category baseline, z=4.1); No payment record yet — vendor pattern unverified",reactive
WS/MP013/2024-2025/145805,Indra Hang Subba,Sikkim,Review Estimate,District Authority,49.9,67,"Cost is unusually higher than comparable works (category-only baseline, z=4.1); No payment record yet — vendor pattern unverified",reactive
WS/MP18308/2025-2026/145431,RAVINDRA DATTARAM WAIKAR,Maharashtra,Review Estimate,District Authority,49.7,33,"Cost is unusually higher than comparable works (state+category baseline, z=4.9); No payment record yet — vendor pattern unverified",reactive
WS/MP18277/2024-2025/149787,AZAD KIRTI JHA,West Bengal,Review Estimate,District Authority,49.7,33,"Cost is unusually higher than comparable works (state+category baseline, z=4.9); No payment record yet — vendor pattern unverified",reactive
WS/MP582/2024-2025/137295,Prabhubhai Nagarbhai Vasava,Gujarat,Inspect,District Authority,49.6,67,Marked completed but no photo evidence uploaded; No payment record yet — vendor pattern unverified,reactive
WS/MP598/2024-2025/145394,Suresh Kumar Kashyap,Himachal Pradesh,Inspect,District Authority,49.2,67,Marked completed but no photo evidence uploaded; No payment record yet — vendor pattern unverified,reactive
WS/MP348/2025-2026/149704,Shri Benny Behanan,Kerala,Review Estimate,District Authority,49.2,33,"Cost is unusually higher than comparable works (category-only baseline, z=4.8); No payment record yet — vendor pattern unverified",reactive
WS/MP18220/2024-2025/147971,ANOOP PRADHAN BALMIKI,Uttar Pradesh,Inspect,District Authority,49.1,67,Marked completed but no photo evidence uploaded; No payment record yet — vendor pattern unverified,reactive
WS/MP18335/2024-2025/150815,RADHE SHYAM RATHIYA,Chhattisgarh,Inspect,District Authority,49.1,67,Marked completed but no photo evidence uploaded; No payment record yet — vendor pattern unverified,reactive
WS/MP393/2025-2026/148981,Shri Karti P Chidambaram,Tamil Nadu,Review Estimate,District Authority,49.1,33,"Cost is unusually higher than comparable works (state+category baseline, z=4.8); No payment record yet — vendor pattern unverified",reactive
WS/MP792/2024-2025/136736,Jai Prakash,Uttar Pradesh,Review Estimate,District Authority,49.1,33,"Cost is unusually higher than comparable works (state+category baseline, z=4.8); No payment record yet — vendor pattern unverified",reactive
WS/MP319/2024-2025/146151,Dr Mohammad Jawed,Bihar,Inspect,District Authority,49.0,67,Marked completed but no photo evidence uploaded; No payment record yet — vendor pattern unverified,reactive
WS/MP319/2024-2025/146150,Dr Mohammad Jawed,Bihar,Inspect,District Authority,49.0,67,Marked completed but no photo evidence uploaded; No payment record yet — vendor pattern unverified,reactive
WS/MP319/2024-2025/146147,Dr Mohammad Jawed,Bihar,Inspect,District Authority,49.0,67,Marked completed but no photo evidence uploaded; No payment record yet — vendor pattern unverified,reactive
WS/MP319/2024-2025/146152,Dr Mohammad Jawed,Bihar,Inspect,District Authority,49.0,67,Marked completed but no photo evidence uploaded; No payment record yet — vendor pattern unverified,reactive
WS/MP319/2024-2025/146136,Dr Mohammad Jawed,Bihar,Inspect,District Authority,49.0,67,Marked completed but no photo evidence uploaded; No payment record yet — vendor pattern unverified,reactive
WS/MP319/2024-2025/146127,Dr Mohammad Jawed,Bihar,Inspect,District Authority,49.0,67,Marked completed but no photo evidence uploaded; No payment record yet — vendor pattern unverified,reactive
WS/MP319/2025-2026/146140,Dr Mohammad Jawed,Bihar,Inspect,District Authority,49.0,67,Marked completed but no photo evidence uploaded; No payment record yet — vendor pattern unverified,reactive
WS/MP319/2024-2025/146141,Dr Mohammad Jawed,Bihar,Inspect,District Authority,49.0,67,Marked completed but no photo evidence uploaded; No payment record yet — vendor pattern unverified,reactive
WS/MP319/2024-2025/146143,Dr Mohammad Jawed,Bihar,Inspect,District Authority,49.0,67,Marked completed but no photo evidence uploaded; No payment record yet — vendor pattern unverified,reactive
WS/MP319/2024-2025/146142,Dr Mohammad Jawed,Bihar,Inspect,District Authority,49.0,67,Marked completed but no photo evidence uploaded; No payment record yet — vendor pattern unverified,reactive
WS/MP319/2024-2025/146144,Dr Mohammad Jawed,Bihar,Inspect,District Authority,49.0,67,Marked completed but no photo evidence uploaded; No payment record yet — vendor pattern unverified,reactive
WS/MP319/2024-2025/146145,Dr Mohammad Jawed,Bihar,Inspect,District Authority,49.0,67,Marked completed but no photo evidence uploaded; No payment record yet — vendor pattern unverified,reactive
WS/MP319/2024-2025/146138,Dr Mohammad Jawed,Bihar,Inspect,District Authority,49.0,67,Marked completed but no photo evidence uploaded; No payment record yet — vendor pattern unverified,reactive
WS/MP319/2024-2025/146137,Dr Mohammad Jawed,Bihar,Inspect,District Authority,49.0,67,Marked completed but no photo evidence uploaded; No payment record yet — vendor pattern unverified,reactive
WS/MP319/2024-2025/146135,Dr Mohammad Jawed,Bihar,Inspect,District Authority,49.0,67,Marked completed but no photo evidence uploaded; No payment record yet — vendor pattern unverified,reactive
WS/MP319/2024-2025/146133,Dr Mohammad Jawed,Bihar,Inspect,District Authority,49.0,67,Marked completed but no photo evidence uploaded; No payment record yet — vendor pattern unverified,reactive
WS/MP319/2024-2025/146131,Dr Mohammad Jawed,Bihar,Inspect,District Authority,49.0,67,Marked completed but no photo evidence uploaded; No payment record yet — vendor pattern unverified,reactive
WS/MP319/2024-2025/146132,Dr Mohammad Jawed,Bihar,Inspect,District Authority,49.0,67,Marked completed but no photo evidence uploaded; No payment record yet — vendor pattern unverified,reactive
WS/MP319/2024-2025/146129,Dr Mohammad Jawed,Bihar,Inspect,District Authority,49.0,67,Marked completed but no photo evidence uploaded; No payment record yet — vendor pattern unverified,reactive
WS/MP319/2024-2025/146130,Dr Mohammad Jawed,Bihar,Inspect,District Authority,49.0,67,Marked completed but no photo evidence uploaded; No payment record yet — vendor pattern unverified,reactive
WS/MP319/2024-2025/146146,Dr Mohammad Jawed,Bihar,Inspect,District Authority,49.0,67,Marked completed but no photo evidence uploaded; No payment record yet — vendor pattern unverified,reactive
WS/MP319/2024-2025/146139,Dr Mohammad Jawed,Bihar,Inspect,District Authority,49.0,67,Marked completed but no photo evidence uploaded; No payment record yet — vendor pattern unverified,reactive
WS/MP18209/2025-2026/144706,CHANDAN CHAUHAN,Uttar Pradesh,Inspect,District Authority,48.8,67,Marked completed but no photo evidence uploaded; No payment record yet — vendor pattern unverified,reactive
WS/MP761/2024-2025/139029,Arvind Dharmapuri,Telangana,Inspect,District Authority,48.7,67,Marked completed but no photo evidence uploaded; No payment record yet — vendor pattern unverified,reactive
WS/MP761/2024-2025/139008,Arvind Dharmapuri,Telangana,Inspect,District Authority,48.5,67,Marked completed but no photo evidence uploaded; No payment record yet — vendor pattern unverified,reactive
WS/MP18144/2024-2025/141592,MALVIKA DEVI,Odisha,Inspect,District Authority,48.5,67,Marked completed but no photo evidence uploaded; No payment record yet — vendor pattern unverified,reactive
WS/MP18144/2024-2025/141591,MALVIKA DEVI,Odisha,Inspect,District Authority,48.5,67,Marked completed but no photo evidence uploaded; No payment record yet — vendor pattern unverified,reactive
WS/MP18144/2024-2025/141590,MALVIKA DEVI,Odisha,Inspect,District Authority,48.5,67,Marked completed but no photo evidence uploaded; No payment record yet — vendor pattern unverified,reactive
WS/MP18144/2024-2025/141593,MALVIKA DEVI,Odisha,Inspect,District Authority,48.5,67,Marked completed but no photo evidence uploaded; No payment record yet — vendor pattern unverified,reactive
WS/MP18056/2024-2025/141633,PARSHOTTAMBHAI RUPALA,Gujarat,Inspect,District Authority,48.4,67,Marked completed but no photo evidence uploaded; No payment record yet — vendor pattern unverified,reactive
WS/MP582/2024-2025/149783,Prabhubhai Nagarbhai Vasava,Gujarat,Inspect,District Authority,48.4,67,Marked completed but no photo evidence uploaded; No payment record yet — vendor pattern unverified,reactive
WS/MP641/2024-2025/147436,Gajendra Singh Patel,Madhya Pradesh,Inspect,District Authority,48.4,67,Marked completed but no photo evidence uploaded; No payment record yet — vendor pattern unverified,reactive
WS/MP641/2024-2025/147444,Gajendra Singh Patel,Madhya Pradesh,Inspect,District Authority,48.4,67,Marked completed but no photo evidence uploaded; No payment record yet — vendor pattern unverified,reactive
WS/MP18236/2024-2025/139257,CHHOTELAL,Uttar Pradesh,Review Estimate,District Authority,48.4,33,"Cost is unusually lower than comparable works (state+category baseline, z=-5.5); No payment record yet — vendor pattern unverified",reactive
WS/MP453/2024-2025/152817,Saptagiri Sankar Ulaka,Odisha,Inspect,District Authority,48.4,67,Marked completed but no photo evidence uploaded; No payment record yet — vendor pattern unverified,reactive
WS/MP641/2024-2025/147438,Gajendra Singh Patel,Madhya Pradesh,Inspect,District Authority,48.4,67,Marked completed but no photo evidence uploaded; No payment record yet — vendor pattern unverified,reactive
WS/MP18313/2024-2025/147458,RAJ KUMAR ROAT,Rajasthan,Inspect,District Authority,48.3,100,Marked completed but no photo evidence uploaded,reactive
WS/MP18155/2024-2025/141704,DR. RAJ KUMAR CHABBEWAL,Punjab,Inspect,District Authority,48.3,100,Marked completed but no photo evidence uploaded; 11 works share identical description+amount under this MP/constituency — review for duplicate billing (may be legitimate bulk procurement),reactive
WS/MP18069/2025-2026/152902,RAJEEV BHARDWAJ,Himachal Pradesh,Inspect,District Authority,48.0,67,Marked completed but no photo evidence uploaded; No payment record yet — vendor pattern unverified,reactive
WS/MP18338/2024-2025/153010,CHAMALA KIRAN KUMAR REDDY,Telangana,Inspect,District Authority,48.0,67,Marked completed but no photo evidence uploaded; No payment record yet — vendor pattern unverified,reactive
WS/MP18338/2024-2025/153022,CHAMALA KIRAN KUMAR REDDY,Telangana,Inspect,District Authority,48.0,67,Marked completed but no photo evidence uploaded; No payment record yet — vendor pattern unverified,reactive
WS/MP18338/2024-2025/153013,CHAMALA KIRAN KUMAR REDDY,Telangana,Inspect,District Authority,48.0,67,Marked completed but no photo evidence uploaded; No payment record yet — vendor pattern unverified,reactive
WS/MP18338/2024-2025/153019,CHAMALA KIRAN KUMAR REDDY,Telangana,Inspect,District Authority,48.0,67,Marked completed but no photo evidence uploaded; No payment record yet — vendor pattern unverified,reactive
WS/MP386/2024-2025/144982,Shri Hanuman Beniwal,Rajasthan,Inspect,District Authority,47.9,67,Marked completed but no photo evidence uploaded; No payment record yet — vendor pattern unverified,reactive
WS/MP435/2024-2025/146299,Sanjay Seth,Jharkhand,Inspect,District Authority,47.9,67,Marked completed but no photo evidence uploaded; No payment record yet — vendor pattern unverified,reactive
WS/MP18241/2024-2025/145274,RAKESH RATHOR,Uttar Pradesh,Inspect,District Authority,47.9,67,Marked completed but no photo evidence uploaded; No payment record yet — vendor pattern unverified,reactive
WS/MP18043/2024-2025/140502,MANOJ KUMAR,Bihar,Inspect,District Authority,47.9,67,Marked completed but no photo evidence uploaded; No payment record yet — vendor pattern unverified,reactive
WS/MP18220/2024-2025/147975,ANOOP PRADHAN BALMIKI,Uttar Pradesh,Inspect,District Authority,47.9,67,Marked completed but no photo evidence uploaded; No payment record yet — vendor pattern unverified,reactive
WS/MP18176/2024-2025/139956,SACHITHANANTHAM R,Tamil Nadu,Inspect,District Authority,47.8,67,Marked completed but no photo evidence uploaded; No payment record yet — vendor pattern unverified,reactive
WS/MP494/2024-2025/142914,Prof SP Singh Baghel,Uttar Pradesh,Review Estimate,District Authority,47.7,33,"Cost is unusually lower than comparable works (state+category baseline, z=-4.5); No payment record yet — vendor pattern unverified",reactive
WS/MP386/2024-2025/144995,Shri Hanuman Beniwal,Rajasthan,Inspect,District Authority,47.4,67,Marked completed but no photo evidence uploaded; No payment record yet — vendor pattern unverified,reactive
WS/MP18220/2024-2025/147977,ANOOP PRADHAN BALMIKI,Uttar Pradesh,Inspect,District Authority,47.2,67,Marked completed but no photo evidence uploaded; No payment record yet — vendor pattern unverified,reactive
WS/MP18177/2025-2026/152629,K E PRAKASH,Tamil Nadu,Review Estimate,District Authority,47.1,33,"Cost is unusually lower than comparable works (state+category baseline, z=-4.0); No payment record yet — vendor pattern unverified",reactive
WS/MP18311/2024-2025/141037,MALVINDER SINGH KANG,Punjab,Inspect,District Authority,47.1,67,Marked completed but no photo evidence uploaded; No payment record yet — vendor pattern unverified,reactive
WS/MP758/2025-2026/149070,Smt S Jothimani,Tamil Nadu,Review Estimate,District Authority,47.1,33,"Cost is unusually lower than comparable works (state+category baseline, z=-3.8); No payment record yet — vendor pattern unverified",reactive
WS/MP632/2025-2026/142072,Anto Antony,Kerala,Review Estimate,District Authority,47.0,33,"Cost is unusually higher than comparable works (state+category baseline, z=4.5); No payment record yet — vendor pattern unverified",reactive
WS/MP632/2025-2026/142196,Anto Antony,Kerala,Review Estimate,District Authority,46.9,33,"Cost is unusually higher than comparable works (state+category baseline, z=4.5); No payment record yet — vendor pattern unverified",reactive
WS/MP632/2024-2025/142086,Anto Antony,Kerala,Review Estimate,District Authority,46.6,33,"Cost is unusually higher than comparable works (state+category baseline, z=4.5); No payment record yet — vendor pattern unverified",reactive
WS/MP18056/2024-2025/141613,PARSHOTTAMBHAI RUPALA,Gujarat,Inspect,District Authority,46.6,67,Marked completed but no photo evidence uploaded; No payment record yet — vendor pattern unverified,reactive
WS/MP18039/2024-2025/152020,RAJESH VERMA,Bihar,Inspect,District Authority,46.4,67,Marked completed but no photo evidence uploaded; No payment record yet — vendor pattern unverified,reactive
WS/MP18161/2024-2025/138060,SANJNA JATAV,Rajasthan,Inspect,District Authority,46.4,67,Marked completed but no photo evidence uploaded; No payment record yet — vendor pattern unverified,reactive
WS/MP347/2024-2025/136720,Shri Suresh Kodikunnil,Kerala,Review Estimate,District Authority,46.4,33,"Cost is unusually higher than comparable works (category-only baseline, z=4.5); No payment record yet — vendor pattern unverified",reactive
WS/MP435/2024-2025/146300,Sanjay Seth,Jharkhand,Inspect,District Authority,46.3,67,Marked completed but no photo evidence uploaded; No payment record yet — vendor pattern unverified,reactive
WS/MP18188/2025-2026/154673,KONDA VISHWESHWAR REDDY,Telangana,Inspect,District Authority,46.3,67,Marked completed but no photo evidence uploaded; No payment record yet — vendor pattern unverified,reactive
WS/MP485/2025-2026/153845,Pratima Mondal,West Bengal,Review Estimate,District Authority,46.3,33,"Cost is unusually lower than comparable works (state+category baseline, z=-3.3); No payment record yet — vendor pattern unverified",reactive
WS/MP716/2024-2025/141305,Smt Harsimrat Kaur Badal,Punjab,Review Estimate,District Authority,46.3,33,"Cost is unusually lower than comparable works (state+category baseline, z=-3.2); No payment record yet — vendor pattern unverified",reactive
WS/MP883/2025-2026/154969,Nityanand Rai,Bihar,Review Estimate,District Authority,46.2,33,"Cost is unusually lower than comparable works (state+category baseline, z=-3.1); No payment record yet — vendor pattern unverified",reactive
WS/MP727/2024-2025/142176,Om Birla,Rajasthan,Inspect,District Authority,46.2,67,Marked completed but no photo evidence uploaded; No payment record yet — vendor pattern unverified,reactive
WS/MP18024/2025-2026/148301,GAURAV GOGOI,Assam,Inspect,District Authority,46.0,67,Marked completed but no photo evidence uploaded; No payment record yet — vendor pattern unverified,reactive
WS/MP544/2025-2026/155453,Mr Gopal Jee Thakur,Bihar,Inspect,District Authority,45.9,67,Marked completed but no photo evidence uploaded; No payment record yet — vendor pattern unverified,reactive
WS/MP544/2025-2026/155450,Mr Gopal Jee Thakur,Bihar,Inspect,District Authority,45.9,67,Marked completed but no photo evidence uploaded; No payment record yet — vendor pattern unverified,reactive
WS/MP544/2025-2026/155454,Mr Gopal Jee Thakur,Bihar,Inspect,District Authority,45.9,67,Marked completed but no photo evidence uploaded; No payment record yet — vendor pattern unverified,reactive
WS/MP544/2025-2026/155451,Mr Gopal Jee Thakur,Bihar,Inspect,District Authority,45.9,67,Marked completed but no photo evidence uploaded; No payment record yet — vendor pattern unverified,reactive
WS/MP18155/2024-2025/141708,DR. RAJ KUMAR CHABBEWAL,Punjab,Inspect,District Authority,45.9,67,Marked completed but no photo evidence uploaded; No payment record yet — vendor pattern unverified,reactive
WS/MP544/2025-2026/155452,Mr Gopal Jee Thakur,Bihar,Inspect,District Authority,45.9,67,Marked completed but no photo evidence uploaded; No payment record yet — vendor pattern unverified,reactive
WS/MP352/2025-2026/138758,Shri Hibi Eden,Kerala,Review Estimate,District Authority,45.9,33,"Cost is unusually higher than comparable works (category-only baseline, z=4.5); No payment record yet — vendor pattern unverified",reactive
WS/MP18183/2024-2025/143387,MURASOLI S,Tamil Nadu,Review Estimate,District Authority,45.9,33,"Cost is unusually higher than comparable works (category-only baseline, z=4.5); No payment record yet — vendor pattern unverified",reactive
WS/MP18019/2024-2025/137519,AMARSING TISSO,Assam,Review Estimate,District Authority,45.9,33,"Cost is unusually higher than comparable works (category-only baseline, z=4.4); No payment record yet — vendor pattern unverified",reactive
WS/MP416/2024-2025/150765,Ashok Kumar Yadav,Bihar,Inspect,District Authority,45.9,67,Marked completed but no photo evidence uploaded; No payment record yet — vendor pattern unverified,reactive
WS/MP18335/2024-2025/152959,RADHE SHYAM RATHIYA,Chhattisgarh,Inspect,District Authority,45.8,67,Marked completed but no photo evidence uploaded; No payment record yet — vendor pattern unverified,reactive
WS/MP386/2024-2025/144965,Shri Hanuman Beniwal,Rajasthan,Inspect,District Authority,45.8,67,Marked completed but no photo evidence uploaded; No payment record yet — vendor pattern unverified,reactive
WS/MP386/2024-2025/145026,Shri Hanuman Beniwal,Rajasthan,Inspect,District Authority,45.8,67,Marked completed but no photo evidence uploaded; No payment record yet — vendor pattern unverified,reactive
WS/MP386/2024-2025/145036,Shri Hanuman Beniwal,Rajasthan,Inspect,District Authority,45.8,67,Marked completed but no photo evidence uploaded; No payment record yet — vendor pattern unverified,reactive
WS/MP18335/2024-2025/152958,RADHE SHYAM RATHIYA,Chhattisgarh,Inspect,District Authority,45.8,67,Marked completed but no photo evidence uploaded; No payment record yet — vendor pattern unverified,reactive
WS/MP18248/2024-2025/152613,DR. SHARMILA SARKAR,West Bengal,Inspect,District Authority,45.8,67,Marked completed but no photo evidence uploaded; No payment record yet — vendor pattern unverified,reactive
WS/MP761/2024-2025/139027,Arvind Dharmapuri,Telangana,Inspect,District Authority,45.7,67,Marked completed but no photo evidence uploaded; No payment record yet — vendor pattern unverified,reactive
WS/MP18108/2024-2025/143814,DR. LATA WANKHEDE,Madhya Pradesh,Inspect,District Authority,45.7,67,Marked completed but no photo evidence uploaded; No payment record yet — vendor pattern unverified,reactive
WS/MP18309/2024-2025/155212,SALENG A SANGMA,Meghalaya,Review Estimate,District Authority,45.7,67,"Cost is unusually higher than comparable works (category-only baseline, z=3.8); No payment record yet — vendor pattern unverified",reactive
WS/MP18152/2024-2025/133695,SARABJEET SINGH KHALSA,Punjab,Inspect,District Authority,45.6,67,Marked completed but no photo evidence uploaded; No payment record yet — vendor pattern unverified,reactive
WS/MP18152/2024-2025/141890,SARABJEET SINGH KHALSA,Punjab,Inspect,District Authority,45.6,67,Marked completed but no photo evidence uploaded; No payment record yet — vendor pattern unverified,reactive
WS/MP18228/2024-2025/140103,PRIYA SAROJ,Uttar Pradesh,Review Estimate,District Authority,45.5,67,"Cost is unusually higher than comparable works (state+category baseline, z=3.8); No payment record yet — vendor pattern unverified",reactive
WS/MP435/2024-2025/145869,Sanjay Seth,Jharkhand,Inspect,District Authority,45.4,67,Marked completed but no photo evidence uploaded; No payment record yet — vendor pattern unverified,reactive
WS/MP644/2024-2025/151370,Janardan Mishra,Madhya Pradesh,Review Estimate,District Authority,45.4,33,"Cost is unusually higher than comparable works (state+category baseline, z=4.3); No payment record yet — vendor pattern unverified",reactive
WS/MP18252/2025-2026/151046,ADHIKARI SOUMENDU,West Bengal,Review Estimate,District Authority,45.4,33,"Cost is unusually higher than comparable works (state+category baseline, z=4.4); No payment record yet — vendor pattern unverified",reactive
WS/MP18247/2024-2025/145108,ARUP CHAKRABORTY,West Bengal,Review Estimate,District Authority,45.4,33,"Cost is unusually higher than comparable works (state+category baseline, z=4.4); No payment record yet — vendor pattern unverified",reactive
WS/MP740/2025-2026/140336,Andimuthu Raja,Tamil Nadu,Inspect,District Authority,45.3,67,Marked completed but no photo evidence uploaded; No payment record yet — vendor pattern unverified,reactive
WS/MP18241/2024-2025/145273,RAKESH RATHOR,Uttar Pradesh,Inspect,District Authority,45.2,67,Marked completed but no photo evidence uploaded; No payment record yet — vendor pattern unverified,reactive
WS/MP18074/2024-2025/138473,KALI CHARAN MUNDA,Jharkhand,Inspect,District Authority,45.2,67,Marked completed but no photo evidence uploaded; No payment record yet — vendor pattern unverified,reactive
WS/MP435/2024-2025/146461,Sanjay Seth,Jharkhand,Inspect,District Authority,45.2,67,Marked completed but no photo evidence uploaded; No payment record yet — vendor pattern unverified,reactive
WS/MP18328/2024-2025/149980,Kangana Ranaut,Himachal Pradesh,Inspect,District Authority,45.2,67,Marked completed but no photo evidence uploaded; No payment record yet — vendor pattern unverified,reactive
WS/MP541/2025-2026/153740,Pradyut Bordoloi,Assam,Inspect,District Authority,45.1,67,Marked completed but no photo evidence uploaded; No payment record yet — vendor pattern unverified,reactive
WS/MP18309/2024-2025/153439,SALENG A SANGMA,Meghalaya,Inspect,District Authority,45.0,67,Marked completed but no photo evidence uploaded; No payment record yet — vendor pattern unverified,reactive
WS/MP644/2024-2025/154674,Janardan Mishra,Madhya Pradesh,Review Estimate,District Authority,44.9,33,"Cost is unusually higher than comparable works (state+category baseline, z=4.3); No payment record yet — vendor pattern unverified",reactive
WS/MP459/2025-2026/149090,T Sumathy (A) Thamizhachi Thangapandian,Tamil Nadu,Review Estimate,District Authority,44.8,33,"Cost is unusually higher than comparable works (category-only baseline, z=4.3); No payment record yet — vendor pattern unverified",reactive
WS/MP18390/2025-2026/146091,AFZAL ANSARI,Uttar Pradesh,Review Estimate,District Authority,44.8,33,"Cost is unusually higher than comparable works (state+category baseline, z=4.3); No payment record yet — vendor pattern unverified",reactive
WS/MP856/2024-2025/154585,Rajnath Singh,Uttar Pradesh,Inspect,District Authority,44.6,67,Marked completed but no photo evidence uploaded; No payment record yet — vendor pattern unverified,reactive
WS/MP18220/2024-2025/147953,ANOOP PRADHAN BALMIKI,Uttar Pradesh,Inspect,District Authority,44.6,67,Marked completed but no photo evidence uploaded; No payment record yet — vendor pattern unverified,reactive
WS/MP18074/2024-2025/138464,KALI CHARAN MUNDA,Jharkhand,Inspect,District Authority,44.6,67,Marked completed but no photo evidence uploaded; No payment record yet — vendor pattern unverified,reactive
WS/MP18377/2024-2025/153059,CHHATRA PAL SINGH GANGWAR,Uttar Pradesh,Inspect,District Authority,44.5,67,Marked completed but no photo evidence uploaded; No payment record yet — vendor pattern unverified,reactive
WS/MP18220/2024-2025/147967,ANOOP PRADHAN BALMIKI,Uttar Pradesh,Inspect,District Authority,44.5,67,Marked completed but no photo evidence uploaded; No payment record yet — vendor pattern unverified,reactive
WS/MP18039/2025-2026/152023,RAJESH VERMA,Bihar,Inspect,District Authority,44.5,67,Marked completed but no photo evidence uploaded; No payment record yet — vendor pattern unverified,reactive
WS/MP18208/2024-2025/150098,RAM PRASAD CHAUDHARY,Uttar Pradesh,Review Estimate,District Authority,44.5,67,"Cost is unusually higher than comparable works (state+category baseline, z=3.7); No payment record yet — vendor pattern unverified",reactive
WS/MP345/2024-2025/134144,Shri NK Premachandran,Kerala,Inspect,District Authority,44.5,67,Marked completed but no photo evidence uploaded; No payment record yet — vendor pattern unverified,reactive
WS/MP386/2024-2025/144925,Shri Hanuman Beniwal,Rajasthan,Inspect,District Authority,44.5,67,Marked completed but no photo evidence uploaded; No payment record yet — vendor pattern unverified,reactive
WS/MP18335/2024-2025/150809,RADHE SHYAM RATHIYA,Chhattisgarh,Inspect,District Authority,44.5,67,Marked completed but no photo evidence uploaded; No payment record yet — vendor pattern unverified,reactive
WS/MP18338/2024-2025/148456,CHAMALA KIRAN KUMAR REDDY,Telangana,Inspect,District Authority,44.4,67,Marked completed but no photo evidence uploaded; No payment record yet — vendor pattern unverified,reactive
WS/MP18138/2024-2025/143309,RICHARD VANLALHMANGAIHA,Mizoram,Inspect,District Authority,44.4,67,Marked completed but no photo evidence uploaded; No payment record yet — vendor pattern unverified,reactive
WS/MP18338/2024-2025/149945,CHAMALA KIRAN KUMAR REDDY,Telangana,Inspect,District Authority,44.4,67,Marked completed but no photo evidence uploaded; No payment record yet — vendor pattern unverified,reactive
WS/MP18338/2024-2025/149944,CHAMALA KIRAN KUMAR REDDY,Telangana,Inspect,District Authority,44.4,67,Marked completed but no photo evidence uploaded; No payment record yet — vendor pattern unverified,reactive
WS/MP18336/2024-2025/147582,BRIJMOHAN AGRAWAL,Chhattisgarh,Inspect,District Authority,44.4,67,Marked completed but no photo evidence uploaded; No payment record yet — vendor pattern unverified,reactive
WS/MP18138/2024-2025/148826,RICHARD VANLALHMANGAIHA,Mizoram,Inspect,District Authority,44.4,67,Marked completed but no photo evidence uploaded; No payment record yet — vendor pattern unverified,reactive
WS/MP18338/2024-2025/148629,CHAMALA KIRAN KUMAR REDDY,Telangana,Inspect,District Authority,44.4,67,Marked completed but no photo evidence uploaded; No payment record yet — vendor pattern unverified,reactive
WS/MP18338/2024-2025/149941,CHAMALA KIRAN KUMAR REDDY,Telangana,Inspect,District Authority,44.4,67,Marked completed but no photo evidence uploaded; No payment record yet — vendor pattern unverified,reactive
WS/MP18338/2024-2025/149943,CHAMALA KIRAN KUMAR REDDY,Telangana,Inspect,District Authority,44.4,67,Marked completed but no photo evidence uploaded; No payment record yet — vendor pattern unverified,reactive
WS/MP18338/2024-2025/154602,CHAMALA KIRAN KUMAR REDDY,Telangana,Inspect,District Authority,44.4,67,Marked completed but no photo evidence uploaded; No payment record yet — vendor pattern unverified,reactive
WS/MP18338/2024-2025/149942,CHAMALA KIRAN KUMAR REDDY,Telangana,Inspect,District Authority,44.4,67,Marked completed but no photo evidence uploaded; No payment record yet — vendor pattern unverified,reactive
WS/MP18049/2024-2025/152240,TOKHAN SAHU,Chhattisgarh,Inspect,District Authority,44.4,67,Marked completed but no photo evidence uploaded; No payment record yet — vendor pattern unverified,reactive
WS/MP386/2024-2025/145120,Shri Hanuman Beniwal,Rajasthan,Inspect,District Authority,44.3,67,Marked completed but no photo evidence uploaded; No payment record yet — vendor pattern unverified,reactive
WS/MP386/2024-2025/145112,Shri Hanuman Beniwal,Rajasthan,Inspect,District Authority,44.3,67,Marked completed but no photo evidence uploaded; No payment record yet — vendor pattern unverified,reactive
WS/MP18199/2024-2025/136953,LALJI VERMA,Uttar Pradesh,Inspect,District Authority,44.3,67,Marked completed but no photo evidence uploaded; No payment record yet — vendor pattern unverified,reactive
WS/MP386/2024-2025/144931,Shri Hanuman Beniwal,Rajasthan,Inspect,District Authority,44.3,67,Marked completed but no photo evidence uploaded; No payment record yet — vendor pattern unverified,reactive
WS/MP386/2024-2025/145121,Shri Hanuman Beniwal,Rajasthan,Inspect,District Authority,44.3,67,Marked completed but no photo evidence uploaded; No payment record yet — vendor pattern unverified,reactive
WS/MP386/2024-2025/144930,Shri Hanuman Beniwal,Rajasthan,Inspect,District Authority,44.3,67,Marked completed but no photo evidence uploaded; No payment record yet — vendor pattern unverified,reactive
WS/MP435/2024-2025/145971,Sanjay Seth,Jharkhand,Inspect,District Authority,44.2,67,Marked completed but no photo evidence uploaded; No payment record yet — vendor pattern unverified,reactive
WS/MP435/2024-2025/146449,Sanjay Seth,Jharkhand,Inspect,District Authority,44.2,67,Marked completed but no photo evidence uploaded; No payment record yet — vendor pattern unverified,reactive
WS/MP435/2024-2025/145628,Sanjay Seth,Jharkhand,Inspect,District Authority,44.2,67,Marked completed but no photo evidence uploaded; No payment record yet — vendor pattern unverified,reactive
WS/MP18024/2025-2026/148297,GAURAV GOGOI,Assam,Inspect,District Authority,44.1,67,Marked completed but no photo evidence uploaded; No payment record yet — vendor pattern unverified,reactive
WS/MP435/2024-2025/147147,Sanjay Seth,Jharkhand,Inspect,District Authority,44.1,67,Marked completed but no photo evidence uploaded; No payment record yet — vendor pattern unverified,reactive
WS/MP529/2024-2025/138161,Maddila Gurumoorthy,Andhra Pradesh,Review Estimate,District Authority,44.0,67,"Cost is unusually higher than comparable works (state+category baseline, z=3.6); No payment record yet — vendor pattern unverified",reactive
WS/MP317/2024-2025/155040,Smt Veena Devi,Bihar,Review Estimate,District Authority,44.0,67,"Cost is unusually higher than comparable works (category-only baseline, z=3.6); No payment record yet — vendor pattern unverified",reactive
WS/MP18234/2024-2025/154084,DR. S P SINGH,Uttar Pradesh,Inspect,District Authority,43.8,67,Marked completed but no photo evidence uploaded; No payment record yet — vendor pattern unverified,reactive
WS/MP013/2024-2025/146441,Indra Hang Subba,Sikkim,Inspect,District Authority,43.8,67,Marked completed but no photo evidence uploaded; No payment record yet — vendor pattern unverified,reactive
WS/MP386/2024-2025/145122,Shri Hanuman Beniwal,Rajasthan,Inspect,District Authority,43.6,67,Marked completed but no photo evidence uploaded; No payment record yet — vendor pattern unverified,reactive
WS/MP743/2025-2026/152620,Ganesan Selvam,Tamil Nadu,Review Estimate,District Authority,43.5,67,"Cost is unusually higher than comparable works (state+category baseline, z=3.6); No payment record yet — vendor pattern unverified",reactive
WS/MP828/2024-2025/149724,Jagannath Sarkar,West Bengal,Review Estimate,District Authority,43.5,67,"Cost is unusually higher than comparable works (state+category baseline, z=3.6); No payment record yet — vendor pattern unverified",reactive
WS/MP18338/2024-2025/152541,CHAMALA KIRAN KUMAR REDDY,Telangana,Inspect,District Authority,43.4,67,Marked completed but no photo evidence uploaded; No payment record yet — vendor pattern unverified,reactive
WS/MP18338/2024-2025/152416,CHAMALA KIRAN KUMAR REDDY,Telangana,Inspect,District Authority,43.4,67,Marked completed but no photo evidence uploaded; No payment record yet — vendor pattern unverified,reactive
WS/MP18338/2024-2025/152475,CHAMALA KIRAN KUMAR REDDY,Telangana,Inspect,District Authority,43.4,67,Marked completed but no photo evidence uploaded; No payment record yet — vendor pattern unverified,reactive
WS/MP18338/2024-2025/152417,CHAMALA KIRAN KUMAR REDDY,Telangana,Inspect,District Authority,43.4,67,Marked completed but no photo evidence uploaded; No payment record yet — vendor pattern unverified,reactive
WS/MP435/2024-2025/145841,Sanjay Seth,Jharkhand,Inspect,District Authority,43.4,67,Marked completed but no photo evidence uploaded; No payment record yet — vendor pattern unverified,reactive
WS/MP444/2024-2025/149425,Durga Das Uikey,Madhya Pradesh,Inspect,District Authority,43.2,67,Marked completed but no photo evidence uploaded; No payment record yet — vendor pattern unverified,reactive
WS/MP18389/2024-2025/152805,KADIYAM KAVYA,Telangana,Review Estimate,District Authority,43.1,33,"Cost is unusually higher than comparable works (state+category baseline, z=4.1); No payment record yet — vendor pattern unverified",reactive
WS/MP18094/2025-2026/151543,VISHWESHWAR HEGDE KAGERI,Karnataka,Inspect,District Authority,43.1,67,Marked completed but no photo evidence uploaded; No payment record yet — vendor pattern unverified,reactive
WS/MP18393/2024-2025/152019,MADHAVANENI RAGHUNANDAN RAO,Telangana,Review Estimate,District Authority,43.1,33,"Cost is unusually higher than comparable works (state+category baseline, z=4.1); No payment record yet — vendor pattern unverified",reactive
WS/MP18393/2024-2025/152018,MADHAVANENI RAGHUNANDAN RAO,Telangana,Review Estimate,District Authority,43.1,33,"Cost is unusually higher than comparable works (state+category baseline, z=4.1); No payment record yet — vendor pattern unverified",reactive
WS/MP18152/2024-2025/141186,SARABJEET SINGH KHALSA,Punjab,Review Estimate,District Authority,43.1,33,"Cost is unusually higher than comparable works (state+category baseline, z=4.2); No payment record yet — vendor pattern unverified",reactive
WS/MP459/2025-2026/149088,T Sumathy (A) Thamizhachi Thangapandian,Tamil Nadu,Review Estimate,District Authority,43.1,33,"Cost is unusually higher than comparable works (state+category baseline, z=4.1); No payment record yet — vendor pattern unverified",reactive
WS/MP18138/2024-2025/149616,RICHARD VANLALHMANGAIHA,Mizoram,Inspect,District Authority,42.9,67,Marked completed but no photo evidence uploaded; No payment record yet — vendor pattern unverified,reactive
WS/MP313/2024-2025/138683,Shri Tapir Gao,Arunachal Pradesh,Inspect,District Authority,42.9,67,Marked completed but no photo evidence uploaded; No payment record yet — vendor pattern unverified,reactive
WS/MP435/2024-2025/146302,Sanjay Seth,Jharkhand,Inspect,District Authority,42.9,67,Marked completed but no photo evidence uploaded; No payment record yet — vendor pattern unverified,reactive
WS/MP313/2024-2025/140915,Shri Tapir Gao,Arunachal Pradesh,Inspect,District Authority,42.9,67,Marked completed but no photo evidence uploaded; No payment record yet — vendor pattern unverified,reactive
WS/MP313/2024-2025/140892,Shri Tapir Gao,Arunachal Pradesh,Inspect,District Authority,42.9,67,Marked completed but no photo evidence uploaded; No payment record yet — vendor pattern unverified,reactive
WS/MP792/2024-2025/136735,Jai Prakash,Uttar Pradesh,Review Estimate,District Authority,42.9,33,"Cost is unusually higher than comparable works (state+category baseline, z=4.1); No payment record yet — vendor pattern unverified",reactive
WS/MP386/2024-2025/144980,Shri Hanuman Beniwal,Rajasthan,Inspect,District Authority,42.9,67,Marked completed but no photo evidence uploaded; No payment record yet — vendor pattern unverified,reactive
WS/MP745/2025-2026/141315,K Subbarayan,Tamil Nadu,Review Estimate,District Authority,42.9,33,"Cost is unusually higher than comparable works (state+category baseline, z=4.1); No payment record yet — vendor pattern unverified",reactive
WS/MP313/2024-2025/151253,Shri Tapir Gao,Arunachal Pradesh,Inspect,District Authority,42.9,67,Marked completed but no photo evidence uploaded; No payment record yet — vendor pattern unverified,reactive
WS/MP18144/2024-2025/141586,MALVIKA DEVI,Odisha,Review Estimate,District Authority,42.9,33,"Cost is unusually higher than comparable works (state+category baseline, z=4.1); No payment record yet — vendor pattern unverified",reactive
WS/MP632/2025-2026/142082,Anto Antony,Kerala,Review Estimate,District Authority,42.8,33,"Cost is unusually higher than comparable works (state+category baseline, z=4.0); No payment record yet — vendor pattern unverified",reactive
WS/MP313/2024-2025/138705,Shri Tapir Gao,Arunachal Pradesh,Inspect,District Authority,42.7,67,Marked completed but no photo evidence uploaded; No payment record yet — vendor pattern unverified,reactive
WS/MP429/2024-2025/146732,Jyotsna Charandas Mahant,Chhattisgarh,Inspect,District Authority,42.7,67,Marked completed but no photo evidence uploaded; No payment record yet — vendor pattern unverified,reactive
WS/MP673/2025-2026/143160,Omprakash Bhupalsinh Alias Pawan Rajenimbalkar,Maharashtra,Inspect,District Authority,42.7,67,Marked completed but no photo evidence uploaded; No payment record yet — vendor pattern unverified,reactive
WS/MP18391/2024-2025/140271,S SUPONGMEREN JAMIR,Nagaland,Review Estimate,District Authority,42.6,67,"Cost is unusually higher than comparable works (category-only baseline, z=3.6); No payment record yet — vendor pattern unverified",reactive
WS/MP18180/2025-2026/149585,ARUN NEHRU,Tamil Nadu,Inspect,District Authority,42.6,67,Marked completed but no photo evidence uploaded; No payment record yet — vendor pattern unverified,reactive
WS/MP18311/2024-2025/153881,MALVINDER SINGH KANG,Punjab,Inspect,District Authority,42.5,67,Marked completed but no photo evidence uploaded; No payment record yet — vendor pattern unverified,reactive
WS/MP598/2024-2025/145393,Suresh Kumar Kashyap,Himachal Pradesh,Inspect,District Authority,42.5,67,Marked completed but no photo evidence uploaded; No payment record yet — vendor pattern unverified,reactive
WS/MP526/2024-2025/146049,Y S Avinash Reddy,Andhra Pradesh,Review Estimate,District Authority,42.5,67,"Cost is unusually higher than comparable works (state+category baseline, z=3.5); No payment record yet — vendor pattern unverified",reactive
WS/MP386/2024-2025/144992,Shri Hanuman Beniwal,Rajasthan,Inspect,District Authority,42.4,67,Marked completed but no photo evidence uploaded; No payment record yet — vendor pattern unverified,reactive
WS/MP18278/2024-2025/149060,KAMLESH JANGDE,Chhattisgarh,Inspect,District Authority,42.3,67,Marked completed but no photo evidence uploaded; No payment record yet — vendor pattern unverified,reactive
WS/MP18180/2025-2026/149579,ARUN NEHRU,Tamil Nadu,Inspect,District Authority,42.3,67,Marked completed but no photo evidence uploaded; No payment record yet — vendor pattern unverified,reactive
WS/MP18199/2024-2025/140412,LALJI VERMA,Uttar Pradesh,Inspect,District Authority,42.3,67,Marked completed but no photo evidence uploaded; No payment record yet — vendor pattern unverified,reactive
WS/MP18193/2024-2025/149451,EATALA RAJENDER,Telangana,Review Estimate,District Authority,42.0,33,"Cost is unusually higher than comparable works (state+category baseline, z=4.0); No payment record yet — vendor pattern unverified",reactive
WS/MP18234/2024-2025/154094,DR. S P SINGH,Uttar Pradesh,Inspect,District Authority,41.9,67,Marked completed but no photo evidence uploaded; No payment record yet — vendor pattern unverified,reactive
WS/MP386/2024-2025/145123,Shri Hanuman Beniwal,Rajasthan,Inspect,District Authority,41.9,67,Marked completed but no photo evidence uploaded; No payment record yet — vendor pattern unverified,reactive
WS/MP18161/2024-2025/138073,SANJNA JATAV,Rajasthan,Inspect,District Authority,41.8,67,Marked completed but no photo evidence uploaded; No payment record yet — vendor pattern unverified,reactive
WS/MP18069/2024-2025/150862,RAJEEV BHARDWAJ,Himachal Pradesh,Inspect,District Authority,41.8,67,Marked completed but no photo evidence uploaded; No payment record yet — vendor pattern unverified,reactive
WS/MP386/2024-2025/142505,Shri Hanuman Beniwal,Rajasthan,Review Estimate,District Authority,41.8,67,"Cost is unusually higher than comparable works (state+category baseline, z=3.5); No payment record yet — vendor pattern unverified",reactive
WS/MP18235/2024-2025/144418,MOHIBBULLAH,Uttar Pradesh,Inspect,District Authority,41.6,67,Marked completed but no photo evidence uploaded; No payment record yet — vendor pattern unverified,reactive
WS/MP18234/2024-2025/154108,DR. S P SINGH,Uttar Pradesh,Inspect,District Authority,41.6,67,Marked completed but no photo evidence uploaded; No payment record yet — vendor pattern unverified,reactive
WS/MP18234/2024-2025/154131,DR. S P SINGH,Uttar Pradesh,Inspect,District Authority,41.5,67,Marked completed but no photo evidence uploaded; No payment record yet — vendor pattern unverified,reactive
WS/MP386/2024-2025/144964,Shri Hanuman Beniwal,Rajasthan,Inspect,District Authority,41.5,67,Marked completed but no photo evidence uploaded; No payment record yet — vendor pattern unverified,reactive
WS/MP761/2024-2025/151974,Arvind Dharmapuri,Telangana,Inspect,District Authority,41.5,67,Marked completed but no photo evidence uploaded; No payment record yet — vendor pattern unverified,reactive
WS/MP18338/2024-2025/152460,CHAMALA KIRAN KUMAR REDDY,Telangana,Inspect,District Authority,41.5,67,Marked completed but no photo evidence uploaded; No payment record yet — vendor pattern unverified,reactive
WS/MP761/2024-2025/151975,Arvind Dharmapuri,Telangana,Inspect,District Authority,41.5,67,Marked completed but no photo evidence uploaded; No payment record yet — vendor pattern unverified,reactive
WS/MP18199/2024-2025/140409,LALJI VERMA,Uttar Pradesh,Inspect,District Authority,41.4,67,Marked completed but no photo evidence uploaded; No payment record yet — vendor pattern unverified,reactive
WS/MP18377/2024-2025/153057,CHHATRA PAL SINGH GANGWAR,Uttar Pradesh,Inspect,District Authority,41.4,67,Marked completed but no photo evidence uploaded; No payment record yet — vendor pattern unverified,reactive
WS/MP18199/2024-2025/135932,LALJI VERMA,Uttar Pradesh,Inspect,District Authority,41.4,67,Marked completed but no photo evidence uploaded; No payment record yet — vendor pattern unverified,reactive
WS/MP18180/2025-2026/149584,ARUN NEHRU,Tamil Nadu,Inspect,District Authority,41.3,67,Marked completed but no photo evidence uploaded; No payment record yet — vendor pattern unverified,reactive
WS/MP18234/2024-2025/154121,DR. S P SINGH,Uttar Pradesh,Inspect,District Authority,41.1,67,Marked completed but no photo evidence uploaded; No payment record yet — vendor pattern unverified,reactive
WS/MP18234/2024-2025/154126,DR. S P SINGH,Uttar Pradesh,Inspect,District Authority,41.1,67,Marked completed but no photo evidence uploaded; No payment record yet — vendor pattern unverified,reactive
WS/MP18234/2024-2025/154118,DR. S P SINGH,Uttar Pradesh,Inspect,District Authority,41.1,67,Marked completed but no photo evidence uploaded; No payment record yet — vendor pattern unverified,reactive
WS/MP18024/2025-2026/148296,GAURAV GOGOI,Assam,Inspect,District Authority,41.0,67,Marked completed but no photo evidence uploaded; No payment record yet — vendor pattern unverified,reactive
WS/MP435/2024-2025/146000,Sanjay Seth,Jharkhand,Inspect,District Authority,41.0,67,Marked completed but no photo evidence uploaded; No payment record yet — vendor pattern unverified,reactive
WS/MP720/2024-2025/142128,Chandra Prakash Joshi,Rajasthan,Inspect,District Authority,41.0,67,Marked completed but no photo evidence uploaded; No payment record yet — vendor pattern unverified,reactive
WS/MP18074/2024-2025/138715,KALI CHARAN MUNDA,Jharkhand,Inspect,District Authority,41.0,67,Marked completed but no photo evidence uploaded; No payment record yet — vendor pattern unverified,reactive
WS/MP18335/2024-2025/150814,RADHE SHYAM RATHIYA,Chhattisgarh,Inspect,District Authority,40.9,67,Marked completed but no photo evidence uploaded; No payment record yet — vendor pattern unverified,reactive
WS/MP18338/2024-2025/153032,CHAMALA KIRAN KUMAR REDDY,Telangana,Inspect,District Authority,40.9,67,Marked completed but no photo evidence uploaded; No payment record yet — vendor pattern unverified,reactive
WS/MP386/2024-2025/144921,Shri Hanuman Beniwal,Rajasthan,Inspect,District Authority,40.9,67,Marked completed but no photo evidence uploaded; No payment record yet — vendor pattern unverified,reactive
WS/MP386/2024-2025/144920,Shri Hanuman Beniwal,Rajasthan,Inspect,District Authority,40.9,67,Marked completed but no photo evidence uploaded; No payment record yet — vendor pattern unverified,reactive
WS/MP18206/2024-2025/144222,KRISHNA DEVI SHIVSHANKER PATEL,Uttar Pradesh,Inspect,District Authority,40.8,67,Marked completed but no photo evidence uploaded; No payment record yet — vendor pattern unverified,reactive
WS/MP429/2024-2025/151725,Jyotsna Charandas Mahant,Chhattisgarh,Inspect,District Authority,40.8,67,Marked completed but no photo evidence uploaded; No payment record yet — vendor pattern unverified,reactive
WS/MP18234/2024-2025/154115,DR. S P SINGH,Uttar Pradesh,Inspect,District Authority,40.7,67,Marked completed but no photo evidence uploaded; No payment record yet — vendor pattern unverified,reactive
WS/MP18074/2024-2025/138714,KALI CHARAN MUNDA,Jharkhand,Inspect,District Authority,40.6,67,Marked completed but no photo evidence uploaded; No payment record yet — vendor pattern unverified,reactive
WS/MP386/2024-2025/144967,Shri Hanuman Beniwal,Rajasthan,Inspect,District Authority,40.6,67,Marked completed but no photo evidence uploaded; No payment record yet — vendor pattern unverified,reactive
WS/MP18144/2024-2025/148066,MALVIKA DEVI,Odisha,Inspect,District Authority,40.6,67,Marked completed but no photo evidence uploaded; No payment record yet — vendor pattern unverified,reactive
WS/MP393/2024-2025/148973,Shri Karti P Chidambaram,Tamil Nadu,Inspect,District Authority,40.5,67,Marked completed but no photo evidence uploaded; No payment record yet — vendor pattern unverified,reactive
WS/MP423/2024-2025/140565,Ramprit Mandal,Bihar,Inspect,District Authority,40.4,67,Marked completed but no photo evidence uploaded; No payment record yet — vendor pattern unverified,reactive
WS/MP18180/2025-2026/149574,ARUN NEHRU,Tamil Nadu,Inspect,District Authority,40.3,67,Marked completed but no photo evidence uploaded; No payment record yet — vendor pattern unverified,reactive
WS/MP18404/2024-2025/144125,CHANDRA SHEKHAR,Uttar Pradesh,Inspect,District Authority,40.3,67,Marked completed but no photo evidence uploaded; No payment record yet — vendor pattern unverified,reactive
WS/MP386/2024-2025/144997,Shri Hanuman Beniwal,Rajasthan,Inspect,District Authority,40.3,67,Marked completed but no photo evidence uploaded; No payment record yet — vendor pattern unverified,reactive
WS/MP18173/2024-2025/139193,THARANIVENTHAN M S,Tamil Nadu,Inspect,District Authority,40.0,67,Marked completed but no photo evidence uploaded; No payment record yet — vendor pattern unverified,reactive
WS/MP745/2024-2025/138590,K Subbarayan,Tamil Nadu,Review Estimate,District Authority,40.0,67,"Cost is unusually higher than comparable works (category-only baseline, z=3.3); No payment record yet — vendor pattern unverified",reactive
WS/MP18193/2025-2026/151801,EATALA RAJENDER,Telangana,Review Estimate,District Authority,40.0,33,"Cost is unusually higher than comparable works (state+category baseline, z=3.8); No payment record yet — vendor pattern unverified",reactive
WS/MP18019/2024-2025/154276,AMARSING TISSO,Assam,Inspect,District Authority,40.0,67,Marked completed but no photo evidence uploaded; No payment record yet — vendor pattern unverified,reactive
WS/MP18234/2024-2025/154123,DR. S P SINGH,Uttar Pradesh,Inspect,District Authority,40.0,67,Marked completed but no photo evidence uploaded; No payment record yet — vendor pattern unverified,reactive
WS/MP18051/2024-2025/151163,ROOP KUMARI CHOUDHARY,Chhattisgarh,Review Estimate,District Authority,40.0,67,"Cost is unusually higher than comparable works (state+category baseline, z=3.4); No payment record yet — vendor pattern unverified",reactive
WS/MP18182/2025-2026/142751,DR RANI SRI KUMAR,Tamil Nadu,Review Estimate,District Authority,40.0,67,"Cost is unusually higher than comparable works (state+category baseline, z=3.4); No payment record yet — vendor pattern unverified",reactive
WS/MP761/2024-2025/146667,Arvind Dharmapuri,Telangana,Inspect,District Authority,39.9,67,Marked completed but no photo evidence uploaded; No payment record yet — vendor pattern unverified,reactive
WS/MP18234/2024-2025/154013,DR. S P SINGH,Uttar Pradesh,Inspect,District Authority,39.9,67,Marked completed but no photo evidence uploaded; No payment record yet — vendor pattern unverified,reactive
WS/MP18234/2024-2025/154085,DR. S P SINGH,Uttar Pradesh,Inspect,District Authority,39.9,67,Marked completed but no photo evidence uploaded; No payment record yet — vendor pattern unverified,reactive
WS/MP18234/2024-2025/154098,DR. S P SINGH,Uttar Pradesh,Inspect,District Authority,39.9,67,Marked completed but no photo evidence uploaded; No payment record yet — vendor pattern unverified,reactive
WS/MP18234/2024-2025/154120,DR. S P SINGH,Uttar Pradesh,Inspect,District Authority,39.9,67,Marked completed but no photo evidence uploaded; No payment record yet — vendor pattern unverified,reactive
WS/MP18234/2024-2025/154125,DR. S P SINGH,Uttar Pradesh,Inspect,District Authority,39.9,67,Marked completed but no photo evidence uploaded; No payment record yet — vendor pattern unverified,reactive
WS/MP435/2024-2025/147154,Sanjay Seth,Jharkhand,Inspect,District Authority,39.9,67,Marked completed but no photo evidence uploaded; No payment record yet — vendor pattern unverified,reactive
WS/MP18199/2024-2025/140423,LALJI VERMA,Uttar Pradesh,Inspect,District Authority,39.8,67,Marked completed but no photo evidence uploaded; No payment record yet — vendor pattern unverified,reactive
WS/MP18234/2024-2025/154097,DR. S P SINGH,Uttar Pradesh,Inspect,District Authority,39.8,67,Marked completed but no photo evidence uploaded; No payment record yet — vendor pattern unverified,reactive
WS/MP761/2024-2025/147235,Arvind Dharmapuri,Telangana,Inspect,District Authority,39.8,67,Marked completed but no photo evidence uploaded; No payment record yet — vendor pattern unverified,reactive
WS/MP18199/2024-2025/135928,LALJI VERMA,Uttar Pradesh,Inspect,District Authority,39.8,67,Marked completed but no photo evidence uploaded; No payment record yet — vendor pattern unverified,reactive
WS/MP18338/2024-2025/152418,CHAMALA KIRAN KUMAR REDDY,Telangana,Inspect,District Authority,39.7,67,Marked completed but no photo evidence uploaded; No payment record yet — vendor pattern unverified,reactive
WS/MP18338/2024-2025/152409,CHAMALA KIRAN KUMAR REDDY,Telangana,Inspect,District Authority,39.7,67,Marked completed but no photo evidence uploaded; No payment record yet — vendor pattern unverified,reactive
WS/MP598/2024-2025/145398,Suresh Kumar Kashyap,Himachal Pradesh,Inspect,District Authority,39.7,67,Marked completed but no photo evidence uploaded; No payment record yet — vendor pattern unverified,reactive
WS/MP18234/2024-2025/154060,DR. S P SINGH,Uttar Pradesh,Inspect,District Authority,39.7,67,Marked completed but no photo evidence uploaded; No payment record yet — vendor pattern unverified,reactive
WS/MP18238/2024-2025/141066,RAMASHANKAR RAJBHAR,Uttar Pradesh,Inspect,District Authority,39.7,67,Marked completed but no photo evidence uploaded; No payment record yet — vendor pattern unverified,reactive
WS/MP18338/2024-2025/152406,CHAMALA KIRAN KUMAR REDDY,Telangana,Inspect,District Authority,39.7,67,Marked completed but no photo evidence uploaded; No payment record yet — vendor pattern unverified,reactive
WS/MP18338/2024-2025/152393,CHAMALA KIRAN KUMAR REDDY,Telangana,Inspect,District Authority,39.7,67,Marked completed but no photo evidence uploaded; No payment record yet — vendor pattern unverified,reactive
WS/MP18338/2024-2025/152463,CHAMALA KIRAN KUMAR REDDY,Telangana,Inspect,District Authority,39.7,67,Marked completed but no photo evidence uploaded; No payment record yet — vendor pattern unverified,reactive
WS/MP18199/2024-2025/142779,LALJI VERMA,Uttar Pradesh,Inspect,District Authority,39.7,67,Marked completed but no photo evidence uploaded; No payment record yet — vendor pattern unverified,reactive
WS/MP18346/2024-2025/142470,RAHUL GANDHI,Uttar Pradesh,Inspect,District Authority,39.7,67,Marked completed but no photo evidence uploaded; No payment record yet — vendor pattern unverified,reactive
WS/MP18338/2024-2025/152473,CHAMALA KIRAN KUMAR REDDY,Telangana,Inspect,District Authority,39.7,67,Marked completed but no photo evidence uploaded; No payment record yet — vendor pattern unverified,reactive
WS/MP18238/2024-2025/152812,RAMASHANKAR RAJBHAR,Uttar Pradesh,Inspect,District Authority,39.7,67,Marked completed but no photo evidence uploaded; No payment record yet — vendor pattern unverified,reactive
WS/MP761/2024-2025/144958,Arvind Dharmapuri,Telangana,Inspect,District Authority,39.7,67,Marked completed but no photo evidence uploaded; No payment record yet — vendor pattern unverified,reactive
WS/MP18069/2025-2026/150892,RAJEEV BHARDWAJ,Himachal Pradesh,Inspect,District Authority,39.7,67,Marked completed but no photo evidence uploaded; No payment record yet — vendor pattern unverified,reactive
WS/MP18051/2024-2025/151172,ROOP KUMARI CHOUDHARY,Chhattisgarh,Inspect,District Authority,39.7,67,Marked completed but no photo evidence uploaded; No payment record yet — vendor pattern unverified,reactive
WS/MP18238/2025-2026/141035,RAMASHANKAR RAJBHAR,Uttar Pradesh,Inspect,District Authority,39.7,67,Marked completed but no photo evidence uploaded; No payment record yet — vendor pattern unverified,reactive
WS/MP18234/2024-2025/154065,DR. S P SINGH,Uttar Pradesh,Inspect,District Authority,39.7,67,Marked completed but no photo evidence uploaded; No payment record yet — vendor pattern unverified,reactive
WS/MP345/2024-2025/134140,Shri NK Premachandran,Kerala,Inspect,District Authority,39.7,67,Marked completed but no photo evidence uploaded; No payment record yet — vendor pattern unverified,reactive
WS/MP18074/2024-2025/138717,KALI CHARAN MUNDA,Jharkhand,Inspect,District Authority,39.7,67,Marked completed but no photo evidence uploaded; No payment record yet — vendor pattern unverified,reactive
WS/MP18346/2024-2025/142469,RAHUL GANDHI,Uttar Pradesh,Inspect,District Authority,39.7,67,Marked completed but no photo evidence uploaded; No payment record yet — vendor pattern unverified,reactive
WS/MP334/2024-2025/143946,Shri Chandra Prakash Choudhary,Jharkhand,Review Estimate,District Authority,39.6,33,"Cost is unusually higher than comparable works (state+category baseline, z=3.8); No payment record yet — vendor pattern unverified",reactive
WS/MP334/2024-2025/140595,Shri Chandra Prakash Choudhary,Jharkhand,Review Estimate,District Authority,39.6,33,"Cost is unusually higher than comparable works (state+category baseline, z=3.8); No payment record yet — vendor pattern unverified",reactive
WS/MP18173/2024-2025/139194,THARANIVENTHAN M S,Tamil Nadu,Inspect,District Authority,39.5,67,Marked completed but no photo evidence uploaded; No payment record yet — vendor pattern unverified,reactive
WS/MP386/2024-2025/144928,Shri Hanuman Beniwal,Rajasthan,Inspect,District Authority,39.5,67,Marked completed but no photo evidence uploaded; No payment record yet — vendor pattern unverified,reactive
WS/MP18180/2024-2025/149578,ARUN NEHRU,Tamil Nadu,Inspect,District Authority,39.4,67,Marked completed but no photo evidence uploaded; No payment record yet — vendor pattern unverified,reactive
WS/MP435/2024-2025/145968,Sanjay Seth,Jharkhand,Inspect,District Authority,39.3,67,Marked completed but no photo evidence uploaded; No payment record yet — vendor pattern unverified,reactive
WS/MP435/2024-2025/145862,Sanjay Seth,Jharkhand,Inspect,District Authority,39.3,67,Marked completed but no photo evidence uploaded; No payment record yet — vendor pattern unverified,reactive
WS/MP435/2024-2025/145861,Sanjay Seth,Jharkhand,Inspect,District Authority,39.3,67,Marked completed but no photo evidence uploaded; No payment record yet — vendor pattern unverified,reactive
WS/MP18241/2024-2025/145266,RAKESH RATHOR,Uttar Pradesh,Inspect,District Authority,39.3,67,Marked completed but no photo evidence uploaded; No payment record yet — vendor pattern unverified,reactive
WS/MP18032/2024-2025/136951,SUDHAKAR SINGH,Bihar,Inspect,District Authority,39.3,67,Marked completed but no photo evidence uploaded; No payment record yet — vendor pattern unverified,reactive
WS/MP386/2024-2025/144981,Shri Hanuman Beniwal,Rajasthan,Inspect,District Authority,39.2,67,Marked completed but no photo evidence uploaded; No payment record yet — vendor pattern unverified,reactive
WS/MP18199/2024-2025/136960,LALJI VERMA,Uttar Pradesh,Inspect,District Authority,39.1,67,Marked completed but no photo evidence uploaded; No payment record yet — vendor pattern unverified,reactive
WS/MP18377/2024-2025/152278,CHHATRA PAL SINGH GANGWAR,Uttar Pradesh,Inspect,District Authority,39.0,67,Marked completed but no photo evidence uploaded; No payment record yet — vendor pattern unverified,reactive
WS/MP435/2024-2025/145827,Sanjay Seth,Jharkhand,Inspect,District Authority,39.0,67,Marked completed but no photo evidence uploaded; No payment record yet — vendor pattern unverified,reactive
WS/MP18183/2025-2026/140746,MURASOLI S,Tamil Nadu,Inspect,District Authority,39.0,67,Marked completed but no photo evidence uploaded; No payment record yet — vendor pattern unverified,reactive
WS/MP18377/2024-2025/152273,CHHATRA PAL SINGH GANGWAR,Uttar Pradesh,Inspect,District Authority,39.0,67,Marked completed but no photo evidence uploaded; No payment record yet — vendor pattern unverified,reactive
WS/MP761/2024-2025/144939,Arvind Dharmapuri,Telangana,Inspect,District Authority,39.0,67,Marked completed but no photo evidence uploaded; No payment record yet — vendor pattern unverified,reactive
WS/MP18199/2024-2025/136938,LALJI VERMA,Uttar Pradesh,Inspect,District Authority,39.0,67,Marked completed but no photo evidence uploaded; No payment record yet — vendor pattern unverified,reactive
WS/MP18277/2024-2025/150712,AZAD KIRTI JHA,West Bengal,Inspect,District Authority,39.0,67,Marked completed but no photo evidence uploaded; No payment record yet — vendor pattern unverified,reactive
WS/MP18009/2024-2025/154261,B K PARTHASARATHI,Andhra Pradesh,Review Estimate,District Authority,38.9,67,"Cost is unusually higher than comparable works (state+category baseline, z=3.3); No payment record yet — vendor pattern unverified",reactive
WS/MP18193/2025-2026/150342,EATALA RAJENDER,Telangana,Review Estimate,District Authority,38.7,33,"Cost is unusually higher than comparable works (state+category baseline, z=3.8); No payment record yet — vendor pattern unverified",reactive
WS/MP18155/2024-2025/141575,DR. RAJ KUMAR CHABBEWAL,Punjab,Inspect,District Authority,38.7,67,Marked completed but no photo evidence uploaded; No payment record yet — vendor pattern unverified,reactive
WS/MP18155/2024-2025/141572,DR. RAJ KUMAR CHABBEWAL,Punjab,Inspect,District Authority,38.7,67,Marked completed but no photo evidence uploaded; No payment record yet — vendor pattern unverified,reactive
WS/MP18311/2024-2025/149475,MALVINDER SINGH KANG,Punjab,Review Estimate,District Authority,38.7,67,"Cost is unusually higher than comparable works (state+category baseline, z=3.2); No payment record yet — vendor pattern unverified",reactive
WS/MP654/2024-2025/149303,Smt Himadri Singh,Madhya Pradesh,Review Estimate,District Authority,38.7,33,"Cost is unusually higher than comparable works (state+category baseline, z=3.8); No payment record yet — vendor pattern unverified",reactive
WS/MP755/2024-2025/152820,Thalikkottai Rajuthevar Baalu,Tamil Nadu,Review Estimate,District Authority,38.7,67,"Cost is unusually higher than comparable works (state+category baseline, z=3.2); No payment record yet — vendor pattern unverified",reactive
WS/MP18155/2024-2025/141713,DR. RAJ KUMAR CHABBEWAL,Punjab,Inspect,District Authority,38.7,67,Marked completed but no photo evidence uploaded; No payment record yet — vendor pattern unverified,reactive
WS/MP18193/2024-2025/151796,EATALA RAJENDER,Telangana,Review Estimate,District Authority,38.7,67,"Cost is unusually higher than comparable works (state+category baseline, z=3.2); No payment record yet — vendor pattern unverified",reactive
WS/MP18117/2024-2025/142021,BACHHAV SHOBHA DINESH,Maharashtra,Review Estimate,District Authority,38.7,67,"Cost is unusually higher than comparable works (category-only baseline, z=3.2); No payment record yet — vendor pattern unverified",reactive
WS/MP18117/2024-2025/142022,BACHHAV SHOBHA DINESH,Maharashtra,Review Estimate,District Authority,38.7,67,"Cost is unusually higher than comparable works (category-only baseline, z=3.2); No payment record yet — vendor pattern unverified",reactive
WS/MP620/2025-2026/133191,Pralhad Venkatesh Joshi,Karnataka,Review Estimate,District Authority,38.7,33,"Cost is unusually higher than comparable works (state+category baseline, z=3.8); No payment record yet — vendor pattern unverified",reactive
WS/MP429/2024-2025/140547,Jyotsna Charandas Mahant,Chhattisgarh,Inspect,District Authority,38.6,67,Marked completed but no photo evidence uploaded; No payment record yet — vendor pattern unverified,reactive
WS/MP429/2024-2025/140536,Jyotsna Charandas Mahant,Chhattisgarh,Inspect,District Authority,38.6,67,Marked completed but no photo evidence uploaded; No payment record yet — vendor pattern unverified,reactive
WS/MP429/2024-2025/140549,Jyotsna Charandas Mahant,Chhattisgarh,Inspect,District Authority,38.6,67,Marked completed but no photo evidence uploaded; No payment record yet — vendor pattern unverified,reactive
WS/MP755/2024-2025/152821,Thalikkottai Rajuthevar Baalu,Tamil Nadu,Review Estimate,District Authority,38.6,67,"Cost is unusually higher than comparable works (state+category baseline, z=3.2); No payment record yet — vendor pattern unverified",reactive
WS/MP761/2024-2025/139066,Arvind Dharmapuri,Telangana,Inspect,District Authority,38.5,67,Marked completed but no photo evidence uploaded; No payment record yet — vendor pattern unverified,reactive
WS/MP761/2024-2025/139064,Arvind Dharmapuri,Telangana,Inspect,District Authority,38.5,67,Marked completed but no photo evidence uploaded; No payment record yet — vendor pattern unverified,reactive
WS/MP761/2024-2025/139063,Arvind Dharmapuri,Telangana,Inspect,District Authority,38.5,67,Marked completed but no photo evidence uploaded; No payment record yet — vendor pattern unverified,reactive
WS/MP761/2024-2025/139067,Arvind Dharmapuri,Telangana,Inspect,District Authority,38.5,67,Marked completed but no photo evidence uploaded; No payment record yet — vendor pattern unverified,reactive
WS/MP341/2024-2025/141426,Shri LS Tejasvi Surya,Karnataka,Inspect,District Authority,38.5,67,Marked completed but no photo evidence uploaded; No payment record yet — vendor pattern unverified,reactive
WS/MP761/2024-2025/139065,Arvind Dharmapuri,Telangana,Inspect,District Authority,38.5,67,Marked completed but no photo evidence uploaded; No payment record yet — vendor pattern unverified,reactive
WS/MP18338/2024-2025/153034,CHAMALA KIRAN KUMAR REDDY,Telangana,Inspect,District Authority,38.5,67,Marked completed but no photo evidence uploaded; No payment record yet — vendor pattern unverified,reactive
WS/MP18338/2024-2025/153021,CHAMALA KIRAN KUMAR REDDY,Telangana,Inspect,District Authority,38.5,67,Marked completed but no photo evidence uploaded; No payment record yet — vendor pattern unverified,reactive
WS/MP18236/2024-2025/139451,CHHOTELAL,Uttar Pradesh,Inspect,District Authority,38.5,67,Marked completed but no photo evidence uploaded; No payment record yet — vendor pattern unverified,reactive
WS/MP18338/2024-2025/153016,CHAMALA KIRAN KUMAR REDDY,Telangana,Inspect,District Authority,38.5,67,Marked completed but no photo evidence uploaded; No payment record yet — vendor pattern unverified,reactive
WS/MP435/2024-2025/145624,Sanjay Seth,Jharkhand,Inspect,District Authority,38.5,67,Marked completed but no photo evidence uploaded; No payment record yet — vendor pattern unverified,reactive
WS/MP761/2024-2025/139009,Arvind Dharmapuri,Telangana,Inspect,District Authority,38.5,67,Marked completed but no photo evidence uploaded; No payment record yet — vendor pattern unverified,reactive
WS/MP386/2024-2025/142410,Shri Hanuman Beniwal,Rajasthan,Inspect,District Authority,38.5,67,Marked completed but no photo evidence uploaded; No payment record yet — vendor pattern unverified,reactive
WS/MP18338/2024-2025/153027,CHAMALA KIRAN KUMAR REDDY,Telangana,Inspect,District Authority,38.5,67,Marked completed but no photo evidence uploaded; No payment record yet — vendor pattern unverified,reactive
WS/MP18338/2024-2025/152390,CHAMALA KIRAN KUMAR REDDY,Telangana,Inspect,District Authority,38.5,67,Marked completed but no photo evidence uploaded; No payment record yet — vendor pattern unverified,reactive
WS/MP641/2024-2025/147659,Gajendra Singh Patel,Madhya Pradesh,Inspect,District Authority,38.5,67,Marked completed but no photo evidence uploaded; No payment record yet — vendor pattern unverified,reactive
WS/MP18338/2024-2025/153028,CHAMALA KIRAN KUMAR REDDY,Telangana,Inspect,District Authority,38.5,67,Marked completed but no photo evidence uploaded; No payment record yet — vendor pattern unverified,reactive
WS/MP013/2024-2025/141726,Indra Hang Subba,Sikkim,Inspect,District Authority,38.3,67,Marked completed but no photo evidence uploaded; No payment record yet — vendor pattern unverified,reactive
WS/MP18121/2024-2025/146671,SMITA UDAY WAGH,Maharashtra,Review Estimate,District Authority,38.3,67,"Cost is unusually higher than comparable works (state+category baseline, z=3.2); No payment record yet — vendor pattern unverified",reactive
WS/MP552/2024-2025/134702,Radha Mohan Singh,Bihar,Inspect,District Authority,38.2,67,Marked completed but no photo evidence uploaded; No payment record yet — vendor pattern unverified,reactive
WS/MP761/2024-2025/151486,Arvind Dharmapuri,Telangana,Inspect,District Authority,38.2,67,Marked completed but no photo evidence uploaded; No payment record yet — vendor pattern unverified,reactive
WS/MP18180/2025-2026/149576,ARUN NEHRU,Tamil Nadu,Inspect,District Authority,38.1,67,Marked completed but no photo evidence uploaded; No payment record yet — vendor pattern unverified,reactive
WS/MP479/2024-2025/138169,Saumitra khan,West Bengal,Review Estimate,District Authority,38.1,33,"Cost is unusually higher than comparable works (state+category baseline, z=3.7); No payment record yet — vendor pattern unverified",reactive
WS/MP18391/2024-2025/140325,S SUPONGMEREN JAMIR,Nagaland,Inspect,District Authority,38.0,67,Marked completed but no photo evidence uploaded; No payment record yet — vendor pattern unverified,reactive
WS/MP18209/2025-2026/145498,CHANDAN CHAUHAN,Uttar Pradesh,Inspect,District Authority,37.9,67,Marked completed but no photo evidence uploaded; No payment record yet — vendor pattern unverified,reactive
WS/MP719/2024-2025/149560,Bhagirath Chaudhary,Rajasthan,Inspect,District Authority,37.9,67,Marked completed but no photo evidence uploaded; No payment record yet — vendor pattern unverified,reactive
WS/MP386/2024-2025/144963,Shri Hanuman Beniwal,Rajasthan,Inspect,District Authority,37.8,67,Marked completed but no photo evidence uploaded; No payment record yet — vendor pattern unverified,reactive
WS/MP422/2024-2025/141662,Dileshwar Kamait,Bihar,Inspect,District Authority,37.6,67,Marked completed but no photo evidence uploaded; No payment record yet — vendor pattern unverified,reactive
WS/MP18241/2024-2025/145279,RAKESH RATHOR,Uttar Pradesh,Inspect,District Authority,37.6,67,Marked completed but no photo evidence uploaded; No payment record yet — vendor pattern unverified,reactive
WS/MP422/2024-2025/142412,Dileshwar Kamait,Bihar,Inspect,District Authority,37.5,67,Marked completed but no photo evidence uploaded; No payment record yet — vendor pattern unverified,reactive
WS/MP18309/2024-2025/153438,SALENG A SANGMA,Meghalaya,Inspect,District Authority,37.5,67,Marked completed but no photo evidence uploaded; No payment record yet — vendor pattern unverified,reactive
WS/MP18309/2024-2025/153436,SALENG A SANGMA,Meghalaya,Inspect,District Authority,37.5,67,Marked completed but no photo evidence uploaded; No payment record yet — vendor pattern unverified,reactive
WS/MP18377/2024-2025/152274,CHHATRA PAL SINGH GANGWAR,Uttar Pradesh,Inspect,District Authority,37.4,67,Marked completed but no photo evidence uploaded; No payment record yet — vendor pattern unverified,reactive
WS/MP18241/2024-2025/145272,RAKESH RATHOR,Uttar Pradesh,Inspect,District Authority,37.4,67,Marked completed but no photo evidence uploaded; No payment record yet — vendor pattern unverified,reactive
WS/MP18377/2024-2025/152285,CHHATRA PAL SINGH GANGWAR,Uttar Pradesh,Inspect,District Authority,37.4,67,Marked completed but no photo evidence uploaded; No payment record yet — vendor pattern unverified,reactive
WS/MP18377/2024-2025/152282,CHHATRA PAL SINGH GANGWAR,Uttar Pradesh,Inspect,District Authority,37.4,67,Marked completed but no photo evidence uploaded; No payment record yet — vendor pattern unverified,reactive
WS/MP18377/2024-2025/152284,CHHATRA PAL SINGH GANGWAR,Uttar Pradesh,Inspect,District Authority,37.4,67,Marked completed but no photo evidence uploaded; No payment record yet — vendor pattern unverified,reactive
WS/MP18377/2024-2025/152275,CHHATRA PAL SINGH GANGWAR,Uttar Pradesh,Inspect,District Authority,37.4,67,Marked completed but no photo evidence uploaded; No payment record yet — vendor pattern unverified,reactive
WS/MP499/2024-2025/144951,Smt Satabdi Roy (Banerjee),West Bengal,Inspect,District Authority,37.4,67,Marked completed but no photo evidence uploaded; No payment record yet — vendor pattern unverified,reactive
WS/MP18377/2024-2025/152271,CHHATRA PAL SINGH GANGWAR,Uttar Pradesh,Inspect,District Authority,37.4,67,Marked completed but no photo evidence uploaded; No payment record yet — vendor pattern unverified,reactive
WS/MP18377/2024-2025/152277,CHHATRA PAL SINGH GANGWAR,Uttar Pradesh,Inspect,District Authority,37.4,67,Marked completed but no photo evidence uploaded; No payment record yet — vendor pattern unverified,reactive
WS/MP18377/2024-2025/152286,CHHATRA PAL SINGH GANGWAR,Uttar Pradesh,Inspect,District Authority,37.4,67,Marked completed but no photo evidence uploaded; No payment record yet — vendor pattern unverified,reactive
WS/MP313/2024-2025/140980,Shri Tapir Gao,Arunachal Pradesh,Inspect,District Authority,37.4,67,Marked completed but no photo evidence uploaded; No payment record yet — vendor pattern unverified,reactive
WS/MP435/2024-2025/145972,Sanjay Seth,Jharkhand,Inspect,District Authority,37.4,67,Marked completed but no photo evidence uploaded; No payment record yet — vendor pattern unverified,reactive
WS/MP435/2024-2025/146001,Sanjay Seth,Jharkhand,Inspect,District Authority,37.4,67,Marked completed but no photo evidence uploaded; No payment record yet — vendor pattern unverified,reactive
WS/MP823/2024-2025/139964,Ms Mahua Moitra,West Bengal,Review Estimate,District Authority,37.4,67,"Cost is unusually higher than comparable works (state+category baseline, z=3.1); No payment record yet — vendor pattern unverified",reactive
WS/MP18377/2024-2025/152283,CHHATRA PAL SINGH GANGWAR,Uttar Pradesh,Inspect,District Authority,37.4,67,Marked completed but no photo evidence uploaded; No payment record yet — vendor pattern unverified,reactive
WS/MP18377/2024-2025/152281,CHHATRA PAL SINGH GANGWAR,Uttar Pradesh,Inspect,District Authority,37.4,67,Marked completed but no photo evidence uploaded; No payment record yet — vendor pattern unverified,reactive
WS/MP18377/2024-2025/152280,CHHATRA PAL SINGH GANGWAR,Uttar Pradesh,Inspect,District Authority,37.4,67,Marked completed but no photo evidence uploaded; No payment record yet — vendor pattern unverified,reactive
WS/MP18377/2024-2025/152290,CHHATRA PAL SINGH GANGWAR,Uttar Pradesh,Inspect,District Authority,37.4,67,Marked completed but no photo evidence uploaded; No payment record yet — vendor pattern unverified,reactive
WS/MP18377/2024-2025/152293,CHHATRA PAL SINGH GANGWAR,Uttar Pradesh,Inspect,District Authority,37.4,67,Marked completed but no photo evidence uploaded; No payment record yet — vendor pattern unverified,reactive
WS/MP18377/2024-2025/152292,CHHATRA PAL SINGH GANGWAR,Uttar Pradesh,Inspect,District Authority,37.4,67,Marked completed but no photo evidence uploaded; No payment record yet — vendor pattern unverified,reactive
WS/MP18377/2024-2025/152294,CHHATRA PAL SINGH GANGWAR,Uttar Pradesh,Inspect,District Authority,37.4,67,Marked completed but no photo evidence uploaded; No payment record yet — vendor pattern unverified,reactive
WS/MP761/2024-2025/147241,Arvind Dharmapuri,Telangana,Inspect,District Authority,37.3,67,Marked completed but no photo evidence uploaded; No payment record yet — vendor pattern unverified,reactive
WS/MP423/2024-2025/138827,Shri Abhishek Banerjee,West Bengal,Inspect,District Authority,37.3,67,Marked completed but no photo evidence uploaded; No payment record yet — vendor pattern unverified,reactive
WS/MP18138/2024-2025/148102,RICHARD VANLALHMANGAIHA,Mizoram,Inspect,District Authority,37.3,67,Marked completed but no photo evidence uploaded; No payment record yet — vendor pattern unverified,reactive
WS/MP18309/2024-2025/153437,SALENG A SANGMA,Meghalaya,Inspect,District Authority,37.3,67,Marked completed but no photo evidence uploaded; No payment record yet — vendor pattern unverified,reactive
WS/MP654/2024-2025/142740,Smt Himadri Singh,Madhya Pradesh,Inspect,District Authority,37.3,67,Marked completed but no photo evidence uploaded; No payment record yet — vendor pattern unverified,reactive
WS/MP761/2024-2025/144960,Arvind Dharmapuri,Telangana,Inspect,District Authority,37.3,67,Marked completed but no photo evidence uploaded; No payment record yet — vendor pattern unverified,reactive
WS/MP485/2024-2025/136156,Pratima Mondal,West Bengal,Inspect,District Authority,37.3,67,Marked completed but no photo evidence uploaded; No payment record yet — vendor pattern unverified,reactive
WS/MP18043/2024-2025/140587,MANOJ KUMAR,Bihar,Inspect,District Authority,37.3,67,Marked completed but no photo evidence uploaded; No payment record yet — vendor pattern unverified,reactive
WS/MP761/2024-2025/149051,Arvind Dharmapuri,Telangana,Inspect,District Authority,37.2,67,Marked completed but no photo evidence uploaded; No payment record yet — vendor pattern unverified,reactive
WS/MP761/2024-2025/150761,Arvind Dharmapuri,Telangana,Inspect,District Authority,37.2,67,Marked completed but no photo evidence uploaded; No payment record yet — vendor pattern unverified,reactive
WS/MP761/2024-2025/149043,Arvind Dharmapuri,Telangana,Inspect,District Authority,37.2,67,Marked completed but no photo evidence uploaded; No payment record yet — vendor pattern unverified,reactive
WS/MP761/2024-2025/144943,Arvind Dharmapuri,Telangana,Inspect,District Authority,37.2,67,Marked completed but no photo evidence uploaded; No payment record yet — vendor pattern unverified,reactive
WS/MP386/2024-2025/142433,Shri Hanuman Beniwal,Rajasthan,Inspect,District Authority,37.2,67,Marked completed but no photo evidence uploaded; No payment record yet — vendor pattern unverified,reactive
WS/MP381/2024-2025/153030,Shri Gurjeet Singh Aujla,Punjab,Inspect,District Authority,37.2,67,Marked completed but no photo evidence uploaded; No payment record yet — vendor pattern unverified,reactive
WS/MP423/2024-2025/138839,Shri Abhishek Banerjee,West Bengal,Inspect,District Authority,37.2,67,Marked completed but no photo evidence uploaded; No payment record yet — vendor pattern unverified,reactive
WS/MP761/2024-2025/148189,Arvind Dharmapuri,Telangana,Inspect,District Authority,37.2,67,Marked completed but no photo evidence uploaded; No payment record yet — vendor pattern unverified,reactive
WS/MP423/2024-2025/138841,Shri Abhishek Banerjee,West Bengal,Inspect,District Authority,37.2,67,Marked completed but no photo evidence uploaded; No payment record yet — vendor pattern unverified,reactive
WS/MP761/2024-2025/146606,Arvind Dharmapuri,Telangana,Inspect,District Authority,37.2,67,Marked completed but no photo evidence uploaded; No payment record yet — vendor pattern unverified,reactive
WS/MP18173/2024-2025/137928,THARANIVENTHAN M S,Tamil Nadu,Inspect,District Authority,37.2,67,Marked completed but no photo evidence uploaded; No payment record yet — vendor pattern unverified,reactive
WS/MP18250/2024-2025/135267,SK NURUL ISLAM,West Bengal,Review Estimate,District Authority,37.2,33,"Cost is unusually higher than comparable works (state+category baseline, z=3.6); No payment record yet — vendor pattern unverified",reactive
WS/MP423/2025-2026/138820,Shri Abhishek Banerjee,West Bengal,Inspect,District Authority,37.1,67,Marked completed but no photo evidence uploaded; No payment record yet — vendor pattern unverified,reactive
WS/MP18205/2024-2025/148391,SANATAN PANDEY,Uttar Pradesh,Inspect,District Authority,37.0,67,Marked completed but no photo evidence uploaded; No payment record yet — vendor pattern unverified,reactive
WS/MP18074/2024-2025/138467,KALI CHARAN MUNDA,Jharkhand,Inspect,District Authority,36.9,67,Marked completed but no photo evidence uploaded; No payment record yet — vendor pattern unverified,reactive
WS/MP18043/2024-2025/140588,MANOJ KUMAR,Bihar,Inspect,District Authority,36.9,67,Marked completed but no photo evidence uploaded; No payment record yet — vendor pattern unverified,reactive
WS/MP18032/2024-2025/137001,SUDHAKAR SINGH,Bihar,Inspect,District Authority,36.9,67,Marked completed but no photo evidence uploaded; No payment record yet — vendor pattern unverified,reactive
WS/MP18074/2024-2025/138468,KALI CHARAN MUNDA,Jharkhand,Inspect,District Authority,36.9,67,Marked completed but no photo evidence uploaded; No payment record yet — vendor pattern unverified,reactive
WS/MP423/2024-2025/140571,Ramprit Mandal,Bihar,Inspect,District Authority,36.8,67,Marked completed but no photo evidence uploaded; No payment record yet — vendor pattern unverified,reactive
WS/MP423/2024-2025/140572,Ramprit Mandal,Bihar,Inspect,District Authority,36.8,67,Marked completed but no photo evidence uploaded; No payment record yet — vendor pattern unverified,reactive
WS/MP423/2024-2025/140570,Ramprit Mandal,Bihar,Inspect,District Authority,36.8,67,Marked completed but no photo evidence uploaded; No payment record yet — vendor pattern unverified,reactive
WS/MP423/2024-2025/136937,Ramprit Mandal,Bihar,Inspect,District Authority,36.8,67,Marked completed but no photo evidence uploaded; No payment record yet — vendor pattern unverified,reactive
WS/MP18241/2024-2025/145278,RAKESH RATHOR,Uttar Pradesh,Inspect,District Authority,36.8,67,Marked completed but no photo evidence uploaded; No payment record yet — vendor pattern unverified,reactive
WS/MP423/2024-2025/133947,Ramprit Mandal,Bihar,Inspect,District Authority,36.8,67,Marked completed but no photo evidence uploaded; No payment record yet — vendor pattern unverified,reactive
WS/MP423/2024-2025/133973,Ramprit Mandal,Bihar,Inspect,District Authority,36.8,67,Marked completed but no photo evidence uploaded; No payment record yet — vendor pattern unverified,reactive
WS/MP761/2024-2025/145003,Arvind Dharmapuri,Telangana,Inspect,District Authority,36.8,67,Marked completed but no photo evidence uploaded; No payment record yet — vendor pattern unverified,reactive
WS/MP18338/2024-2025/153008,CHAMALA KIRAN KUMAR REDDY,Telangana,Review Estimate,District Authority,36.8,67,"Cost is unusually higher than comparable works (state+category baseline, z=3.1); No payment record yet — vendor pattern unverified",reactive
WS/MP761/2024-2025/144956,Arvind Dharmapuri,Telangana,Inspect,District Authority,36.8,67,Marked completed but no photo evidence uploaded; No payment record yet — vendor pattern unverified,reactive
WS/MP423/2024-2025/133976,Ramprit Mandal,Bihar,Inspect,District Authority,36.8,67,Marked completed but no photo evidence uploaded; No payment record yet — vendor pattern unverified,reactive
WS/MP423/2024-2025/133975,Ramprit Mandal,Bihar,Inspect,District Authority,36.8,67,Marked completed but no photo evidence uploaded; No payment record yet — vendor pattern unverified,reactive
WS/MP423/2024-2025/140573,Ramprit Mandal,Bihar,Inspect,District Authority,36.8,67,Marked completed but no photo evidence uploaded; No payment record yet — vendor pattern unverified,reactive
WS/MP423/2024-2025/140574,Ramprit Mandal,Bihar,Inspect,District Authority,36.8,67,Marked completed but no photo evidence uploaded; No payment record yet — vendor pattern unverified,reactive
WS/MP761/2024-2025/144974,Arvind Dharmapuri,Telangana,Inspect,District Authority,36.7,67,Marked completed but no photo evidence uploaded; No payment record yet — vendor pattern unverified,reactive
WS/MP761/2024-2025/144935,Arvind Dharmapuri,Telangana,Inspect,District Authority,36.7,67,Marked completed but no photo evidence uploaded; No payment record yet — vendor pattern unverified,reactive
WS/MP18032/2024-2025/136943,SUDHAKAR SINGH,Bihar,Inspect,District Authority,36.7,67,Marked completed but no photo evidence uploaded; No payment record yet — vendor pattern unverified,reactive
WS/MP18074/2024-2025/140512,KALI CHARAN MUNDA,Jharkhand,Review Estimate,District Authority,36.7,33,"Cost is unusually higher than comparable works (state+category baseline, z=3.6); No payment record yet — vendor pattern unverified",reactive
WS/MP313/2024-2025/140979,Shri Tapir Gao,Arunachal Pradesh,Inspect,District Authority,36.6,67,Marked completed but no photo evidence uploaded; No payment record yet — vendor pattern unverified,reactive
WS/MP386/2024-2025/145029,Shri Hanuman Beniwal,Rajasthan,Inspect,District Authority,36.6,67,Marked completed but no photo evidence uploaded; No payment record yet — vendor pattern unverified,reactive
WS/MP458/2024-2025/150087,Kanimozhi Karunanidhi,Tamil Nadu,Inspect,District Authority,36.6,67,Marked completed but no photo evidence uploaded; No payment record yet — vendor pattern unverified,reactive
WS/MP345/2024-2025/138114,Shri NK Premachandran,Kerala,Inspect,District Authority,36.6,67,Marked completed but no photo evidence uploaded; No payment record yet — vendor pattern unverified,reactive
WS/MP18074/2024-2025/138476,KALI CHARAN MUNDA,Jharkhand,Inspect,District Authority,36.5,67,Marked completed but no photo evidence uploaded; No payment record yet — vendor pattern unverified,reactive
WS/MP18074/2024-2025/138470,KALI CHARAN MUNDA,Jharkhand,Inspect,District Authority,36.5,67,Marked completed but no photo evidence uploaded; No payment record yet — vendor pattern unverified,reactive
WS/MP18062/2025-2026/154045,JAI PARKASH,Haryana,Review Estimate,District Authority,36.5,33,"Cost is unusually higher than comparable works (state+category baseline, z=3.6); No payment record yet — vendor pattern unverified",reactive
WS/MP18074/2024-2025/138478,KALI CHARAN MUNDA,Jharkhand,Inspect,District Authority,36.5,67,Marked completed but no photo evidence uploaded; No payment record yet — vendor pattern unverified,reactive
WS/MP18074/2024-2025/138477,KALI CHARAN MUNDA,Jharkhand,Inspect,District Authority,36.5,67,Marked completed but no photo evidence uploaded; No payment record yet — vendor pattern unverified,reactive
WS/MP18074/2024-2025/140256,KALI CHARAN MUNDA,Jharkhand,Inspect,District Authority,36.5,67,Marked completed but no photo evidence uploaded; No payment record yet — vendor pattern unverified,reactive
WS/MP18074/2024-2025/138465,KALI CHARAN MUNDA,Jharkhand,Inspect,District Authority,36.5,67,Marked completed but no photo evidence uploaded; No payment record yet — vendor pattern unverified,reactive
WS/MP18074/2024-2025/138469,KALI CHARAN MUNDA,Jharkhand,Inspect,District Authority,36.5,67,Marked completed but no photo evidence uploaded; No payment record yet — vendor pattern unverified,reactive
WS/MP18263/2025-2026/150109,KOTA SRINIVAS POOJARY,Karnataka,Review Estimate,District Authority,36.5,33,"Cost is unusually higher than comparable works (state+category baseline, z=3.6); No payment record yet — vendor pattern unverified",reactive
WS/MP18074/2024-2025/138471,KALI CHARAN MUNDA,Jharkhand,Inspect,District Authority,36.5,67,Marked completed but no photo evidence uploaded; No payment record yet — vendor pattern unverified,reactive
WS/MP18074/2024-2025/138474,KALI CHARAN MUNDA,Jharkhand,Inspect,District Authority,36.5,67,Marked completed but no photo evidence uploaded; No payment record yet — vendor pattern unverified,reactive
WS/MP18217/2024-2025/136857,AKSHAYA YADAV,Uttar Pradesh,Review Estimate,District Authority,36.4,67,"Cost is unusually higher than comparable works (state+category baseline, z=3.1); No payment record yet — vendor pattern unverified",reactive
WS/MP386/2024-2025/142227,Shri Hanuman Beniwal,Rajasthan,Review Estimate,District Authority,36.4,67,"Cost is unusually higher than comparable works (state+category baseline, z=3.1); No payment record yet — vendor pattern unverified",reactive
WS/MP429/2024-2025/140550,Jyotsna Charandas Mahant,Chhattisgarh,Inspect,District Authority,36.3,67,Marked completed but no photo evidence uploaded; No payment record yet — vendor pattern unverified,reactive
WS/MP18144/2024-2025/141596,MALVIKA DEVI,Odisha,Inspect,District Authority,36.2,67,Marked completed but no photo evidence uploaded; No payment record yet — vendor pattern unverified,reactive
WS/MP18321/2024-2025/152554,SHOBHANABEN MAHENDRASINH BARAIYA,Gujarat,Inspect,District Authority,36.2,67,Marked completed but no photo evidence uploaded; No payment record yet — vendor pattern unverified,reactive
WS/MP453/2024-2025/153903,Saptagiri Sankar Ulaka,Odisha,Inspect,District Authority,36.2,67,Marked completed but no photo evidence uploaded; No payment record yet — vendor pattern unverified,reactive
WS/MP18211/2024-2025/137325,SHASHANK MANI,Uttar Pradesh,Inspect,District Authority,36.2,67,Marked completed but no photo evidence uploaded; No payment record yet — vendor pattern unverified,reactive
WS/MP18144/2024-2025/141589,MALVIKA DEVI,Odisha,Inspect,District Authority,36.2,67,Marked completed but no photo evidence uploaded; No payment record yet — vendor pattern unverified,reactive
WS/MP18338/2024-2025/152481,CHAMALA KIRAN KUMAR REDDY,Telangana,Inspect,District Authority,36.1,67,Marked completed but no photo evidence uploaded; No payment record yet — vendor pattern unverified,reactive
WS/MP18338/2024-2025/152410,CHAMALA KIRAN KUMAR REDDY,Telangana,Inspect,District Authority,36.1,67,Marked completed but no photo evidence uploaded; No payment record yet — vendor pattern unverified,reactive
WS/MP18338/2024-2025/152405,CHAMALA KIRAN KUMAR REDDY,Telangana,Inspect,District Authority,36.1,67,Marked completed but no photo evidence uploaded; No payment record yet — vendor pattern unverified,reactive
WS/MP18338/2024-2025/152408,CHAMALA KIRAN KUMAR REDDY,Telangana,Inspect,District Authority,36.1,67,Marked completed but no photo evidence uploaded; No payment record yet — vendor pattern unverified,reactive
WS/MP18338/2024-2025/152480,CHAMALA KIRAN KUMAR REDDY,Telangana,Inspect,District Authority,36.1,67,Marked completed but no photo evidence uploaded; No payment record yet — vendor pattern unverified,reactive
WS/MP18338/2024-2025/152477,CHAMALA KIRAN KUMAR REDDY,Telangana,Inspect,District Authority,36.1,67,Marked completed but no photo evidence uploaded; No payment record yet — vendor pattern unverified,reactive
WS/MP429/2025-2026/145580,Jyotsna Charandas Mahant,Chhattisgarh,Inspect,District Authority,36.1,67,Marked completed but no photo evidence uploaded; No payment record yet — vendor pattern unverified,reactive
WS/MP18338/2024-2025/152403,CHAMALA KIRAN KUMAR REDDY,Telangana,Inspect,District Authority,36.1,67,Marked completed but no photo evidence uploaded; No payment record yet — vendor pattern unverified,reactive
WS/MP18338/2024-2025/152401,CHAMALA KIRAN KUMAR REDDY,Telangana,Inspect,District Authority,36.1,67,Marked completed but no photo evidence uploaded; No payment record yet — vendor pattern unverified,reactive
WS/MP18338/2024-2025/152400,CHAMALA KIRAN KUMAR REDDY,Telangana,Inspect,District Authority,36.1,67,Marked completed but no photo evidence uploaded; No payment record yet — vendor pattern unverified,reactive
WS/MP18338/2024-2025/152399,CHAMALA KIRAN KUMAR REDDY,Telangana,Inspect,District Authority,36.1,67,Marked completed but no photo evidence uploaded; No payment record yet — vendor pattern unverified,reactive
WS/MP18338/2024-2025/152419,CHAMALA KIRAN KUMAR REDDY,Telangana,Inspect,District Authority,36.1,67,Marked completed but no photo evidence uploaded; No payment record yet — vendor pattern unverified,reactive
WS/MP18338/2024-2025/152458,CHAMALA KIRAN KUMAR REDDY,Telangana,Inspect,District Authority,36.1,67,Marked completed but no photo evidence uploaded; No payment record yet — vendor pattern unverified,reactive
WS/MP18338/2024-2025/152451,CHAMALA KIRAN KUMAR REDDY,Telangana,Inspect,District Authority,36.1,67,Marked completed but no photo evidence uploaded; No payment record yet — vendor pattern unverified,reactive
WS/MP18338/2024-2025/152547,CHAMALA KIRAN KUMAR REDDY,Telangana,Inspect,District Authority,36.1,67,Marked completed but no photo evidence uploaded; No payment record yet — vendor pattern unverified,reactive
WS/MP18338/2024-2025/152459,CHAMALA KIRAN KUMAR REDDY,Telangana,Inspect,District Authority,36.1,67,Marked completed but no photo evidence uploaded; No payment record yet — vendor pattern unverified,reactive
WS/MP18338/2024-2025/152455,CHAMALA KIRAN KUMAR REDDY,Telangana,Inspect,District Authority,36.1,67,Marked completed but no photo evidence uploaded; No payment record yet — vendor pattern unverified,reactive
WS/MP18338/2024-2025/152476,CHAMALA KIRAN KUMAR REDDY,Telangana,Inspect,District Authority,36.1,67,Marked completed but no photo evidence uploaded; No payment record yet — vendor pattern unverified,reactive
WS/MP18338/2024-2025/152389,CHAMALA KIRAN KUMAR REDDY,Telangana,Inspect,District Authority,36.1,67,Marked completed but no photo evidence uploaded; No payment record yet — vendor pattern unverified,reactive
WS/MP18199/2024-2025/140421,LALJI VERMA,Uttar Pradesh,Inspect,District Authority,35.9,67,Marked completed but no photo evidence uploaded; No payment record yet — vendor pattern unverified,reactive
WS/MP313/2025-2026/138689,Shri Tapir Gao,Arunachal Pradesh,Inspect,District Authority,35.9,67,Marked completed but no photo evidence uploaded; No payment record yet — vendor pattern unverified,reactive
WS/MP18049/2024-2025/152234,TOKHAN SAHU,Chhattisgarh,Inspect,District Authority,35.9,67,Marked completed but no photo evidence uploaded; No payment record yet — vendor pattern unverified,reactive
WS/MP453/2024-2025/152816,Saptagiri Sankar Ulaka,Odisha,Inspect,District Authority,35.9,67,Marked completed but no photo evidence uploaded; No payment record yet — vendor pattern unverified,reactive
WS/MP18193/2025-2026/151790,EATALA RAJENDER,Telangana,Review Estimate,District Authority,35.8,33,"Cost is unusually higher than comparable works (state+category baseline, z=3.6); No payment record yet — vendor pattern unverified",reactive
WS/MP435/2024-2025/145996,Sanjay Seth,Jharkhand,Inspect,District Authority,35.8,67,Marked completed but no photo evidence uploaded; No payment record yet — vendor pattern unverified,reactive
WS/MP334/2024-2025/140484,Shri Chandra Prakash Choudhary,Jharkhand,Review Estimate,District Authority,35.7,33,"Cost is unusually higher than comparable works (state+category baseline, z=3.5); No payment record yet — vendor pattern unverified",reactive
WS/MP18173/2024-2025/137453,THARANIVENTHAN M S,Tamil Nadu,Inspect,District Authority,35.7,67,Marked completed but no photo evidence uploaded; No payment record yet — vendor pattern unverified,reactive
WS/MP334/2024-2025/140596,Shri Chandra Prakash Choudhary,Jharkhand,Review Estimate,District Authority,35.7,33,"Cost is unusually higher than comparable works (state+category baseline, z=3.5); No payment record yet — vendor pattern unverified",reactive
WS/MP453/2024-2025/152903,Saptagiri Sankar Ulaka,Odisha,Inspect,District Authority,35.6,67,Marked completed but no photo evidence uploaded; No payment record yet — vendor pattern unverified,reactive
WS/MP453/2024-2025/152810,Saptagiri Sankar Ulaka,Odisha,Inspect,District Authority,35.6,67,Marked completed but no photo evidence uploaded; No payment record yet — vendor pattern unverified,reactive
WS/MP598/2024-2025/147190,Suresh Kumar Kashyap,Himachal Pradesh,Inspect,District Authority,35.5,67,Marked completed but no photo evidence uploaded; No payment record yet — vendor pattern unverified,reactive
WS/MP435/2024-2025/145999,Sanjay Seth,Jharkhand,Inspect,District Authority,35.5,67,Marked completed but no photo evidence uploaded; No payment record yet — vendor pattern unverified,reactive
WS/MP410/2024-2025/148379,Pradan Baruah,Assam,Inspect,District Authority,35.5,67,Marked completed but no photo evidence uploaded; No payment record yet — vendor pattern unverified,reactive
WS/MP18377/2024-2025/152288,CHHATRA PAL SINGH GANGWAR,Uttar Pradesh,Inspect,District Authority,35.5,67,Marked completed but no photo evidence uploaded; No payment record yet — vendor pattern unverified,reactive
WS/MP18377/2024-2025/152291,CHHATRA PAL SINGH GANGWAR,Uttar Pradesh,Inspect,District Authority,35.5,67,Marked completed but no photo evidence uploaded; No payment record yet — vendor pattern unverified,reactive
WS/MP18377/2024-2025/152287,CHHATRA PAL SINGH GANGWAR,Uttar Pradesh,Inspect,District Authority,35.5,67,Marked completed but no photo evidence uploaded; No payment record yet — vendor pattern unverified,reactive
WS/MP435/2024-2025/146450,Sanjay Seth,Jharkhand,Inspect,District Authority,35.5,67,Marked completed but no photo evidence uploaded; No payment record yet — vendor pattern unverified,reactive
WS/MP18183/2024-2025/142746,MURASOLI S,Tamil Nadu,Inspect,District Authority,35.5,67,Marked completed but no photo evidence uploaded; No payment record yet — vendor pattern unverified,reactive
WS/MP18138/2024-2025/143748,RICHARD VANLALHMANGAIHA,Mizoram,Inspect,District Authority,35.5,67,Marked completed but no photo evidence uploaded; No payment record yet — vendor pattern unverified,reactive
WS/MP18377/2024-2025/152296,CHHATRA PAL SINGH GANGWAR,Uttar Pradesh,Inspect,District Authority,35.5,67,Marked completed but no photo evidence uploaded; No payment record yet — vendor pattern unverified,reactive
WS/MP18377/2024-2025/152272,CHHATRA PAL SINGH GANGWAR,Uttar Pradesh,Inspect,District Authority,35.5,67,Marked completed but no photo evidence uploaded; No payment record yet — vendor pattern unverified,reactive
WS/MP761/2024-2025/151474,Arvind Dharmapuri,Telangana,Inspect,District Authority,35.4,67,Marked completed but no photo evidence uploaded; No payment record yet — vendor pattern unverified,reactive
WS/MP761/2024-2025/150625,Arvind Dharmapuri,Telangana,Inspect,District Authority,35.4,67,Marked completed but no photo evidence uploaded; No payment record yet — vendor pattern unverified,reactive
WS/MP429/2024-2025/140552,Jyotsna Charandas Mahant,Chhattisgarh,Inspect,District Authority,35.4,67,Marked completed but no photo evidence uploaded; No payment record yet — vendor pattern unverified,reactive
WS/MP18155/2024-2025/141720,DR. RAJ KUMAR CHABBEWAL,Punjab,Inspect,District Authority,35.4,67,Marked completed but no photo evidence uploaded; No payment record yet — vendor pattern unverified,reactive
WS/MP761/2024-2025/145019,Arvind Dharmapuri,Telangana,Inspect,District Authority,35.4,67,Marked completed but no photo evidence uploaded; No payment record yet — vendor pattern unverified,reactive
WS/MP18032/2024-2025/136942,SUDHAKAR SINGH,Bihar,Inspect,District Authority,35.4,67,Marked completed but no photo evidence uploaded; No payment record yet — vendor pattern unverified,reactive
WS/MP499/2024-2025/138127,Smt Satabdi Roy (Banerjee),West Bengal,Inspect,District Authority,35.3,67,Marked completed but no photo evidence uploaded; No payment record yet — vendor pattern unverified,reactive
WS/MP761/2024-2025/146607,Arvind Dharmapuri,Telangana,Inspect,District Authority,35.1,67,Marked completed but no photo evidence uploaded; No payment record yet — vendor pattern unverified,reactive
WS/MP761/2024-2025/146424,Arvind Dharmapuri,Telangana,Inspect,District Authority,35.1,67,Marked completed but no photo evidence uploaded; No payment record yet — vendor pattern unverified,reactive
WS/MP552/2024-2025/137930,Radha Mohan Singh,Bihar,Inspect,District Authority,35.1,67,Marked completed but no photo evidence uploaded; No payment record yet — vendor pattern unverified,reactive
WS/MP435/2024-2025/145998,Sanjay Seth,Jharkhand,Inspect,District Authority,35.1,67,Marked completed but no photo evidence uploaded; No payment record yet — vendor pattern unverified,reactive
WS/MP18138/2024-2025/143319,RICHARD VANLALHMANGAIHA,Mizoram,Inspect,District Authority,35.1,67,Marked completed but no photo evidence uploaded; No payment record yet — vendor pattern unverified,reactive
WS/MP18019/2024-2025/137608,AMARSING TISSO,Assam,Inspect,District Authority,35.1,67,Marked completed but no photo evidence uploaded; No payment record yet — vendor pattern unverified,reactive
WS/MP761/2024-2025/150762,Arvind Dharmapuri,Telangana,Inspect,District Authority,35.1,67,Marked completed but no photo evidence uploaded; No payment record yet — vendor pattern unverified,reactive
WS/MP18186/2024-2025/149098,Sasikanth Senthil,Tamil Nadu,Inspect,District Authority,35.1,67,Marked completed but no photo evidence uploaded; No payment record yet — vendor pattern unverified,reactive
WS/MP435/2024-2025/147429,Sanjay Seth,Jharkhand,Inspect,District Authority,35.1,67,Marked completed but no photo evidence uploaded; No payment record yet — vendor pattern unverified,reactive
WS/MP761/2024-2025/144978,Arvind Dharmapuri,Telangana,Inspect,District Authority,35.1,67,Marked completed but no photo evidence uploaded; No payment record yet — vendor pattern unverified,reactive
WS/MP18186/2024-2025/149097,Sasikanth Senthil,Tamil Nadu,Inspect,District Authority,35.1,67,Marked completed but no photo evidence uploaded; No payment record yet — vendor pattern unverified,reactive
WS/MP386/2024-2025/142467,Shri Hanuman Beniwal,Rajasthan,Review Estimate,District Authority,35.0,33,"Cost is unusually higher than comparable works (state+category baseline, z=3.5); No payment record yet — vendor pattern unverified",reactive
,Shri LS Tejasvi Surya,Karnataka,Review Estimate,District Authority,35.0,33,"Cost is unusually higher than comparable works (state+category baseline, z=3.5); No payment record yet — vendor pattern unverified",reactive
WS/MP341/2025-2026/146452,Shri LS Tejasvi Surya,Karnataka,Review Estimate,District Authority,34.9,33,"Cost is unusually higher than comparable works (category-only baseline, z=3.5); No payment record yet — vendor pattern unverified",reactive
WS/MP386/2024-2025/144966,Shri Hanuman Beniwal,Rajasthan,Inspect,District Authority,34.9,67,Marked completed but no photo evidence uploaded; No payment record yet — vendor pattern unverified,reactive
WS/MP341/2025-2026/146451,Shri LS Tejasvi Surya,Karnataka,Review Estimate,District Authority,34.9,33,"Cost is unusually higher than comparable works (category-only baseline, z=3.5); No payment record yet — vendor pattern unverified",reactive
WS/MP745/2025-2026/144827,K Subbarayan,Tamil Nadu,Review Estimate,District Authority,34.7,33,"Cost is unusually higher than comparable works (state+category baseline, z=3.5); No payment record yet — vendor pattern unverified",reactive
WS/MP761/2024-2025/144940,Arvind Dharmapuri,Telangana,Inspect,District Authority,34.7,67,Marked completed but no photo evidence uploaded; No payment record yet — vendor pattern unverified,reactive
WS/MP18152/2024-2025/133698,SARABJEET SINGH KHALSA,Punjab,Inspect,District Authority,34.6,67,Marked completed but no photo evidence uploaded; No payment record yet — vendor pattern unverified,reactive
WS/MP393/2024-2025/143061,Shri Karti P Chidambaram,Tamil Nadu,Inspect,District Authority,34.6,67,Marked completed but no photo evidence uploaded; No payment record yet — vendor pattern unverified,reactive
WS/MP386/2024-2025/142232,Shri Hanuman Beniwal,Rajasthan,Inspect,District Authority,34.5,67,Marked completed but no photo evidence uploaded; No payment record yet — vendor pattern unverified,reactive
WS/MP18235/2024-2025/144419,MOHIBBULLAH,Uttar Pradesh,Inspect,District Authority,34.3,67,Marked completed but no photo evidence uploaded; No payment record yet — vendor pattern unverified,reactive
WS/MP18235/2024-2025/144420,MOHIBBULLAH,Uttar Pradesh,Inspect,District Authority,34.3,67,Marked completed but no photo evidence uploaded; No payment record yet — vendor pattern unverified,reactive
WS/MP435/2024-2025/145967,Sanjay Seth,Jharkhand,Inspect,District Authority,34.3,67,Marked completed but no photo evidence uploaded; No payment record yet — vendor pattern unverified,reactive
WS/MP18309/2024-2025/153441,SALENG A SANGMA,Meghalaya,Inspect,District Authority,34.3,67,Marked completed but no photo evidence uploaded; No payment record yet — vendor pattern unverified,reactive
WS/MP18391/2024-2025/140297,S SUPONGMEREN JAMIR,Nagaland,Inspect,District Authority,34.2,67,Marked completed but no photo evidence uploaded; No payment record yet — vendor pattern unverified,reactive
WS/MP18335/2024-2025/152960,RADHE SHYAM RATHIYA,Chhattisgarh,Inspect,District Authority,34.1,67,Marked completed but no photo evidence uploaded; No payment record yet — vendor pattern unverified,reactive
WS/MP422/2024-2025/141664,Dileshwar Kamait,Bihar,Inspect,District Authority,34.1,67,Marked completed but no photo evidence uploaded; No payment record yet — vendor pattern unverified,reactive
WS/MP18152/2024-2025/137633,SARABJEET SINGH KHALSA,Punjab,Inspect,District Authority,34.1,67,Marked completed but no photo evidence uploaded; No payment record yet — vendor pattern unverified,reactive
WS/MP18152/2024-2025/141222,SARABJEET SINGH KHALSA,Punjab,Inspect,District Authority,34.1,67,Marked completed but no photo evidence uploaded; No payment record yet — vendor pattern unverified,reactive
WS/MP18144/2024-2025/148065,MALVIKA DEVI,Odisha,Inspect,District Authority,34.1,67,Marked completed but no photo evidence uploaded; No payment record yet — vendor pattern unverified,reactive
WS/MP18152/2025-2026/140025,SARABJEET SINGH KHALSA,Punjab,Inspect,District Authority,34.1,67,Marked completed but no photo evidence uploaded; No payment record yet — vendor pattern unverified,reactive
WS/MP18152/2025-2026/140027,SARABJEET SINGH KHALSA,Punjab,Inspect,District Authority,34.1,67,Marked completed but no photo evidence uploaded; No payment record yet — vendor pattern unverified,reactive
WS/MP18238/2024-2025/145006,RAMASHANKAR RAJBHAR,Uttar Pradesh,Inspect,District Authority,34.1,67,Marked completed but no photo evidence uploaded; No payment record yet — vendor pattern unverified,reactive
WS/MP18241/2024-2025/145270,RAKESH RATHOR,Uttar Pradesh,Inspect,District Authority,34.1,67,Marked completed but no photo evidence uploaded; No payment record yet — vendor pattern unverified,reactive
WS/MP18152/2025-2026/150605,SARABJEET SINGH KHALSA,Punjab,Inspect,District Authority,34.1,67,Marked completed but no photo evidence uploaded; No payment record yet — vendor pattern unverified,reactive
WS/MP761/2024-2025/150988,Arvind Dharmapuri,Telangana,Inspect,District Authority,34.1,67,Marked completed but no photo evidence uploaded; No payment record yet — vendor pattern unverified,reactive
WS/MP18238/2024-2025/145011,RAMASHANKAR RAJBHAR,Uttar Pradesh,Inspect,District Authority,34.1,67,Marked completed but no photo evidence uploaded; No payment record yet — vendor pattern unverified,reactive
WS/MP761/2024-2025/145001,Arvind Dharmapuri,Telangana,Inspect,District Authority,34.1,67,Marked completed but no photo evidence uploaded; No payment record yet — vendor pattern unverified,reactive
WS/MP18152/2025-2026/141160,SARABJEET SINGH KHALSA,Punjab,Inspect,District Authority,34.1,67,Marked completed but no photo evidence uploaded; No payment record yet — vendor pattern unverified,reactive
WS/MP18205/2024-2025/148710,SANATAN PANDEY,Uttar Pradesh,Inspect,District Authority,34.1,67,Marked completed but no photo evidence uploaded; No payment record yet — vendor pattern unverified,reactive
WS/MP18152/2024-2025/137630,SARABJEET SINGH KHALSA,Punjab,Inspect,District Authority,34.1,67,Marked completed but no photo evidence uploaded; No payment record yet — vendor pattern unverified,reactive
WS/MP389/2024-2025/134429,Shri PP Chaudhary,Rajasthan,Review Estimate,District Authority,34.0,33,"Cost is unusually higher than comparable works (category-only baseline, z=3.4); No payment record yet — vendor pattern unverified",reactive
WS/MP761/2024-2025/147243,Arvind Dharmapuri,Telangana,Inspect,District Authority,33.9,67,Marked completed but no photo evidence uploaded; No payment record yet — vendor pattern unverified,reactive
WS/MP18336/2024-2025/147581,BRIJMOHAN AGRAWAL,Chhattisgarh,Inspect,District Authority,33.9,67,Marked completed but no photo evidence uploaded; No payment record yet — vendor pattern unverified,reactive
WS/MP18138/2024-2025/149617,RICHARD VANLALHMANGAIHA,Mizoram,Inspect,District Authority,33.9,67,Marked completed but no photo evidence uploaded; No payment record yet — vendor pattern unverified,reactive
WS/MP761/2024-2025/146759,Arvind Dharmapuri,Telangana,Inspect,District Authority,33.9,67,Marked completed but no photo evidence uploaded; No payment record yet — vendor pattern unverified,reactive
WS/MP761/2024-2025/144962,Arvind Dharmapuri,Telangana,Inspect,District Authority,33.9,67,Marked completed but no photo evidence uploaded; No payment record yet — vendor pattern unverified,reactive
WS/MP18138/2024-2025/148828,RICHARD VANLALHMANGAIHA,Mizoram,Inspect,District Authority,33.7,67,Marked completed but no photo evidence uploaded; No payment record yet — vendor pattern unverified,reactive
WS/MP386/2024-2025/145030,Shri Hanuman Beniwal,Rajasthan,Inspect,District Authority,33.7,67,Marked completed but no photo evidence uploaded; No payment record yet — vendor pattern unverified,reactive
WS/MP386/2024-2025/144986,Shri Hanuman Beniwal,Rajasthan,Inspect,District Authority,33.7,67,Marked completed but no photo evidence uploaded; No payment record yet — vendor pattern unverified,reactive
WS/MP18205/2024-2025/148383,SANATAN PANDEY,Uttar Pradesh,Inspect,District Authority,33.7,67,Marked completed but no photo evidence uploaded; No payment record yet — vendor pattern unverified,reactive
WS/MP18138/2024-2025/148114,RICHARD VANLALHMANGAIHA,Mizoram,Inspect,District Authority,33.7,67,Marked completed but no photo evidence uploaded; No payment record yet — vendor pattern unverified,reactive
WS/MP386/2024-2025/142432,Shri Hanuman Beniwal,Rajasthan,Inspect,District Authority,33.6,67,Marked completed but no photo evidence uploaded; No payment record yet — vendor pattern unverified,reactive
WS/MP18023/2024-2025/147016,BIJULI KALITA MEDHI,Assam,Inspect,District Authority,33.5,67,Marked completed but no photo evidence uploaded; No payment record yet — vendor pattern unverified,reactive
WS/MP18241/2024-2025/145268,RAKESH RATHOR,Uttar Pradesh,Inspect,District Authority,33.4,67,Marked completed but no photo evidence uploaded; No payment record yet — vendor pattern unverified,reactive
WS/MP435/2024-2025/147428,Sanjay Seth,Jharkhand,Inspect,District Authority,33.3,67,Marked completed but no photo evidence uploaded; No payment record yet — vendor pattern unverified,reactive
WS/MP18144/2024-2025/141601,MALVIKA DEVI,Odisha,Inspect,District Authority,33.3,67,Marked completed but no photo evidence uploaded; No payment record yet — vendor pattern unverified,reactive
WS/MP18144/2024-2025/141599,MALVIKA DEVI,Odisha,Inspect,District Authority,33.3,67,Marked completed but no photo evidence uploaded; No payment record yet — vendor pattern unverified,reactive
WS/MP18144/2024-2025/141600,MALVIKA DEVI,Odisha,Inspect,District Authority,33.3,67,Marked completed but no photo evidence uploaded; No payment record yet — vendor pattern unverified,reactive
WS/MP18019/2024-2025/137596,AMARSING TISSO,Assam,Inspect,District Authority,33.3,67,Marked completed but no photo evidence uploaded; No payment record yet — vendor pattern unverified,reactive
WS/MP435/2024-2025/147155,Sanjay Seth,Jharkhand,Inspect,District Authority,33.3,67,Marked completed but no photo evidence uploaded; No payment record yet — vendor pattern unverified,reactive
WS/MP18144/2024-2025/148059,MALVIKA DEVI,Odisha,Inspect,District Authority,33.3,67,Marked completed but no photo evidence uploaded; No payment record yet — vendor pattern unverified,reactive
WS/MP386/2024-2025/145035,Shri Hanuman Beniwal,Rajasthan,Inspect,District Authority,33.3,67,Marked completed but no photo evidence uploaded; No payment record yet — vendor pattern unverified,reactive
WS/MP18144/2024-2025/141597,MALVIKA DEVI,Odisha,Inspect,District Authority,33.3,67,Marked completed but no photo evidence uploaded; No payment record yet — vendor pattern unverified,reactive
WS/MP18144/2024-2025/141598,MALVIKA DEVI,Odisha,Inspect,District Authority,33.3,67,Marked completed but no photo evidence uploaded; No payment record yet — vendor pattern unverified,reactive
WS/MP18069/2024-2025/150901,RAJEEV BHARDWAJ,Himachal Pradesh,Inspect,District Authority,33.2,67,Marked completed but no photo evidence uploaded; No payment record yet — vendor pattern unverified,reactive
WS/MP641/2024-2025/147806,Gajendra Singh Patel,Madhya Pradesh,Inspect,District Authority,33.2,67,Marked completed but no photo evidence uploaded; No payment record yet — vendor pattern unverified,reactive
WS/MP18335/2025-2026/150741,RADHE SHYAM RATHIYA,Chhattisgarh,Review Estimate,District Authority,33.2,33,"Cost is unusually higher than comparable works (state+category baseline, z=3.4); No payment record yet — vendor pattern unverified",reactive
WS/MP18235/2024-2025/144416,MOHIBBULLAH,Uttar Pradesh,Inspect,District Authority,33.2,67,Marked completed but no photo evidence uploaded; No payment record yet — vendor pattern unverified,reactive
WS/MP18006/2024-2025/141947,DAGGUMALLA PRASADA RAO,Andhra Pradesh,Review Estimate,District Authority,33.2,33,"Cost is unusually higher than comparable works (category-only baseline, z=3.3); No payment record yet — vendor pattern unverified",reactive
WS/MP18069/2024-2025/154982,RAJEEV BHARDWAJ,Himachal Pradesh,Inspect,District Authority,33.2,67,Marked completed but no photo evidence uploaded; No payment record yet — vendor pattern unverified,reactive
WS/MP453/2024-2025/153902,Saptagiri Sankar Ulaka,Odisha,Inspect,District Authority,33.2,67,Marked completed but no photo evidence uploaded; No payment record yet — vendor pattern unverified,reactive
WS/MP517/2024-2025/140109,Rajkumar Chahar,Uttar Pradesh,Inspect,District Authority,33.1,67,Marked completed but no photo evidence uploaded; No payment record yet — vendor pattern unverified,reactive
WS/MP405/2024-2025/140236,Balashowry Vallabbhaneni,Andhra Pradesh,Inspect,District Authority,33.1,67,Marked completed but no photo evidence uploaded; No payment record yet — vendor pattern unverified,reactive
WS/MP761/2024-2025/150990,Arvind Dharmapuri,Telangana,Inspect,District Authority,33.0,67,Marked completed but no photo evidence uploaded; No payment record yet — vendor pattern unverified,reactive
WS/MP18199/2024-2025/140410,LALJI VERMA,Uttar Pradesh,Inspect,District Authority,32.7,67,Marked completed but no photo evidence uploaded; No payment record yet — vendor pattern unverified,reactive
WS/MP18377/2024-2025/152276,CHHATRA PAL SINGH GANGWAR,Uttar Pradesh,Inspect,District Authority,32.4,67,Marked completed but no photo evidence uploaded; No payment record yet — vendor pattern unverified,reactive
WS/MP347/2024-2025/138959,Shri Suresh Kodikunnil,Kerala,Inspect,District Authority,32.4,67,Marked completed but no photo evidence uploaded; No payment record yet — vendor pattern unverified,reactive
WS/MP18032/2024-2025/143625,SUDHAKAR SINGH,Bihar,Inspect,District Authority,32.4,67,Marked completed but no photo evidence uploaded; No payment record yet — vendor pattern unverified,reactive
WS/MP423/2024-2025/138828,Shri Abhishek Banerjee,West Bengal,Inspect,District Authority,32.4,67,Marked completed but no photo evidence uploaded; No payment record yet — vendor pattern unverified,reactive
WS/MP423/2024-2025/138826,Shri Abhishek Banerjee,West Bengal,Inspect,District Authority,32.4,67,Marked completed but no photo evidence uploaded; No payment record yet — vendor pattern unverified,reactive
WS/MP423/2024-2025/138819,Shri Abhishek Banerjee,West Bengal,Inspect,District Authority,32.3,67,Marked completed but no photo evidence uploaded; No payment record yet — vendor pattern unverified,reactive
WS/MP18032/2024-2025/136944,SUDHAKAR SINGH,Bihar,Inspect,District Authority,32.3,67,Marked completed but no photo evidence uploaded; No payment record yet — vendor pattern unverified,reactive
WS/MP423/2024-2025/138280,Shri Abhishek Banerjee,West Bengal,Inspect,District Authority,32.3,67,Marked completed but no photo evidence uploaded; No payment record yet — vendor pattern unverified,reactive
WS/MP435/2024-2025/145843,Sanjay Seth,Jharkhand,Inspect,District Authority,32.1,67,Marked completed but no photo evidence uploaded; No payment record yet — vendor pattern unverified,reactive
WS/MP18173/2024-2025/137917,THARANIVENTHAN M S,Tamil Nadu,Inspect,District Authority,32.1,67,Marked completed but no photo evidence uploaded; No payment record yet — vendor pattern unverified,reactive
WS/MP18173/2024-2025/137920,THARANIVENTHAN M S,Tamil Nadu,Inspect,District Authority,32.1,67,Marked completed but no photo evidence uploaded; No payment record yet — vendor pattern unverified,reactive
WS/MP761/2024-2025/144989,Arvind Dharmapuri,Telangana,Inspect,District Authority,32.1,67,Marked completed but no photo evidence uploaded; No payment record yet — vendor pattern unverified,reactive
WS/MP18328/2024-2025/144159,Kangana Ranaut,Himachal Pradesh,Review Estimate,District Authority,32.1,33,"Cost is unusually higher than comparable works (state+category baseline, z=3.3); No payment record yet — vendor pattern unverified",reactive
WS/MP797/2024-2025/149469,Mukesh Rajput,Uttar Pradesh,Inspect,District Authority,32.1,67,Marked completed but no photo evidence uploaded; No payment record yet — vendor pattern unverified,reactive
WS/MP797/2024-2025/149463,Mukesh Rajput,Uttar Pradesh,Inspect,District Authority,32.1,67,Marked completed but no photo evidence uploaded; No payment record yet — vendor pattern unverified,reactive
WS/MP18308/2025-2026/145422,RAVINDRA DATTARAM WAIKAR,Maharashtra,Review Estimate,District Authority,32.1,33,"Cost is unusually higher than comparable works (state+category baseline, z=3.3); No payment record yet — vendor pattern unverified",reactive
WS/MP664/2026-2027/146583,Arvind Ganpat Sawant,Maharashtra,Review Estimate,District Authority,32.1,33,"Cost is unusually higher than comparable works (state+category baseline, z=3.3); No payment record yet — vendor pattern unverified",reactive
WS/MP761/2024-2025/153164,Arvind Dharmapuri,Telangana,Inspect,District Authority,32.1,67,Marked completed but no photo evidence uploaded; No payment record yet — vendor pattern unverified,reactive
WS/MP797/2024-2025/149468,Mukesh Rajput,Uttar Pradesh,Inspect,District Authority,32.1,67,Marked completed but no photo evidence uploaded; No payment record yet — vendor pattern unverified,reactive
WS/MP18313/2024-2025/140376,RAJ KUMAR ROAT,Rajasthan,Review Estimate,District Authority,32.1,33,"Cost is unusually higher than comparable works (state+category baseline, z=3.3); No payment record yet — vendor pattern unverified",reactive
WS/MP797/2024-2025/149472,Mukesh Rajput,Uttar Pradesh,Inspect,District Authority,32.1,67,Marked completed but no photo evidence uploaded; No payment record yet — vendor pattern unverified,reactive
WS/MP797/2024-2025/149471,Mukesh Rajput,Uttar Pradesh,Inspect,District Authority,32.1,67,Marked completed but no photo evidence uploaded; No payment record yet — vendor pattern unverified,reactive
WS/MP797/2024-2025/149470,Mukesh Rajput,Uttar Pradesh,Inspect,District Authority,32.1,67,Marked completed but no photo evidence uploaded; No payment record yet — vendor pattern unverified,reactive
WS/MP761/2024-2025/144941,Arvind Dharmapuri,Telangana,Inspect,District Authority,32.1,67,Marked completed but no photo evidence uploaded; No payment record yet — vendor pattern unverified,reactive
WS/MP797/2024-2025/149465,Mukesh Rajput,Uttar Pradesh,Inspect,District Authority,32.1,67,Marked completed but no photo evidence uploaded; No payment record yet — vendor pattern unverified,reactive
WS/MP797/2024-2025/149464,Mukesh Rajput,Uttar Pradesh,Inspect,District Authority,32.1,67,Marked completed but no photo evidence uploaded; No payment record yet — vendor pattern unverified,reactive
WS/MP797/2024-2025/149466,Mukesh Rajput,Uttar Pradesh,Inspect,District Authority,32.1,67,Marked completed but no photo evidence uploaded; No payment record yet — vendor pattern unverified,reactive
WS/MP797/2024-2025/149467,Mukesh Rajput,Uttar Pradesh,Inspect,District Authority,32.1,67,Marked completed but no photo evidence uploaded; No payment record yet — vendor pattern unverified,reactive
WS/MP18095/2025-2026/139275,K. C VENUGOPAL,Kerala,Review Estimate,District Authority,32.1,33,"Cost is unusually higher than comparable works (state+category baseline, z=3.3); No payment record yet — vendor pattern unverified",reactive
WS/MP334/2024-2025/140554,Shri Chandra Prakash Choudhary,Jharkhand,Review Estimate,District Authority,32.0,33,"Cost is unusually higher than comparable works (state+category baseline, z=3.3); No payment record yet — vendor pattern unverified",reactive
WS/MP334/2024-2025/144891,Shri Chandra Prakash Choudhary,Jharkhand,Review Estimate,District Authority,32.0,33,"Cost is unusually higher than comparable works (state+category baseline, z=3.3); No payment record yet — vendor pattern unverified",reactive
WS/MP334/2024-2025/144885,Shri Chandra Prakash Choudhary,Jharkhand,Review Estimate,District Authority,32.0,33,"Cost is unusually higher than comparable works (state+category baseline, z=3.3); No payment record yet — vendor pattern unverified",reactive
WS/MP334/2024-2025/144882,Shri Chandra Prakash Choudhary,Jharkhand,Review Estimate,District Authority,32.0,33,"Cost is unusually higher than comparable works (state+category baseline, z=3.3); No payment record yet — vendor pattern unverified",reactive
WS/MP334/2024-2025/141472,Shri Chandra Prakash Choudhary,Jharkhand,Review Estimate,District Authority,32.0,33,"Cost is unusually higher than comparable works (state+category baseline, z=3.3); No payment record yet — vendor pattern unverified",reactive
WS/MP334/2024-2025/143356,Shri Chandra Prakash Choudhary,Jharkhand,Review Estimate,District Authority,32.0,33,"Cost is unusually higher than comparable works (state+category baseline, z=3.3); No payment record yet — vendor pattern unverified",reactive
WS/MP334/2024-2025/144897,Shri Chandra Prakash Choudhary,Jharkhand,Review Estimate,District Authority,32.0,33,"Cost is unusually higher than comparable works (state+category baseline, z=3.3); No payment record yet — vendor pattern unverified",reactive
WS/MP577/2025-2026/138728,Jaswantsinh Sumanbhai Bhabhor,Gujarat,Review Estimate,District Authority,32.0,33,"Cost is unusually higher than comparable works (state+category baseline, z=3.3); No payment record yet — vendor pattern unverified",reactive
WS/MP334/2024-2025/144895,Shri Chandra Prakash Choudhary,Jharkhand,Review Estimate,District Authority,32.0,33,"Cost is unusually higher than comparable works (state+category baseline, z=3.3); No payment record yet — vendor pattern unverified",reactive
WS/MP334/2024-2025/144875,Shri Chandra Prakash Choudhary,Jharkhand,Review Estimate,District Authority,32.0,33,"Cost is unusually higher than comparable works (state+category baseline, z=3.3); No payment record yet — vendor pattern unverified",reactive
WS/MP423/2024-2025/138281,Shri Abhishek Banerjee,West Bengal,Inspect,District Authority,31.9,67,Marked completed but no photo evidence uploaded; No payment record yet — vendor pattern unverified,reactive
WS/MP18313/2024-2025/143850,RAJ KUMAR ROAT,Rajasthan,Review Estimate,District Authority,31.9,33,"Cost is unusually higher than comparable works (state+category baseline, z=3.2); No payment record yet — vendor pattern unverified",reactive
WS/MP524/2024-2025/152575,Midhun Reddy,Andhra Pradesh,Review Estimate,District Authority,31.9,33,"Cost is unusually higher than comparable works (state+category baseline, z=3.2); No payment record yet — vendor pattern unverified",reactive
WS/MP18193/2025-2026/149453,EATALA RAJENDER,Telangana,Review Estimate,District Authority,31.9,33,"Cost is unusually higher than comparable works (state+category baseline, z=3.2); No payment record yet — vendor pattern unverified",reactive
WS/MP638/2024-2025/152565,Virendra Kumar,Madhya Pradesh,Review Estimate,District Authority,31.9,33,"Cost is unusually higher than comparable works (state+category baseline, z=3.2); No payment record yet — vendor pattern unverified",reactive
WS/MP18335/2025-2026/150781,RADHE SHYAM RATHIYA,Chhattisgarh,Review Estimate,District Authority,31.9,33,"Cost is unusually higher than comparable works (category-only baseline, z=3.2); No payment record yet — vendor pattern unverified",reactive
,Kanimozhi Karunanidhi,Tamil Nadu,Review Estimate,District Authority,31.9,33,"Cost is unusually higher than comparable works (category-only baseline, z=3.2); No payment record yet — vendor pattern unverified",reactive
WS/MP644/2024-2025/151372,Janardan Mishra,Madhya Pradesh,Review Estimate,District Authority,31.9,33,"Cost is unusually higher than comparable works (state+category baseline, z=3.2); No payment record yet — vendor pattern unverified",reactive
WS/MP644/2024-2025/151375,Janardan Mishra,Madhya Pradesh,Review Estimate,District Authority,31.9,33,"Cost is unusually higher than comparable works (state+category baseline, z=3.2); No payment record yet — vendor pattern unverified",reactive
WS/MP641/2024-2025/137260,Gajendra Singh Patel,Madhya Pradesh,Review Estimate,District Authority,31.9,33,"Cost is unusually higher than comparable works (state+category baseline, z=3.3); No payment record yet — vendor pattern unverified",reactive
WS/MP18176/2024-2025/139957,SACHITHANANTHAM R,Tamil Nadu,Inspect,District Authority,31.9,67,Marked completed but no photo evidence uploaded; No payment record yet — vendor pattern unverified,reactive
WS/MP435/2024-2025/145868,Sanjay Seth,Jharkhand,Inspect,District Authority,31.6,67,Marked completed but no photo evidence uploaded; No payment record yet — vendor pattern unverified,reactive
,Shri Suresh Kodikunnil,Kerala,Review Estimate,District Authority,31.6,33,"Cost is unusually higher than comparable works (state+category baseline, z=3.2); No payment record yet — vendor pattern unverified",reactive
WS/MP18238/2024-2025/141063,RAMASHANKAR RAJBHAR,Uttar Pradesh,Inspect,District Authority,31.6,67,Marked completed but no photo evidence uploaded; No payment record yet — vendor pattern unverified,reactive
WS/MP386/2024-2025/145118,Shri Hanuman Beniwal,Rajasthan,Inspect,District Authority,31.5,67,Marked completed but no photo evidence uploaded; No payment record yet — vendor pattern unverified,reactive
WS/MP18155/2024-2025/149131,DR. RAJ KUMAR CHABBEWAL,Punjab,Review Estimate,District Authority,31.5,33,"Cost is unusually higher than comparable works (state+category baseline, z=3.2); No payment record yet — vendor pattern unverified",reactive
WS/MP18309/2024-2025/153442,SALENG A SANGMA,Meghalaya,Inspect,District Authority,31.4,67,Marked completed but no photo evidence uploaded; No payment record yet — vendor pattern unverified,reactive
WS/MP18391/2024-2025/140296,S SUPONGMEREN JAMIR,Nagaland,Inspect,District Authority,31.0,67,Marked completed but no photo evidence uploaded; No payment record yet — vendor pattern unverified,reactive
WS/MP435/2024-2025/146454,Sanjay Seth,Jharkhand,Inspect,District Authority,31.0,67,Marked completed but no photo evidence uploaded; No payment record yet — vendor pattern unverified,reactive
WS/MP18043/2024-2025/140658,MANOJ KUMAR,Bihar,Inspect,District Authority,31.0,67,Marked completed but no photo evidence uploaded; No payment record yet — vendor pattern unverified,reactive
WS/MP18199/2024-2025/140413,LALJI VERMA,Uttar Pradesh,Inspect,District Authority,31.0,67,Marked completed but no photo evidence uploaded; No payment record yet — vendor pattern unverified,reactive
WS/MP18394/2024-2025/153783,V S Matheswaran,Tamil Nadu,Inspect,District Authority,31.0,67,Marked completed but no photo evidence uploaded; No payment record yet — vendor pattern unverified,reactive
WS/MP18241/2024-2025/145277,RAKESH RATHOR,Uttar Pradesh,Inspect,District Authority,30.9,67,Marked completed but no photo evidence uploaded; No payment record yet — vendor pattern unverified,reactive
WS/MP18043/2024-2025/140453,MANOJ KUMAR,Bihar,Inspect,District Authority,30.9,67,Marked completed but no photo evidence uploaded; No payment record yet — vendor pattern unverified,reactive
WS/MP582/2024-2025/147391,Prabhubhai Nagarbhai Vasava,Gujarat,Inspect,District Authority,30.9,67,Marked completed but no photo evidence uploaded; No payment record yet — vendor pattern unverified,reactive
WS/MP18108/2024-2025/154838,DR. LATA WANKHEDE,Madhya Pradesh,Inspect,District Authority,30.8,67,Marked completed but no photo evidence uploaded; No payment record yet — vendor pattern unverified,reactive
WS/MP18253/2024-2025/136743,BAPI HALDAR,West Bengal,Inspect,District Authority,30.8,67,Marked completed but no photo evidence uploaded; No payment record yet — vendor pattern unverified,reactive
WS/MP18138/2024-2025/148823,RICHARD VANLALHMANGAIHA,Mizoram,Inspect,District Authority,30.7,67,Marked completed but no photo evidence uploaded; No payment record yet — vendor pattern unverified,reactive
WS/MP579/2025-2026/146437,Mitesh Rameshbhai Bakabhai Patel,Gujarat,Inspect,District Authority,30.7,67,Marked completed but no photo evidence uploaded; No payment record yet — vendor pattern unverified,reactive
WS/MP18173/2024-2025/137916,THARANIVENTHAN M S,Tamil Nadu,Inspect,District Authority,30.7,67,Marked completed but no photo evidence uploaded; No payment record yet — vendor pattern unverified,reactive
WS/MP18108/2024-2025/150374,DR. LATA WANKHEDE,Madhya Pradesh,Inspect,District Authority,30.7,67,Marked completed but no photo evidence uploaded; No payment record yet — vendor pattern unverified,reactive
WS/MP761/2024-2025/148184,Arvind Dharmapuri,Telangana,Inspect,District Authority,30.7,67,Marked completed but no photo evidence uploaded; No payment record yet — vendor pattern unverified,reactive
WS/MP18257/2024-2025/155214,ABHIJIT GANGOPADHYAY,West Bengal,Inspect,District Authority,30.7,67,Marked completed but no photo evidence uploaded; No payment record yet — vendor pattern unverified,reactive
WS/MP18229/2024-2025/143081,ARUN GOVIL,Uttar Pradesh,Inspect,District Authority,30.7,67,Marked completed but no photo evidence uploaded; No payment record yet — vendor pattern unverified,reactive
WS/MP18229/2024-2025/143077,ARUN GOVIL,Uttar Pradesh,Inspect,District Authority,30.7,67,Marked completed but no photo evidence uploaded; No payment record yet — vendor pattern unverified,reactive
WS/MP18032/2024-2025/137010,SUDHAKAR SINGH,Bihar,Inspect,District Authority,30.7,67,Marked completed but no photo evidence uploaded; No payment record yet — vendor pattern unverified,reactive
WS/MP18199/2024-2025/136954,LALJI VERMA,Uttar Pradesh,Inspect,District Authority,30.7,67,Marked completed but no photo evidence uploaded; No payment record yet — vendor pattern unverified,reactive
WS/MP761/2025-2026/153945,Arvind Dharmapuri,Telangana,Inspect,District Authority,30.6,67,Marked completed but no photo evidence uploaded; No payment record yet — vendor pattern unverified,reactive
WS/MP18074/2024-2025/140513,KALI CHARAN MUNDA,Jharkhand,Review Estimate,District Authority,30.6,33,"Cost is unusually higher than comparable works (state+category baseline, z=3.1); No payment record yet — vendor pattern unverified",reactive
WS/MP761/2025-2026/149046,Arvind Dharmapuri,Telangana,Inspect,District Authority,30.6,67,Marked completed but no photo evidence uploaded; No payment record yet — vendor pattern unverified,reactive
WS/MP18153/2024-2025/138710,SHER SINGH GHUBAYA,Punjab,Inspect,District Authority,30.6,67,Marked completed but no photo evidence uploaded; No payment record yet — vendor pattern unverified,reactive
WS/MP18074/2024-2025/136924,KALI CHARAN MUNDA,Jharkhand,Review Estimate,District Authority,30.6,33,"Cost is unusually higher than comparable works (state+category baseline, z=3.1); No payment record yet — vendor pattern unverified",reactive
WS/MP858/2024-2025/134461,Asit Kumar Mal,West Bengal,Inspect,District Authority,30.5,67,Marked completed but no photo evidence uploaded; No payment record yet — vendor pattern unverified,reactive
WS/MP858/2024-2025/134459,Asit Kumar Mal,West Bengal,Inspect,District Authority,30.5,67,Marked completed but no photo evidence uploaded; No payment record yet — vendor pattern unverified,reactive
WS/MP18205/2024-2025/148394,SANATAN PANDEY,Uttar Pradesh,Inspect,District Authority,30.5,67,Marked completed but no photo evidence uploaded; No payment record yet — vendor pattern unverified,reactive
WS/MP18024/2025-2026/148294,GAURAV GOGOI,Assam,Inspect,District Authority,30.3,67,Marked completed but no photo evidence uploaded; No payment record yet — vendor pattern unverified,reactive
WS/MP18024/2025-2026/148306,GAURAV GOGOI,Assam,Inspect,District Authority,30.3,67,Marked completed but no photo evidence uploaded; No payment record yet — vendor pattern unverified,reactive
WS/MP18199/2024-2025/140408,LALJI VERMA,Uttar Pradesh,Inspect,District Authority,30.3,67,Marked completed but no photo evidence uploaded; No payment record yet — vendor pattern unverified,reactive
WS/MP499/2024-2025/144950,Smt Satabdi Roy (Banerjee),West Bengal,Inspect,District Authority,30.3,67,Marked completed but no photo evidence uploaded; No payment record yet — vendor pattern unverified,reactive
WS/MP499/2024-2025/138128,Smt Satabdi Roy (Banerjee),West Bengal,Inspect,District Authority,30.2,67,Marked completed but no photo evidence uploaded; No payment record yet — vendor pattern unverified,reactive
WS/MP18159/2024-2025/145801,BHUPENDER YADAV,Rajasthan,Inspect,District Authority,30.2,67,Marked completed but no photo evidence uploaded; No payment record yet — vendor pattern unverified,reactive
WS/MP761/2024-2025/153884,Arvind Dharmapuri,Telangana,Inspect,District Authority,30.2,67,Marked completed but no photo evidence uploaded; No payment record yet — vendor pattern unverified,reactive
WS/MP18205/2024-2025/148388,SANATAN PANDEY,Uttar Pradesh,Inspect,District Authority,30.2,67,Marked completed but no photo evidence uploaded; No payment record yet — vendor pattern unverified,reactive
WS/MP18138/2024-2025/143321,RICHARD VANLALHMANGAIHA,Mizoram,Inspect,District Authority,30.2,67,Marked completed but no photo evidence uploaded; No payment record yet — vendor pattern unverified,reactive
WS/MP18138/2024-2025/143317,RICHARD VANLALHMANGAIHA,Mizoram,Inspect,District Authority,30.2,67,Marked completed but no photo evidence uploaded; No payment record yet — vendor pattern unverified,reactive
WS/MP18138/2024-2025/143315,RICHARD VANLALHMANGAIHA,Mizoram,Inspect,District Authority,30.2,67,Marked completed but no photo evidence uploaded; No payment record yet — vendor pattern unverified,reactive
WS/MP858/2024-2025/134463,Asit Kumar Mal,West Bengal,Inspect,District Authority,30.2,67,Marked completed but no photo evidence uploaded; No payment record yet — vendor pattern unverified,reactive
WS/MP386/2024-2025/142488,Shri Hanuman Beniwal,Rajasthan,Inspect,District Authority,30.2,67,Marked completed but no photo evidence uploaded; No payment record yet — vendor pattern unverified,reactive
WS/MP858/2024-2025/134457,Asit Kumar Mal,West Bengal,Inspect,District Authority,30.2,67,Marked completed but no photo evidence uploaded; No payment record yet — vendor pattern unverified,reactive
WS/MP598/2024-2025/149648,Suresh Kumar Kashyap,Himachal Pradesh,Inspect,District Authority,30.2,67,Marked completed but no photo evidence uploaded; No payment record yet — vendor pattern unverified,reactive
WS/MP435/2024-2025/146301,Sanjay Seth,Jharkhand,Inspect,District Authority,30.2,67,Marked completed but no photo evidence uploaded; No payment record yet — vendor pattern unverified,reactive
WS/MP423/2024-2025/136935,Ramprit Mandal,Bihar,Inspect,District Authority,30.1,67,Marked completed but no photo evidence uploaded; No payment record yet — vendor pattern unverified,reactive
WS/MP18074/2024-2025/138466,KALI CHARAN MUNDA,Jharkhand,Inspect,District Authority,30.1,67,Marked completed but no photo evidence uploaded; No payment record yet — vendor pattern unverified,reactive
WS/MP18242/2025-2026/148017,RAMBHUAL NISHAD,Uttar Pradesh,Review Estimate,District Authority,30.1,33,"Cost is unusually higher than comparable works (state+category baseline, z=3.1); No payment record yet — vendor pattern unverified",reactive
WS/MP673/2024-2025/139059,Omprakash Bhupalsinh Alias Pawan Rajenimbalkar,Maharashtra,Inspect,District Authority,30.1,67,Marked completed but no photo evidence uploaded; No payment record yet — vendor pattern unverified,reactive
WS/MP18205/2024-2025/148384,SANATAN PANDEY,Uttar Pradesh,Inspect,District Authority,30.0,67,Marked completed but no photo evidence uploaded; No payment record yet — vendor pattern unverified,reactive
WS/MP18205/2024-2025/148386,SANATAN PANDEY,Uttar Pradesh,Inspect,District Authority,30.0,67,Marked completed but no photo evidence uploaded; No payment record yet — vendor pattern unverified,reactive
WS/MP18205/2024-2025/148389,SANATAN PANDEY,Uttar Pradesh,Inspect,District Authority,30.0,67,Marked completed but no photo evidence uploaded; No payment record yet — vendor pattern unverified,reactive
WS/MP858/2024-2025/143945,Asit Kumar Mal,West Bengal,Review Estimate,District Authority,30.0,33,"Cost is unusually higher than comparable works (state+category baseline, z=3.1); No payment record yet — vendor pattern unverified",reactive
WS/MP18205/2024-2025/148382,SANATAN PANDEY,Uttar Pradesh,Inspect,District Authority,30.0,67,Marked completed but no photo evidence uploaded; No payment record yet — vendor pattern unverified,reactive
WS/MP18205/2024-2025/148390,SANATAN PANDEY,Uttar Pradesh,Inspect,District Authority,30.0,67,Marked completed but no photo evidence uploaded; No payment record yet — vendor pattern unverified,reactive
WS/MP18205/2024-2025/148392,SANATAN PANDEY,Uttar Pradesh,Inspect,District Authority,30.0,67,Marked completed but no photo evidence uploaded; No payment record yet — vendor pattern unverified,reactive
WS/MP18205/2024-2025/148387,SANATAN PANDEY,Uttar Pradesh,Inspect,District Authority,30.0,67,Marked completed but no photo evidence uploaded; No payment record yet — vendor pattern unverified,reactive
WS/MP18205/2024-2025/148381,SANATAN PANDEY,Uttar Pradesh,Inspect,District Authority,29.9,67,Marked completed but no photo evidence uploaded; No payment record yet — vendor pattern unverified,reactive
WS/MP18328/2024-2025/138244,Kangana Ranaut,Himachal Pradesh,Inspect,District Authority,29.8,67,Marked completed but no photo evidence uploaded; No payment record yet — vendor pattern unverified,reactive
WS/MP18328/2024-2025/138243,Kangana Ranaut,Himachal Pradesh,Inspect,District Authority,29.8,67,Marked completed but no photo evidence uploaded; No payment record yet — vendor pattern unverified,reactive
WS/MP18328/2024-2025/138242,Kangana Ranaut,Himachal Pradesh,Inspect,District Authority,29.8,67,Marked completed but no photo evidence uploaded; No payment record yet — vendor pattern unverified,reactive
WS/MP484/2024-2025/150090,Mala Roy,West Bengal,Review Estimate,District Authority,29.6,33,"Cost is unusually higher than comparable works (state+category baseline, z=3.1); No payment record yet — vendor pattern unverified",reactive
WS/MP435/2024-2025/146457,Sanjay Seth,Jharkhand,Review Estimate,District Authority,29.6,33,"Cost is unusually higher than comparable works (state+category baseline, z=3.1); No payment record yet — vendor pattern unverified",reactive
,Mahendra Singh Solanky,Madhya Pradesh,Review Estimate,District Authority,29.6,33,"Cost is unusually higher than comparable works (state+category baseline, z=3.1); No payment record yet — vendor pattern unverified",reactive
WS/MP18062/2025-2026/154027,JAI PARKASH,Haryana,Review Estimate,District Authority,29.6,33,"Cost is unusually higher than comparable works (category-only baseline, z=3.1); No payment record yet — vendor pattern unverified",reactive
WS/MP18235/2024-2025/151657,MOHIBBULLAH,Uttar Pradesh,Inspect,District Authority,29.5,67,Marked completed but no photo evidence uploaded; No payment record yet — vendor pattern unverified,reactive
WS/MP18205/2024-2025/148385,SANATAN PANDEY,Uttar Pradesh,Inspect,District Authority,29.5,67,Marked completed but no photo evidence uploaded; No payment record yet — vendor pattern unverified,reactive
WS/MP18241/2024-2025/145276,RAKESH RATHOR,Uttar Pradesh,Inspect,District Authority,29.5,67,Marked completed but no photo evidence uploaded; No payment record yet — vendor pattern unverified,reactive
WS/MP494/2024-2025/140710,Prof SP Singh Baghel,Uttar Pradesh,Inspect,District Authority,29.5,67,Marked completed but no photo evidence uploaded; No payment record yet — vendor pattern unverified,reactive
WS/MP18199/2024-2025/135923,LALJI VERMA,Uttar Pradesh,Inspect,District Authority,29.5,67,Marked completed but no photo evidence uploaded; No payment record yet — vendor pattern unverified,reactive
WS/MP18235/2024-2025/151655,MOHIBBULLAH,Uttar Pradesh,Inspect,District Authority,29.5,67,Marked completed but no photo evidence uploaded; No payment record yet — vendor pattern unverified,reactive
WS/MP18235/2024-2025/151656,MOHIBBULLAH,Uttar Pradesh,Inspect,District Authority,29.5,67,Marked completed but no photo evidence uploaded; No payment record yet — vendor pattern unverified,reactive
WS/MP18309/2024-2025/153916,SALENG A SANGMA,Meghalaya,Review Estimate,District Authority,29.4,33,"Cost is unusually higher than comparable works (state+category baseline, z=3.0); No payment record yet — vendor pattern unverified",reactive
WS/MP18309/2024-2025/153891,SALENG A SANGMA,Meghalaya,Review Estimate,District Authority,29.4,33,"Cost is unusually higher than comparable works (state+category baseline, z=3.0); No payment record yet — vendor pattern unverified",reactive
WS/MP423/2024-2025/138277,Shri Abhishek Banerjee,West Bengal,Inspect,District Authority,29.2,67,Marked completed but no photo evidence uploaded; No payment record yet — vendor pattern unverified,reactive
WS/MP18199/2024-2025/136957,LALJI VERMA,Uttar Pradesh,Inspect,District Authority,29.2,67,Marked completed but no photo evidence uploaded; No payment record yet — vendor pattern unverified,reactive
WS/MP18377/2024-2025/153058,CHHATRA PAL SINGH GANGWAR,Uttar Pradesh,Inspect,District Authority,29.2,67,Marked completed but no photo evidence uploaded; No payment record yet — vendor pattern unverified,reactive
WS/MP18229/2024-2025/143082,ARUN GOVIL,Uttar Pradesh,Inspect,District Authority,29.1,67,Marked completed but no photo evidence uploaded; No payment record yet — vendor pattern unverified,reactive
WS/MP18199/2024-2025/135929,LALJI VERMA,Uttar Pradesh,Inspect,District Authority,29.1,67,Marked completed but no photo evidence uploaded; No payment record yet — vendor pattern unverified,reactive
WS/MP381/2024-2025/153035,Shri Gurjeet Singh Aujla,Punjab,Inspect,District Authority,28.9,67,Marked completed but no photo evidence uploaded; No payment record yet — vendor pattern unverified,reactive
WS/MP641/2024-2025/147811,Gajendra Singh Patel,Madhya Pradesh,Inspect,District Authority,28.9,67,Marked completed but no photo evidence uploaded; No payment record yet — vendor pattern unverified,reactive
WS/MP641/2024-2025/147816,Gajendra Singh Patel,Madhya Pradesh,Inspect,District Authority,28.9,67,Marked completed but no photo evidence uploaded; No payment record yet — vendor pattern unverified,reactive
WS/MP641/2024-2025/147813,Gajendra Singh Patel,Madhya Pradesh,Inspect,District Authority,28.9,67,Marked completed but no photo evidence uploaded; No payment record yet — vendor pattern unverified,reactive
WS/MP641/2024-2025/147812,Gajendra Singh Patel,Madhya Pradesh,Inspect,District Authority,28.9,67,Marked completed but no photo evidence uploaded; No payment record yet — vendor pattern unverified,reactive
WS/MP641/2024-2025/147815,Gajendra Singh Patel,Madhya Pradesh,Inspect,District Authority,28.9,67,Marked completed but no photo evidence uploaded; No payment record yet — vendor pattern unverified,reactive
WS/MP641/2024-2025/153863,Gajendra Singh Patel,Madhya Pradesh,Inspect,District Authority,28.9,67,Marked completed but no photo evidence uploaded; No payment record yet — vendor pattern unverified,reactive
WS/MP641/2024-2025/153864,Gajendra Singh Patel,Madhya Pradesh,Inspect,District Authority,28.9,67,Marked completed but no photo evidence uploaded; No payment record yet — vendor pattern unverified,reactive
WS/MP641/2024-2025/153866,Gajendra Singh Patel,Madhya Pradesh,Inspect,District Authority,28.9,67,Marked completed but no photo evidence uploaded; No payment record yet — vendor pattern unverified,reactive
WS/MP641/2024-2025/153865,Gajendra Singh Patel,Madhya Pradesh,Inspect,District Authority,28.9,67,Marked completed but no photo evidence uploaded; No payment record yet — vendor pattern unverified,reactive
WS/MP641/2024-2025/147809,Gajendra Singh Patel,Madhya Pradesh,Inspect,District Authority,28.9,67,Marked completed but no photo evidence uploaded; No payment record yet — vendor pattern unverified,reactive
WS/MP641/2024-2025/147808,Gajendra Singh Patel,Madhya Pradesh,Inspect,District Authority,28.9,67,Marked completed but no photo evidence uploaded; No payment record yet — vendor pattern unverified,reactive
WS/MP641/2024-2025/147810,Gajendra Singh Patel,Madhya Pradesh,Inspect,District Authority,28.9,67,Marked completed but no photo evidence uploaded; No payment record yet — vendor pattern unverified,reactive
WS/MP641/2024-2025/147807,Gajendra Singh Patel,Madhya Pradesh,Inspect,District Authority,28.9,67,Marked completed but no photo evidence uploaded; No payment record yet — vendor pattern unverified,reactive
WS/MP641/2024-2025/153868,Gajendra Singh Patel,Madhya Pradesh,Inspect,District Authority,28.9,67,Marked completed but no photo evidence uploaded; No payment record yet — vendor pattern unverified,reactive
WS/MP641/2024-2025/153858,Gajendra Singh Patel,Madhya Pradesh,Inspect,District Authority,28.9,67,Marked completed but no photo evidence uploaded; No payment record yet — vendor pattern unverified,reactive
WS/MP641/2024-2025/153857,Gajendra Singh Patel,Madhya Pradesh,Inspect,District Authority,28.9,67,Marked completed but no photo evidence uploaded; No payment record yet — vendor pattern unverified,reactive
WS/MP641/2024-2025/153860,Gajendra Singh Patel,Madhya Pradesh,Inspect,District Authority,28.9,67,Marked completed but no photo evidence uploaded; No payment record yet — vendor pattern unverified,reactive
WS/MP641/2024-2025/153861,Gajendra Singh Patel,Madhya Pradesh,Inspect,District Authority,28.9,67,Marked completed but no photo evidence uploaded; No payment record yet — vendor pattern unverified,reactive
WS/MP641/2024-2025/153862,Gajendra Singh Patel,Madhya Pradesh,Inspect,District Authority,28.9,67,Marked completed but no photo evidence uploaded; No payment record yet — vendor pattern unverified,reactive
WS/MP641/2024-2025/153859,Gajendra Singh Patel,Madhya Pradesh,Inspect,District Authority,28.9,67,Marked completed but no photo evidence uploaded; No payment record yet — vendor pattern unverified,reactive
WS/MP641/2024-2025/153867,Gajendra Singh Patel,Madhya Pradesh,Inspect,District Authority,28.9,67,Marked completed but no photo evidence uploaded; No payment record yet — vendor pattern unverified,reactive
WS/MP641/2024-2025/153871,Gajendra Singh Patel,Madhya Pradesh,Inspect,District Authority,28.9,67,Marked completed but no photo evidence uploaded; No payment record yet — vendor pattern unverified,reactive
WS/MP641/2024-2025/153869,Gajendra Singh Patel,Madhya Pradesh,Inspect,District Authority,28.9,67,Marked completed but no photo evidence uploaded; No payment record yet — vendor pattern unverified,reactive
WS/MP641/2024-2025/153870,Gajendra Singh Patel,Madhya Pradesh,Inspect,District Authority,28.9,67,Marked completed but no photo evidence uploaded; No payment record yet — vendor pattern unverified,reactive
WS/MP641/2024-2025/153872,Gajendra Singh Patel,Madhya Pradesh,Inspect,District Authority,28.9,67,Marked completed but no photo evidence uploaded; No payment record yet — vendor pattern unverified,reactive
WS/MP641/2024-2025/153873,Gajendra Singh Patel,Madhya Pradesh,Inspect,District Authority,28.9,67,Marked completed but no photo evidence uploaded; No payment record yet — vendor pattern unverified,reactive
WS/MP18346/2024-2025/142472,RAHUL GANDHI,Uttar Pradesh,Inspect,District Authority,28.8,67,Marked completed but no photo evidence uploaded; No payment record yet — vendor pattern unverified,reactive
WS/MP423/2024-2025/138278,Shri Abhishek Banerjee,West Bengal,Inspect,District Authority,28.8,67,Marked completed but no photo evidence uploaded; No payment record yet — vendor pattern unverified,reactive
WS/MP423/2024-2025/138266,Shri Abhishek Banerjee,West Bengal,Inspect,District Authority,28.8,67,Marked completed but no photo evidence uploaded; No payment record yet — vendor pattern unverified,reactive
WS/MP423/2024-2025/138825,Shri Abhishek Banerjee,West Bengal,Inspect,District Authority,28.8,67,Marked completed but no photo evidence uploaded; No payment record yet — vendor pattern unverified,reactive
WS/MP423/2024-2025/138268,Shri Abhishek Banerjee,West Bengal,Inspect,District Authority,28.8,67,Marked completed but no photo evidence uploaded; No payment record yet — vendor pattern unverified,reactive
WS/MP18074/2024-2025/138718,KALI CHARAN MUNDA,Jharkhand,Inspect,District Authority,28.7,67,Marked completed but no photo evidence uploaded; No payment record yet — vendor pattern unverified,reactive
WS/MP423/2024-2025/138276,Shri Abhishek Banerjee,West Bengal,Inspect,District Authority,28.6,67,Marked completed but no photo evidence uploaded; No payment record yet — vendor pattern unverified,reactive
WS/MP18170/2024-2025/151380,AMRARAM,Rajasthan,Inspect,District Authority,28.6,67,Marked completed but no photo evidence uploaded; No payment record yet — vendor pattern unverified,reactive
WS/MP18199/2024-2025/140411,LALJI VERMA,Uttar Pradesh,Inspect,District Authority,28.6,67,Marked completed but no photo evidence uploaded; No payment record yet — vendor pattern unverified,reactive
WS/MP18138/2024-2025/148127,RICHARD VANLALHMANGAIHA,Mizoram,Inspect,District Authority,28.6,67,Marked completed but no photo evidence uploaded; No payment record yet — vendor pattern unverified,reactive
WS/MP423/2024-2025/138844,Shri Abhishek Banerjee,West Bengal,Inspect,District Authority,28.6,67,Marked completed but no photo evidence uploaded; No payment record yet — vendor pattern unverified,reactive
WS/MP423/2024-2025/138279,Shri Abhishek Banerjee,West Bengal,Inspect,District Authority,28.4,67,Marked completed but no photo evidence uploaded; No payment record yet — vendor pattern unverified,reactive
WS/MP18162/2024-2025/147231,DAMODAR AGARWAL,Rajasthan,Inspect,District Authority,28.4,67,Marked completed but no photo evidence uploaded; No payment record yet — vendor pattern unverified,reactive
WS/MP18377/2024-2025/152289,CHHATRA PAL SINGH GANGWAR,Uttar Pradesh,Inspect,District Authority,28.4,67,Marked completed but no photo evidence uploaded; No payment record yet — vendor pattern unverified,reactive
WS/MP858/2024-2025/135206,Asit Kumar Mal,West Bengal,Inspect,District Authority,28.4,67,Marked completed but no photo evidence uploaded; No payment record yet — vendor pattern unverified,reactive
WS/MP18377/2024-2025/152295,CHHATRA PAL SINGH GANGWAR,Uttar Pradesh,Inspect,District Authority,28.4,67,Marked completed but no photo evidence uploaded; No payment record yet — vendor pattern unverified,reactive
WS/MP386/2024-2025/147151,Shri Hanuman Beniwal,Rajasthan,Inspect,District Authority,28.3,67,Marked completed but no photo evidence uploaded; No payment record yet — vendor pattern unverified,reactive
WS/MP18074/2024-2025/138720,KALI CHARAN MUNDA,Jharkhand,Inspect,District Authority,28.3,67,Marked completed but no photo evidence uploaded; No payment record yet — vendor pattern unverified,reactive
WS/MP18229/2024-2025/143080,ARUN GOVIL,Uttar Pradesh,Inspect,District Authority,28.2,67,Marked completed but no photo evidence uploaded; No payment record yet — vendor pattern unverified,reactive
WS/MP18167/2024-2025/146744,BRIJENDRA SINGH OLA,Rajasthan,Inspect,District Authority,28.1,67,Marked completed but no photo evidence uploaded; No payment record yet — vendor pattern unverified,reactive
WS/MP18152/2024-2025/141889,SARABJEET SINGH KHALSA,Punjab,Inspect,District Authority,28.0,67,Marked completed but no photo evidence uploaded; No payment record yet — vendor pattern unverified,reactive
WS/MP18173/2024-2025/147836,THARANIVENTHAN M S,Tamil Nadu,Inspect,District Authority,28.0,67,Marked completed but no photo evidence uploaded; No payment record yet — vendor pattern unverified,reactive
WS/MP18205/2024-2025/148331,SANATAN PANDEY,Uttar Pradesh,Inspect,District Authority,28.0,67,Marked completed but no photo evidence uploaded; No payment record yet — vendor pattern unverified,reactive
WS/MP716/2024-2025/141394,Smt Harsimrat Kaur Badal,Punjab,Inspect,District Authority,28.0,67,Marked completed but no photo evidence uploaded; No payment record yet — vendor pattern unverified,reactive
WS/MP18173/2024-2025/147837,THARANIVENTHAN M S,Tamil Nadu,Inspect,District Authority,28.0,67,Marked completed but no photo evidence uploaded; No payment record yet — vendor pattern unverified,reactive
WS/MP18162/2024-2025/147232,DAMODAR AGARWAL,Rajasthan,Inspect,District Authority,28.0,67,Marked completed but no photo evidence uploaded; No payment record yet — vendor pattern unverified,reactive
WS/MP579/2024-2025/146436,Mitesh Rameshbhai Bakabhai Patel,Gujarat,Inspect,District Authority,28.0,67,Marked completed but no photo evidence uploaded; No payment record yet — vendor pattern unverified,reactive
WS/MP386/2024-2025/142235,Shri Hanuman Beniwal,Rajasthan,Inspect,District Authority,28.0,67,Marked completed but no photo evidence uploaded; No payment record yet — vendor pattern unverified,reactive
WS/MP18138/2024-2025/143326,RICHARD VANLALHMANGAIHA,Mizoram,Inspect,District Authority,28.0,67,Marked completed but no photo evidence uploaded; No payment record yet — vendor pattern unverified,reactive
WS/MP423/2024-2025/137556,Shri Abhishek Banerjee,West Bengal,Inspect,District Authority,28.0,67,Marked completed but no photo evidence uploaded; No payment record yet — vendor pattern unverified,reactive
WS/MP761/2024-2025/146423,Arvind Dharmapuri,Telangana,Inspect,District Authority,28.0,67,Marked completed but no photo evidence uploaded; No payment record yet — vendor pattern unverified,reactive
WS/MP18049/2024-2025/152241,TOKHAN SAHU,Chhattisgarh,Inspect,District Authority,27.8,67,Marked completed but no photo evidence uploaded; No payment record yet — vendor pattern unverified,reactive
WS/MP18173/2024-2025/137911,THARANIVENTHAN M S,Tamil Nadu,Inspect,District Authority,27.8,67,Marked completed but no photo evidence uploaded; No payment record yet — vendor pattern unverified,reactive
WS/MP794/2024-2025/153706,Kirti Vardhan Singh,Uttar Pradesh,Inspect,District Authority,27.8,67,Marked completed but no photo evidence uploaded; No payment record yet — vendor pattern unverified,reactive
WS/MP423/2024-2025/138274,Shri Abhishek Banerjee,West Bengal,Inspect,District Authority,27.8,67,Marked completed but no photo evidence uploaded; No payment record yet — vendor pattern unverified,reactive
WS/MP18138/2024-2025/148111,RICHARD VANLALHMANGAIHA,Mizoram,Inspect,District Authority,27.6,67,Marked completed but no photo evidence uploaded; No payment record yet — vendor pattern unverified,reactive
WS/MP18049/2024-2025/152239,TOKHAN SAHU,Chhattisgarh,Inspect,District Authority,27.6,67,Marked completed but no photo evidence uploaded; No payment record yet — vendor pattern unverified,reactive
WS/MP761/2024-2025/144957,Arvind Dharmapuri,Telangana,Inspect,District Authority,27.6,67,Marked completed but no photo evidence uploaded; No payment record yet — vendor pattern unverified,reactive
WS/MP552/2024-2025/135979,Radha Mohan Singh,Bihar,Inspect,District Authority,27.6,67,Marked completed but no photo evidence uploaded; No payment record yet — vendor pattern unverified,reactive
WS/MP18199/2024-2025/136956,LALJI VERMA,Uttar Pradesh,Inspect,District Authority,27.5,67,Marked completed but no photo evidence uploaded; No payment record yet — vendor pattern unverified,reactive
WS/MP761/2024-2025/148179,Arvind Dharmapuri,Telangana,Inspect,District Authority,27.5,67,Marked completed but no photo evidence uploaded; No payment record yet — vendor pattern unverified,reactive
WS/MP18031/2024-2025/143571,ABHAY KUMAR SINHA,Bihar,Inspect,District Authority,27.3,67,Marked completed but no photo evidence uploaded; No payment record yet — vendor pattern unverified,reactive
WS/MP552/2024-2025/135978,Radha Mohan Singh,Bihar,Inspect,District Authority,27.3,67,Marked completed but no photo evidence uploaded; No payment record yet — vendor pattern unverified,reactive
WS/MP386/2024-2025/144999,Shri Hanuman Beniwal,Rajasthan,Inspect,District Authority,27.3,67,Marked completed but no photo evidence uploaded; No payment record yet — vendor pattern unverified,reactive
WS/MP18155/2024-2025/141709,DR. RAJ KUMAR CHABBEWAL,Punjab,Inspect,District Authority,27.1,67,Marked completed but no photo evidence uploaded; No payment record yet — vendor pattern unverified,reactive
WS/MP18228/2024-2025/147984,PRIYA SAROJ,Uttar Pradesh,Inspect,District Authority,26.8,67,Marked completed but no photo evidence uploaded; No payment record yet — vendor pattern unverified,reactive
WS/MP18228/2024-2025/148004,PRIYA SAROJ,Uttar Pradesh,Inspect,District Authority,26.8,67,Marked completed but no photo evidence uploaded; No payment record yet — vendor pattern unverified,reactive
WS/MP18228/2024-2025/148007,PRIYA SAROJ,Uttar Pradesh,Inspect,District Authority,26.8,67,Marked completed but no photo evidence uploaded; No payment record yet — vendor pattern unverified,reactive
WS/MP18228/2024-2025/148028,PRIYA SAROJ,Uttar Pradesh,Inspect,District Authority,26.8,67,Marked completed but no photo evidence uploaded; No payment record yet — vendor pattern unverified,reactive
WS/MP18228/2024-2025/148030,PRIYA SAROJ,Uttar Pradesh,Inspect,District Authority,26.8,67,Marked completed but no photo evidence uploaded; No payment record yet — vendor pattern unverified,reactive
WS/MP18228/2024-2025/147986,PRIYA SAROJ,Uttar Pradesh,Inspect,District Authority,26.8,67,Marked completed but no photo evidence uploaded; No payment record yet — vendor pattern unverified,reactive
WS/MP18228/2024-2025/147998,PRIYA SAROJ,Uttar Pradesh,Inspect,District Authority,26.8,67,Marked completed but no photo evidence uploaded; No payment record yet — vendor pattern unverified,reactive
WS/MP18228/2024-2025/147999,PRIYA SAROJ,Uttar Pradesh,Inspect,District Authority,26.8,67,Marked completed but no photo evidence uploaded; No payment record yet — vendor pattern unverified,reactive
WS/MP18228/2024-2025/148000,PRIYA SAROJ,Uttar Pradesh,Inspect,District Authority,26.8,67,Marked completed but no photo evidence uploaded; No payment record yet — vendor pattern unverified,reactive
WS/MP18228/2024-2025/147991,PRIYA SAROJ,Uttar Pradesh,Inspect,District Authority,26.8,67,Marked completed but no photo evidence uploaded; No payment record yet — vendor pattern unverified,reactive
WS/MP18228/2024-2025/147996,PRIYA SAROJ,Uttar Pradesh,Inspect,District Authority,26.8,67,Marked completed but no photo evidence uploaded; No payment record yet — vendor pattern unverified,reactive
WS/MP18228/2024-2025/147995,PRIYA SAROJ,Uttar Pradesh,Inspect,District Authority,26.8,67,Marked completed but no photo evidence uploaded; No payment record yet — vendor pattern unverified,reactive
WS/MP18228/2024-2025/147992,PRIYA SAROJ,Uttar Pradesh,Inspect,District Authority,26.8,67,Marked completed but no photo evidence uploaded; No payment record yet — vendor pattern unverified,reactive
WS/MP18228/2024-2025/152972,PRIYA SAROJ,Uttar Pradesh,Inspect,District Authority,26.8,67,Marked completed but no photo evidence uploaded; No payment record yet — vendor pattern unverified,reactive
WS/MP18228/2024-2025/152974,PRIYA SAROJ,Uttar Pradesh,Inspect,District Authority,26.8,67,Marked completed but no photo evidence uploaded; No payment record yet — vendor pattern unverified,reactive
WS/MP18228/2024-2025/152977,PRIYA SAROJ,Uttar Pradesh,Inspect,District Authority,26.8,67,Marked completed but no photo evidence uploaded; No payment record yet — vendor pattern unverified,reactive
WS/MP18228/2024-2025/147759,PRIYA SAROJ,Uttar Pradesh,Inspect,District Authority,26.8,67,Marked completed but no photo evidence uploaded; No payment record yet — vendor pattern unverified,reactive
WS/MP18228/2024-2025/148754,PRIYA SAROJ,Uttar Pradesh,Inspect,District Authority,26.8,67,Marked completed but no photo evidence uploaded; No payment record yet — vendor pattern unverified,reactive
WS/MP18228/2024-2025/148744,PRIYA SAROJ,Uttar Pradesh,Inspect,District Authority,26.8,67,Marked completed but no photo evidence uploaded; No payment record yet — vendor pattern unverified,reactive
WS/MP18228/2024-2025/148760,PRIYA SAROJ,Uttar Pradesh,Inspect,District Authority,26.8,67,Marked completed but no photo evidence uploaded; No payment record yet — vendor pattern unverified,reactive
WS/MP18228/2024-2025/148758,PRIYA SAROJ,Uttar Pradesh,Inspect,District Authority,26.8,67,Marked completed but no photo evidence uploaded; No payment record yet — vendor pattern unverified,reactive
WS/MP18228/2024-2025/147734,PRIYA SAROJ,Uttar Pradesh,Inspect,District Authority,26.8,67,Marked completed but no photo evidence uploaded; No payment record yet — vendor pattern unverified,reactive
WS/MP18228/2024-2025/147736,PRIYA SAROJ,Uttar Pradesh,Inspect,District Authority,26.8,67,Marked completed but no photo evidence uploaded; No payment record yet — vendor pattern unverified,reactive
WS/MP18228/2024-2025/148768,PRIYA SAROJ,Uttar Pradesh,Inspect,District Authority,26.8,67,Marked completed but no photo evidence uploaded; No payment record yet — vendor pattern unverified,reactive
WS/MP18228/2024-2025/147722,PRIYA SAROJ,Uttar Pradesh,Inspect,District Authority,26.8,67,Marked completed but no photo evidence uploaded; No payment record yet — vendor pattern unverified,reactive
WS/MP18228/2024-2025/147739,PRIYA SAROJ,Uttar Pradesh,Inspect,District Authority,26.8,67,Marked completed but no photo evidence uploaded; No payment record yet — vendor pattern unverified,reactive
WS/MP18228/2024-2025/147751,PRIYA SAROJ,Uttar Pradesh,Inspect,District Authority,26.8,67,Marked completed but no photo evidence uploaded; No payment record yet — vendor pattern unverified,reactive
WS/MP18228/2024-2025/147753,PRIYA SAROJ,Uttar Pradesh,Inspect,District Authority,26.8,67,Marked completed but no photo evidence uploaded; No payment record yet — vendor pattern unverified,reactive
WS/MP18228/2024-2025/147752,PRIYA SAROJ,Uttar Pradesh,Inspect,District Authority,26.8,67,Marked completed but no photo evidence uploaded; No payment record yet — vendor pattern unverified,reactive
WS/MP18228/2024-2025/147768,PRIYA SAROJ,Uttar Pradesh,Inspect,District Authority,26.8,67,Marked completed but no photo evidence uploaded; No payment record yet — vendor pattern unverified,reactive
WS/MP18228/2024-2025/147767,PRIYA SAROJ,Uttar Pradesh,Inspect,District Authority,26.8,67,Marked completed but no photo evidence uploaded; No payment record yet — vendor pattern unverified,reactive
WS/MP18228/2024-2025/147760,PRIYA SAROJ,Uttar Pradesh,Inspect,District Authority,26.8,67,Marked completed but no photo evidence uploaded; No payment record yet — vendor pattern unverified,reactive
WS/MP18228/2024-2025/147763,PRIYA SAROJ,Uttar Pradesh,Inspect,District Authority,26.8,67,Marked completed but no photo evidence uploaded; No payment record yet — vendor pattern unverified,reactive
WS/MP18228/2024-2025/147982,PRIYA SAROJ,Uttar Pradesh,Inspect,District Authority,26.8,67,Marked completed but no photo evidence uploaded; No payment record yet — vendor pattern unverified,reactive
WS/MP18228/2024-2025/147989,PRIYA SAROJ,Uttar Pradesh,Inspect,District Authority,26.8,67,Marked completed but no photo evidence uploaded; No payment record yet — vendor pattern unverified,reactive
WS/MP18228/2024-2025/147987,PRIYA SAROJ,Uttar Pradesh,Inspect,District Authority,26.8,67,Marked completed but no photo evidence uploaded; No payment record yet — vendor pattern unverified,reactive
WS/MP18228/2024-2025/152747,PRIYA SAROJ,Uttar Pradesh,Inspect,District Authority,26.8,67,Marked completed but no photo evidence uploaded; No payment record yet — vendor pattern unverified,reactive
WS/MP18228/2024-2025/152836,PRIYA SAROJ,Uttar Pradesh,Inspect,District Authority,26.8,67,Marked completed but no photo evidence uploaded; No payment record yet — vendor pattern unverified,reactive
WS/MP18228/2024-2025/152829,PRIYA SAROJ,Uttar Pradesh,Inspect,District Authority,26.8,67,Marked completed but no photo evidence uploaded; No payment record yet — vendor pattern unverified,reactive
WS/MP18228/2024-2025/152971,PRIYA SAROJ,Uttar Pradesh,Inspect,District Authority,26.8,67,Marked completed but no photo evidence uploaded; No payment record yet — vendor pattern unverified,reactive
WS/MP18228/2024-2025/152949,PRIYA SAROJ,Uttar Pradesh,Inspect,District Authority,26.8,67,Marked completed but no photo evidence uploaded; No payment record yet — vendor pattern unverified,reactive
WS/MP18228/2024-2025/152937,PRIYA SAROJ,Uttar Pradesh,Inspect,District Authority,26.8,67,Marked completed but no photo evidence uploaded; No payment record yet — vendor pattern unverified,reactive
WS/MP18228/2024-2025/148788,PRIYA SAROJ,Uttar Pradesh,Inspect,District Authority,26.8,67,Marked completed but no photo evidence uploaded; No payment record yet — vendor pattern unverified,reactive
WS/MP18228/2024-2025/152946,PRIYA SAROJ,Uttar Pradesh,Inspect,District Authority,26.8,67,Marked completed but no photo evidence uploaded; No payment record yet — vendor pattern unverified,reactive
WS/MP18228/2024-2025/152943,PRIYA SAROJ,Uttar Pradesh,Inspect,District Authority,26.8,67,Marked completed but no photo evidence uploaded; No payment record yet — vendor pattern unverified,reactive
WS/MP18228/2024-2025/152699,PRIYA SAROJ,Uttar Pradesh,Inspect,District Authority,26.8,67,Marked completed but no photo evidence uploaded; No payment record yet — vendor pattern unverified,reactive
WS/MP18228/2024-2025/152700,PRIYA SAROJ,Uttar Pradesh,Inspect,District Authority,26.8,67,Marked completed but no photo evidence uploaded; No payment record yet — vendor pattern unverified,reactive
WS/MP18228/2024-2025/152703,PRIYA SAROJ,Uttar Pradesh,Inspect,District Authority,26.8,67,Marked completed but no photo evidence uploaded; No payment record yet — vendor pattern unverified,reactive
WS/MP18228/2024-2025/152704,PRIYA SAROJ,Uttar Pradesh,Inspect,District Authority,26.8,67,Marked completed but no photo evidence uploaded; No payment record yet — vendor pattern unverified,reactive
WS/MP18228/2024-2025/152705,PRIYA SAROJ,Uttar Pradesh,Inspect,District Authority,26.8,67,Marked completed but no photo evidence uploaded; No payment record yet — vendor pattern unverified,reactive
WS/MP18228/2024-2025/152706,PRIYA SAROJ,Uttar Pradesh,Inspect,District Authority,26.8,67,Marked completed but no photo evidence uploaded; No payment record yet — vendor pattern unverified,reactive
WS/MP18228/2024-2025/152707,PRIYA SAROJ,Uttar Pradesh,Inspect,District Authority,26.8,67,Marked completed but no photo evidence uploaded; No payment record yet — vendor pattern unverified,reactive
WS/MP18228/2024-2025/152709,PRIYA SAROJ,Uttar Pradesh,Inspect,District Authority,26.8,67,Marked completed but no photo evidence uploaded; No payment record yet — vendor pattern unverified,reactive
WS/MP18228/2024-2025/152729,PRIYA SAROJ,Uttar Pradesh,Inspect,District Authority,26.8,67,Marked completed but no photo evidence uploaded; No payment record yet — vendor pattern unverified,reactive
WS/MP18228/2024-2025/152730,PRIYA SAROJ,Uttar Pradesh,Inspect,District Authority,26.8,67,Marked completed but no photo evidence uploaded; No payment record yet — vendor pattern unverified,reactive
WS/MP18228/2024-2025/152698,PRIYA SAROJ,Uttar Pradesh,Inspect,District Authority,26.8,67,Marked completed but no photo evidence uploaded; No payment record yet — vendor pattern unverified,reactive
WS/MP18228/2024-2025/152697,PRIYA SAROJ,Uttar Pradesh,Inspect,District Authority,26.8,67,Marked completed but no photo evidence uploaded; No payment record yet — vendor pattern unverified,reactive
WS/MP18228/2024-2025/152677,PRIYA SAROJ,Uttar Pradesh,Inspect,District Authority,26.8,67,Marked completed but no photo evidence uploaded; No payment record yet — vendor pattern unverified,reactive
WS/MP18228/2024-2025/152675,PRIYA SAROJ,Uttar Pradesh,Inspect,District Authority,26.8,67,Marked completed but no photo evidence uploaded; No payment record yet — vendor pattern unverified,reactive
WS/MP18228/2024-2025/152696,PRIYA SAROJ,Uttar Pradesh,Inspect,District Authority,26.8,67,Marked completed but no photo evidence uploaded; No payment record yet — vendor pattern unverified,reactive
WS/MP18228/2024-2025/152695,PRIYA SAROJ,Uttar Pradesh,Inspect,District Authority,26.8,67,Marked completed but no photo evidence uploaded; No payment record yet — vendor pattern unverified,reactive
WS/MP386/2024-2025/142523,Shri Hanuman Beniwal,Rajasthan,Inspect,District Authority,26.8,67,Marked completed but no photo evidence uploaded; No payment record yet — vendor pattern unverified,reactive
WS/MP386/2024-2025/142532,Shri Hanuman Beniwal,Rajasthan,Inspect,District Authority,26.8,67,Marked completed but no photo evidence uploaded; No payment record yet — vendor pattern unverified,reactive
WS/MP18228/2024-2025/152664,PRIYA SAROJ,Uttar Pradesh,Inspect,District Authority,26.8,67,Marked completed but no photo evidence uploaded; No payment record yet — vendor pattern unverified,reactive
WS/MP18228/2024-2025/152746,PRIYA SAROJ,Uttar Pradesh,Inspect,District Authority,26.8,67,Marked completed but no photo evidence uploaded; No payment record yet — vendor pattern unverified,reactive
WS/MP18228/2024-2025/152744,PRIYA SAROJ,Uttar Pradesh,Inspect,District Authority,26.8,67,Marked completed but no photo evidence uploaded; No payment record yet — vendor pattern unverified,reactive
WS/MP18228/2024-2025/152743,PRIYA SAROJ,Uttar Pradesh,Inspect,District Authority,26.8,67,Marked completed but no photo evidence uploaded; No payment record yet — vendor pattern unverified,reactive
WS/MP18228/2024-2025/148787,PRIYA SAROJ,Uttar Pradesh,Inspect,District Authority,26.8,67,Marked completed but no photo evidence uploaded; No payment record yet — vendor pattern unverified,reactive
WS/MP18228/2024-2025/148782,PRIYA SAROJ,Uttar Pradesh,Inspect,District Authority,26.8,67,Marked completed but no photo evidence uploaded; No payment record yet — vendor pattern unverified,reactive
WS/MP18228/2024-2025/148778,PRIYA SAROJ,Uttar Pradesh,Inspect,District Authority,26.8,67,Marked completed but no photo evidence uploaded; No payment record yet — vendor pattern unverified,reactive
WS/MP18228/2024-2025/148770,PRIYA SAROJ,Uttar Pradesh,Inspect,District Authority,26.8,67,Marked completed but no photo evidence uploaded; No payment record yet — vendor pattern unverified,reactive
WS/MP18228/2024-2025/152881,PRIYA SAROJ,Uttar Pradesh,Inspect,District Authority,26.8,67,Marked completed but no photo evidence uploaded; No payment record yet — vendor pattern unverified,reactive
WS/MP18228/2024-2025/152880,PRIYA SAROJ,Uttar Pradesh,Inspect,District Authority,26.8,67,Marked completed but no photo evidence uploaded; No payment record yet — vendor pattern unverified,reactive
WS/MP18228/2024-2025/152846,PRIYA SAROJ,Uttar Pradesh,Inspect,District Authority,26.8,67,Marked completed but no photo evidence uploaded; No payment record yet — vendor pattern unverified,reactive
WS/MP18228/2024-2025/152841,PRIYA SAROJ,Uttar Pradesh,Inspect,District Authority,26.8,67,Marked completed but no photo evidence uploaded; No payment record yet — vendor pattern unverified,reactive
WS/MP18228/2024-2025/152840,PRIYA SAROJ,Uttar Pradesh,Inspect,District Authority,26.8,67,Marked completed but no photo evidence uploaded; No payment record yet — vendor pattern unverified,reactive
WS/MP18228/2024-2025/152839,PRIYA SAROJ,Uttar Pradesh,Inspect,District Authority,26.8,67,Marked completed but no photo evidence uploaded; No payment record yet — vendor pattern unverified,reactive
WS/MP18228/2024-2025/149190,PRIYA SAROJ,Uttar Pradesh,Inspect,District Authority,26.8,67,Marked completed but no photo evidence uploaded; No payment record yet — vendor pattern unverified,reactive
WS/MP18228/2024-2025/147552,PRIYA SAROJ,Uttar Pradesh,Inspect,District Authority,26.8,67,Marked completed but no photo evidence uploaded; No payment record yet — vendor pattern unverified,reactive
WS/MP18228/2024-2025/147691,PRIYA SAROJ,Uttar Pradesh,Inspect,District Authority,26.8,67,Marked completed but no photo evidence uploaded; No payment record yet — vendor pattern unverified,reactive
WS/MP18228/2024-2025/147690,PRIYA SAROJ,Uttar Pradesh,Inspect,District Authority,26.8,67,Marked completed but no photo evidence uploaded; No payment record yet — vendor pattern unverified,reactive
WS/MP18228/2024-2025/150293,PRIYA SAROJ,Uttar Pradesh,Inspect,District Authority,26.8,67,Marked completed but no photo evidence uploaded; No payment record yet — vendor pattern unverified,reactive
WS/MP18228/2024-2025/147687,PRIYA SAROJ,Uttar Pradesh,Inspect,District Authority,26.8,67,Marked completed but no photo evidence uploaded; No payment record yet — vendor pattern unverified,reactive
WS/MP18228/2024-2025/150290,PRIYA SAROJ,Uttar Pradesh,Inspect,District Authority,26.8,67,Marked completed but no photo evidence uploaded; No payment record yet — vendor pattern unverified,reactive
WS/MP18228/2024-2025/150292,PRIYA SAROJ,Uttar Pradesh,Inspect,District Authority,26.8,67,Marked completed but no photo evidence uploaded; No payment record yet — vendor pattern unverified,reactive
WS/MP18228/2024-2025/152672,PRIYA SAROJ,Uttar Pradesh,Inspect,District Authority,26.8,67,Marked completed but no photo evidence uploaded; No payment record yet — vendor pattern unverified,reactive
WS/MP18228/2024-2025/152674,PRIYA SAROJ,Uttar Pradesh,Inspect,District Authority,26.8,67,Marked completed but no photo evidence uploaded; No payment record yet — vendor pattern unverified,reactive
WS/MP18228/2024-2025/152669,PRIYA SAROJ,Uttar Pradesh,Inspect,District Authority,26.8,67,Marked completed but no photo evidence uploaded; No payment record yet — vendor pattern unverified,reactive
WS/MP18228/2024-2025/152667,PRIYA SAROJ,Uttar Pradesh,Inspect,District Authority,26.8,67,Marked completed but no photo evidence uploaded; No payment record yet — vendor pattern unverified,reactive
WS/MP18228/2024-2025/152637,PRIYA SAROJ,Uttar Pradesh,Inspect,District Authority,26.8,67,Marked completed but no photo evidence uploaded; No payment record yet — vendor pattern unverified,reactive
WS/MP18228/2024-2025/149185,PRIYA SAROJ,Uttar Pradesh,Inspect,District Authority,26.8,67,Marked completed but no photo evidence uploaded; No payment record yet — vendor pattern unverified,reactive
WS/MP18228/2024-2025/149186,PRIYA SAROJ,Uttar Pradesh,Inspect,District Authority,26.8,67,Marked completed but no photo evidence uploaded; No payment record yet — vendor pattern unverified,reactive
WS/MP18228/2024-2025/150296,PRIYA SAROJ,Uttar Pradesh,Inspect,District Authority,26.8,67,Marked completed but no photo evidence uploaded; No payment record yet — vendor pattern unverified,reactive
WS/MP18228/2024-2025/152127,PRIYA SAROJ,Uttar Pradesh,Inspect,District Authority,26.8,67,Marked completed but no photo evidence uploaded; No payment record yet — vendor pattern unverified,reactive
WS/MP18228/2024-2025/152130,PRIYA SAROJ,Uttar Pradesh,Inspect,District Authority,26.8,67,Marked completed but no photo evidence uploaded; No payment record yet — vendor pattern unverified,reactive
WS/MP18228/2024-2025/150401,PRIYA SAROJ,Uttar Pradesh,Inspect,District Authority,26.8,67,Marked completed but no photo evidence uploaded; No payment record yet — vendor pattern unverified,reactive
WS/MP423/2024-2025/138269,Shri Abhishek Banerjee,West Bengal,Inspect,District Authority,26.8,67,Marked completed but no photo evidence uploaded; No payment record yet — vendor pattern unverified,reactive
WS/MP18228/2024-2025/150399,PRIYA SAROJ,Uttar Pradesh,Inspect,District Authority,26.8,67,Marked completed but no photo evidence uploaded; No payment record yet — vendor pattern unverified,reactive
WS/MP18228/2024-2025/149198,PRIYA SAROJ,Uttar Pradesh,Inspect,District Authority,26.8,67,Marked completed but no photo evidence uploaded; No payment record yet — vendor pattern unverified,reactive
WS/MP18228/2024-2025/149196,PRIYA SAROJ,Uttar Pradesh,Inspect,District Authority,26.8,67,Marked completed but no photo evidence uploaded; No payment record yet — vendor pattern unverified,reactive
WS/MP18228/2024-2025/149189,PRIYA SAROJ,Uttar Pradesh,Inspect,District Authority,26.8,67,Marked completed but no photo evidence uploaded; No payment record yet — vendor pattern unverified,reactive
WS/MP18228/2024-2025/150294,PRIYA SAROJ,Uttar Pradesh,Inspect,District Authority,26.8,67,Marked completed but no photo evidence uploaded; No payment record yet — vendor pattern unverified,reactive
WS/MP18228/2024-2025/152139,PRIYA SAROJ,Uttar Pradesh,Inspect,District Authority,26.8,67,Marked completed but no photo evidence uploaded; No payment record yet — vendor pattern unverified,reactive
WS/MP18228/2024-2025/152137,PRIYA SAROJ,Uttar Pradesh,Inspect,District Authority,26.8,67,Marked completed but no photo evidence uploaded; No payment record yet — vendor pattern unverified,reactive
WS/MP18228/2024-2025/152134,PRIYA SAROJ,Uttar Pradesh,Inspect,District Authority,26.8,67,Marked completed but no photo evidence uploaded; No payment record yet — vendor pattern unverified,reactive
WS/MP18228/2024-2025/152133,PRIYA SAROJ,Uttar Pradesh,Inspect,District Authority,26.8,67,Marked completed but no photo evidence uploaded; No payment record yet — vendor pattern unverified,reactive
WS/MP18228/2024-2025/152132,PRIYA SAROJ,Uttar Pradesh,Inspect,District Authority,26.8,67,Marked completed but no photo evidence uploaded; No payment record yet — vendor pattern unverified,reactive
WS/MP18228/2024-2025/150295,PRIYA SAROJ,Uttar Pradesh,Inspect,District Authority,26.8,67,Marked completed but no photo evidence uploaded; No payment record yet — vendor pattern unverified,reactive
WS/MP18228/2024-2025/149188,PRIYA SAROJ,Uttar Pradesh,Inspect,District Authority,26.8,67,Marked completed but no photo evidence uploaded; No payment record yet — vendor pattern unverified,reactive
WS/MP18228/2024-2025/151589,PRIYA SAROJ,Uttar Pradesh,Inspect,District Authority,26.8,67,Marked completed but no photo evidence uploaded; No payment record yet — vendor pattern unverified,reactive
WS/MP18228/2024-2025/151591,PRIYA SAROJ,Uttar Pradesh,Inspect,District Authority,26.8,67,Marked completed but no photo evidence uploaded; No payment record yet — vendor pattern unverified,reactive
WS/MP18228/2024-2025/151592,PRIYA SAROJ,Uttar Pradesh,Inspect,District Authority,26.8,67,Marked completed but no photo evidence uploaded; No payment record yet — vendor pattern unverified,reactive
WS/MP18228/2024-2025/151595,PRIYA SAROJ,Uttar Pradesh,Inspect,District Authority,26.8,67,Marked completed but no photo evidence uploaded; No payment record yet — vendor pattern unverified,reactive
WS/MP18228/2024-2025/151597,PRIYA SAROJ,Uttar Pradesh,Inspect,District Authority,26.8,67,Marked completed but no photo evidence uploaded; No payment record yet — vendor pattern unverified,reactive
WS/MP18228/2024-2025/151598,PRIYA SAROJ,Uttar Pradesh,Inspect,District Authority,26.8,67,Marked completed but no photo evidence uploaded; No payment record yet — vendor pattern unverified,reactive
WS/MP18228/2024-2025/151601,PRIYA SAROJ,Uttar Pradesh,Inspect,District Authority,26.8,67,Marked completed but no photo evidence uploaded; No payment record yet — vendor pattern unverified,reactive
WS/MP18228/2024-2025/149192,PRIYA SAROJ,Uttar Pradesh,Inspect,District Authority,26.8,67,Marked completed but no photo evidence uploaded; No payment record yet — vendor pattern unverified,reactive
WS/MP18228/2024-2025/149195,PRIYA SAROJ,Uttar Pradesh,Inspect,District Authority,26.8,67,Marked completed but no photo evidence uploaded; No payment record yet — vendor pattern unverified,reactive
WS/MP18228/2024-2025/149588,PRIYA SAROJ,Uttar Pradesh,Inspect,District Authority,26.8,67,Marked completed but no photo evidence uploaded; No payment record yet — vendor pattern unverified,reactive
WS/MP18228/2024-2025/149591,PRIYA SAROJ,Uttar Pradesh,Inspect,District Authority,26.8,67,Marked completed but no photo evidence uploaded; No payment record yet — vendor pattern unverified,reactive
WS/MP18228/2024-2025/150801,PRIYA SAROJ,Uttar Pradesh,Inspect,District Authority,26.8,67,Marked completed but no photo evidence uploaded; No payment record yet — vendor pattern unverified,reactive
WS/MP18228/2024-2025/150797,PRIYA SAROJ,Uttar Pradesh,Inspect,District Authority,26.8,67,Marked completed but no photo evidence uploaded; No payment record yet — vendor pattern unverified,reactive
WS/MP18228/2024-2025/149587,PRIYA SAROJ,Uttar Pradesh,Inspect,District Authority,26.8,67,Marked completed but no photo evidence uploaded; No payment record yet — vendor pattern unverified,reactive
WS/MP18228/2024-2025/149589,PRIYA SAROJ,Uttar Pradesh,Inspect,District Authority,26.8,67,Marked completed but no photo evidence uploaded; No payment record yet — vendor pattern unverified,reactive
WS/MP18228/2024-2025/151585,PRIYA SAROJ,Uttar Pradesh,Inspect,District Authority,26.8,67,Marked completed but no photo evidence uploaded; No payment record yet — vendor pattern unverified,reactive
WS/MP18228/2024-2025/150616,PRIYA SAROJ,Uttar Pradesh,Inspect,District Authority,26.8,67,Marked completed but no photo evidence uploaded; No payment record yet — vendor pattern unverified,reactive
WS/MP18228/2024-2025/150618,PRIYA SAROJ,Uttar Pradesh,Inspect,District Authority,26.8,67,Marked completed but no photo evidence uploaded; No payment record yet — vendor pattern unverified,reactive
WS/MP18228/2024-2025/150619,PRIYA SAROJ,Uttar Pradesh,Inspect,District Authority,26.8,67,Marked completed but no photo evidence uploaded; No payment record yet — vendor pattern unverified,reactive
WS/MP18228/2024-2025/150615,PRIYA SAROJ,Uttar Pradesh,Inspect,District Authority,26.8,67,Marked completed but no photo evidence uploaded; No payment record yet — vendor pattern unverified,reactive
WS/MP18228/2024-2025/150611,PRIYA SAROJ,Uttar Pradesh,Inspect,District Authority,26.8,67,Marked completed but no photo evidence uploaded; No payment record yet — vendor pattern unverified,reactive
WS/MP18228/2024-2025/150608,PRIYA SAROJ,Uttar Pradesh,Inspect,District Authority,26.8,67,Marked completed but no photo evidence uploaded; No payment record yet — vendor pattern unverified,reactive
WS/MP18228/2024-2025/149564,PRIYA SAROJ,Uttar Pradesh,Inspect,District Authority,26.8,67,Marked completed but no photo evidence uploaded; No payment record yet — vendor pattern unverified,reactive
WS/MP18228/2024-2025/150614,PRIYA SAROJ,Uttar Pradesh,Inspect,District Authority,26.8,67,Marked completed but no photo evidence uploaded; No payment record yet — vendor pattern unverified,reactive
WS/MP18228/2024-2025/150503,PRIYA SAROJ,Uttar Pradesh,Inspect,District Authority,26.8,67,Marked completed but no photo evidence uploaded; No payment record yet — vendor pattern unverified,reactive
WS/MP18228/2024-2025/150507,PRIYA SAROJ,Uttar Pradesh,Inspect,District Authority,26.8,67,Marked completed but no photo evidence uploaded; No payment record yet — vendor pattern unverified,reactive
WS/MP18228/2024-2025/150502,PRIYA SAROJ,Uttar Pradesh,Inspect,District Authority,26.8,67,Marked completed but no photo evidence uploaded; No payment record yet — vendor pattern unverified,reactive
WS/MP18228/2024-2025/150500,PRIYA SAROJ,Uttar Pradesh,Inspect,District Authority,26.8,67,Marked completed but no photo evidence uploaded; No payment record yet — vendor pattern unverified,reactive
WS/MP18228/2024-2025/150496,PRIYA SAROJ,Uttar Pradesh,Inspect,District Authority,26.8,67,Marked completed but no photo evidence uploaded; No payment record yet — vendor pattern unverified,reactive
WS/MP18228/2024-2025/150499,PRIYA SAROJ,Uttar Pradesh,Inspect,District Authority,26.8,67,Marked completed but no photo evidence uploaded; No payment record yet — vendor pattern unverified,reactive
WS/MP18228/2024-2025/147122,PRIYA SAROJ,Uttar Pradesh,Inspect,District Authority,26.8,67,Marked completed but no photo evidence uploaded; No payment record yet — vendor pattern unverified,reactive
WS/MP18228/2024-2025/149572,PRIYA SAROJ,Uttar Pradesh,Inspect,District Authority,26.8,67,Marked completed but no photo evidence uploaded; No payment record yet — vendor pattern unverified,reactive
WS/MP18238/2024-2025/141067,RAMASHANKAR RAJBHAR,Uttar Pradesh,Inspect,District Authority,26.7,67,Marked completed but no photo evidence uploaded; No payment record yet — vendor pattern unverified,reactive
WS/MP18199/2024-2025/135927,LALJI VERMA,Uttar Pradesh,Inspect,District Authority,26.7,67,Marked completed but no photo evidence uploaded; No payment record yet — vendor pattern unverified,reactive
WS/MP386/2024-2025/142525,Shri Hanuman Beniwal,Rajasthan,Inspect,District Authority,26.7,67,Marked completed but no photo evidence uploaded; No payment record yet — vendor pattern unverified,reactive
WS/MP18138/2024-2025/148812,RICHARD VANLALHMANGAIHA,Mizoram,Inspect,District Authority,26.7,67,Marked completed but no photo evidence uploaded; No payment record yet — vendor pattern unverified,reactive
WS/MP386/2024-2025/142527,Shri Hanuman Beniwal,Rajasthan,Inspect,District Authority,26.7,67,Marked completed but no photo evidence uploaded; No payment record yet — vendor pattern unverified,reactive
WS/MP18138/2024-2025/148811,RICHARD VANLALHMANGAIHA,Mizoram,Inspect,District Authority,26.7,67,Marked completed but no photo evidence uploaded; No payment record yet — vendor pattern unverified,reactive
WS/MP18138/2024-2025/148810,RICHARD VANLALHMANGAIHA,Mizoram,Inspect,District Authority,26.7,67,Marked completed but no photo evidence uploaded; No payment record yet — vendor pattern unverified,reactive
WS/MP598/2024-2025/145387,Suresh Kumar Kashyap,Himachal Pradesh,Inspect,District Authority,26.7,67,Marked completed but no photo evidence uploaded; No payment record yet — vendor pattern unverified,reactive
WS/MP423/2024-2025/138275,Shri Abhishek Banerjee,West Bengal,Inspect,District Authority,26.6,67,Marked completed but no photo evidence uploaded; No payment record yet — vendor pattern unverified,reactive
WS/MP18155/2024-2025/141719,DR. RAJ KUMAR CHABBEWAL,Punjab,Inspect,District Authority,26.6,67,Marked completed but no photo evidence uploaded; No payment record yet — vendor pattern unverified,reactive
WS/MP423/2024-2025/138821,Shri Abhishek Banerjee,West Bengal,Inspect,District Authority,26.6,67,Marked completed but no photo evidence uploaded; No payment record yet — vendor pattern unverified,reactive
WS/MP423/2024-2025/138824,Shri Abhishek Banerjee,West Bengal,Inspect,District Authority,26.6,67,Marked completed but no photo evidence uploaded; No payment record yet — vendor pattern unverified,reactive
WS/MP18228/2024-2025/150504,PRIYA SAROJ,Uttar Pradesh,Inspect,District Authority,26.5,67,Marked completed but no photo evidence uploaded; No payment record yet — vendor pattern unverified,reactive
WS/MP18228/2024-2025/150506,PRIYA SAROJ,Uttar Pradesh,Inspect,District Authority,26.5,67,Marked completed but no photo evidence uploaded; No payment record yet — vendor pattern unverified,reactive
WS/MP18228/2024-2025/151599,PRIYA SAROJ,Uttar Pradesh,Inspect,District Authority,26.5,67,Marked completed but no photo evidence uploaded; No payment record yet — vendor pattern unverified,reactive
WS/MP18228/2024-2025/151587,PRIYA SAROJ,Uttar Pradesh,Inspect,District Authority,26.5,67,Marked completed but no photo evidence uploaded; No payment record yet — vendor pattern unverified,reactive
WS/MP18228/2024-2025/149250,PRIYA SAROJ,Uttar Pradesh,Inspect,District Authority,26.5,67,Marked completed but no photo evidence uploaded; No payment record yet — vendor pattern unverified,reactive
WS/MP18228/2024-2025/149251,PRIYA SAROJ,Uttar Pradesh,Inspect,District Authority,26.5,67,Marked completed but no photo evidence uploaded; No payment record yet — vendor pattern unverified,reactive
WS/MP18228/2024-2025/151607,PRIYA SAROJ,Uttar Pradesh,Inspect,District Authority,26.5,67,Marked completed but no photo evidence uploaded; No payment record yet — vendor pattern unverified,reactive
WS/MP18228/2024-2025/151602,PRIYA SAROJ,Uttar Pradesh,Inspect,District Authority,26.5,67,Marked completed but no photo evidence uploaded; No payment record yet — vendor pattern unverified,reactive
WS/MP18228/2024-2025/149197,PRIYA SAROJ,Uttar Pradesh,Inspect,District Authority,26.5,67,Marked completed but no photo evidence uploaded; No payment record yet — vendor pattern unverified,reactive
WS/MP18228/2024-2025/151600,PRIYA SAROJ,Uttar Pradesh,Inspect,District Authority,26.5,67,Marked completed but no photo evidence uploaded; No payment record yet — vendor pattern unverified,reactive
WS/MP423/2024-2025/138847,Shri Abhishek Banerjee,West Bengal,Inspect,District Authority,26.5,67,Marked completed but no photo evidence uploaded; No payment record yet — vendor pattern unverified,reactive
WS/MP829/2024-2025/141021,Smt Sajda Ahmed,West Bengal,Inspect,District Authority,26.5,67,Marked completed but no photo evidence uploaded; No payment record yet — vendor pattern unverified,reactive
WS/MP18228/2024-2025/150509,PRIYA SAROJ,Uttar Pradesh,Inspect,District Authority,26.5,67,Marked completed but no photo evidence uploaded; No payment record yet — vendor pattern unverified,reactive
WS/MP18228/2024-2025/149194,PRIYA SAROJ,Uttar Pradesh,Inspect,District Authority,26.5,67,Marked completed but no photo evidence uploaded; No payment record yet — vendor pattern unverified,reactive
WS/MP18228/2024-2025/150498,PRIYA SAROJ,Uttar Pradesh,Inspect,District Authority,26.5,67,Marked completed but no photo evidence uploaded; No payment record yet — vendor pattern unverified,reactive
WS/MP18228/2024-2025/150501,PRIYA SAROJ,Uttar Pradesh,Inspect,District Authority,26.5,67,Marked completed but no photo evidence uploaded; No payment record yet — vendor pattern unverified,reactive
WS/MP18228/2024-2025/150497,PRIYA SAROJ,Uttar Pradesh,Inspect,District Authority,26.5,67,Marked completed but no photo evidence uploaded; No payment record yet — vendor pattern unverified,reactive
WS/MP18228/2024-2025/150508,PRIYA SAROJ,Uttar Pradesh,Inspect,District Authority,26.5,67,Marked completed but no photo evidence uploaded; No payment record yet — vendor pattern unverified,reactive
WS/MP18228/2024-2025/151594,PRIYA SAROJ,Uttar Pradesh,Inspect,District Authority,26.5,67,Marked completed but no photo evidence uploaded; No payment record yet — vendor pattern unverified,reactive
WS/MP18228/2024-2025/151596,PRIYA SAROJ,Uttar Pradesh,Inspect,District Authority,26.5,67,Marked completed but no photo evidence uploaded; No payment record yet — vendor pattern unverified,reactive
WS/MP18228/2024-2025/150403,PRIYA SAROJ,Uttar Pradesh,Inspect,District Authority,26.5,67,Marked completed but no photo evidence uploaded; No payment record yet — vendor pattern unverified,reactive
WS/MP18228/2024-2025/150400,PRIYA SAROJ,Uttar Pradesh,Inspect,District Authority,26.5,67,Marked completed but no photo evidence uploaded; No payment record yet — vendor pattern unverified,reactive
WS/MP18228/2024-2025/150297,PRIYA SAROJ,Uttar Pradesh,Inspect,District Authority,26.5,67,Marked completed but no photo evidence uploaded; No payment record yet — vendor pattern unverified,reactive
WS/MP18228/2024-2025/150398,PRIYA SAROJ,Uttar Pradesh,Inspect,District Authority,26.5,67,Marked completed but no photo evidence uploaded; No payment record yet — vendor pattern unverified,reactive
WS/MP18228/2024-2025/148756,PRIYA SAROJ,Uttar Pradesh,Inspect,District Authority,26.5,67,Marked completed but no photo evidence uploaded; No payment record yet — vendor pattern unverified,reactive
WS/MP18228/2024-2025/148755,PRIYA SAROJ,Uttar Pradesh,Inspect,District Authority,26.5,67,Marked completed but no photo evidence uploaded; No payment record yet — vendor pattern unverified,reactive
WS/MP18228/2024-2025/148753,PRIYA SAROJ,Uttar Pradesh,Inspect,District Authority,26.5,67,Marked completed but no photo evidence uploaded; No payment record yet — vendor pattern unverified,reactive
WS/MP18228/2024-2025/148769,PRIYA SAROJ,Uttar Pradesh,Inspect,District Authority,26.5,67,Marked completed but no photo evidence uploaded; No payment record yet — vendor pattern unverified,reactive
WS/MP18228/2024-2025/147757,PRIYA SAROJ,Uttar Pradesh,Inspect,District Authority,26.5,67,Marked completed but no photo evidence uploaded; No payment record yet — vendor pattern unverified,reactive
WS/MP18228/2024-2025/152136,PRIYA SAROJ,Uttar Pradesh,Inspect,District Authority,26.5,67,Marked completed but no photo evidence uploaded; No payment record yet — vendor pattern unverified,reactive
WS/MP18228/2024-2025/150612,PRIYA SAROJ,Uttar Pradesh,Inspect,District Authority,26.5,67,Marked completed but no photo evidence uploaded; No payment record yet — vendor pattern unverified,reactive
WS/MP18228/2024-2025/150610,PRIYA SAROJ,Uttar Pradesh,Inspect,District Authority,26.5,67,Marked completed but no photo evidence uploaded; No payment record yet — vendor pattern unverified,reactive
WS/MP18228/2024-2025/150609,PRIYA SAROJ,Uttar Pradesh,Inspect,District Authority,26.5,67,Marked completed but no photo evidence uploaded; No payment record yet — vendor pattern unverified,reactive
WS/MP18228/2024-2025/152701,PRIYA SAROJ,Uttar Pradesh,Inspect,District Authority,26.5,67,Marked completed but no photo evidence uploaded; No payment record yet — vendor pattern unverified,reactive
WS/MP18228/2024-2025/152676,PRIYA SAROJ,Uttar Pradesh,Inspect,District Authority,26.5,67,Marked completed but no photo evidence uploaded; No payment record yet — vendor pattern unverified,reactive
WS/MP18228/2024-2025/148743,PRIYA SAROJ,Uttar Pradesh,Inspect,District Authority,26.5,67,Marked completed but no photo evidence uploaded; No payment record yet — vendor pattern unverified,reactive
WS/MP18228/2024-2025/152673,PRIYA SAROJ,Uttar Pradesh,Inspect,District Authority,26.5,67,Marked completed but no photo evidence uploaded; No payment record yet — vendor pattern unverified,reactive
WS/MP18228/2024-2025/152663,PRIYA SAROJ,Uttar Pradesh,Inspect,District Authority,26.5,67,Marked completed but no photo evidence uploaded; No payment record yet — vendor pattern unverified,reactive
WS/MP18228/2024-2025/152659,PRIYA SAROJ,Uttar Pradesh,Inspect,District Authority,26.5,67,Marked completed but no photo evidence uploaded; No payment record yet — vendor pattern unverified,reactive
WS/MP18228/2024-2025/152660,PRIYA SAROJ,Uttar Pradesh,Inspect,District Authority,26.5,67,Marked completed but no photo evidence uploaded; No payment record yet — vendor pattern unverified,reactive
WS/MP18228/2024-2025/152727,PRIYA SAROJ,Uttar Pradesh,Inspect,District Authority,26.5,67,Marked completed but no photo evidence uploaded; No payment record yet — vendor pattern unverified,reactive
WS/MP18228/2024-2025/152710,PRIYA SAROJ,Uttar Pradesh,Inspect,District Authority,26.5,67,Marked completed but no photo evidence uploaded; No payment record yet — vendor pattern unverified,reactive
WS/MP18228/2024-2025/147766,PRIYA SAROJ,Uttar Pradesh,Inspect,District Authority,26.5,67,Marked completed but no photo evidence uploaded; No payment record yet — vendor pattern unverified,reactive
WS/MP18228/2024-2025/152640,PRIYA SAROJ,Uttar Pradesh,Inspect,District Authority,26.5,67,Marked completed but no photo evidence uploaded; No payment record yet — vendor pattern unverified,reactive
WS/MP18228/2024-2025/147765,PRIYA SAROJ,Uttar Pradesh,Inspect,District Authority,26.5,67,Marked completed but no photo evidence uploaded; No payment record yet — vendor pattern unverified,reactive
WS/MP18228/2024-2025/149592,PRIYA SAROJ,Uttar Pradesh,Inspect,District Authority,26.5,67,Marked completed but no photo evidence uploaded; No payment record yet — vendor pattern unverified,reactive
WS/MP18228/2024-2025/151586,PRIYA SAROJ,Uttar Pradesh,Inspect,District Authority,26.5,67,Marked completed but no photo evidence uploaded; No payment record yet — vendor pattern unverified,reactive
WS/MP18228/2024-2025/149586,PRIYA SAROJ,Uttar Pradesh,Inspect,District Authority,26.5,67,Marked completed but no photo evidence uploaded; No payment record yet — vendor pattern unverified,reactive
WS/MP18228/2024-2025/150407,PRIYA SAROJ,Uttar Pradesh,Inspect,District Authority,26.5,67,Marked completed but no photo evidence uploaded; No payment record yet — vendor pattern unverified,reactive
WS/MP18228/2024-2025/150405,PRIYA SAROJ,Uttar Pradesh,Inspect,District Authority,26.5,67,Marked completed but no photo evidence uploaded; No payment record yet — vendor pattern unverified,reactive
WS/MP18228/2024-2025/150404,PRIYA SAROJ,Uttar Pradesh,Inspect,District Authority,26.5,67,Marked completed but no photo evidence uploaded; No payment record yet — vendor pattern unverified,reactive
WS/MP18228/2024-2025/151588,PRIYA SAROJ,Uttar Pradesh,Inspect,District Authority,26.5,67,Marked completed but no photo evidence uploaded; No payment record yet — vendor pattern unverified,reactive
WS/MP18228/2024-2025/152138,PRIYA SAROJ,Uttar Pradesh,Inspect,District Authority,26.5,67,Marked completed but no photo evidence uploaded; No payment record yet — vendor pattern unverified,reactive
WS/MP18228/2024-2025/152140,PRIYA SAROJ,Uttar Pradesh,Inspect,District Authority,26.5,67,Marked completed but no photo evidence uploaded; No payment record yet — vendor pattern unverified,reactive
WS/MP18228/2024-2025/152128,PRIYA SAROJ,Uttar Pradesh,Inspect,District Authority,26.5,67,Marked completed but no photo evidence uploaded; No payment record yet — vendor pattern unverified,reactive
WS/MP18228/2024-2025/152129,PRIYA SAROJ,Uttar Pradesh,Inspect,District Authority,26.5,67,Marked completed but no photo evidence uploaded; No payment record yet — vendor pattern unverified,reactive
WS/MP18228/2024-2025/152135,PRIYA SAROJ,Uttar Pradesh,Inspect,District Authority,26.5,67,Marked completed but no photo evidence uploaded; No payment record yet — vendor pattern unverified,reactive
WS/MP18228/2024-2025/152131,PRIYA SAROJ,Uttar Pradesh,Inspect,District Authority,26.5,67,Marked completed but no photo evidence uploaded; No payment record yet — vendor pattern unverified,reactive
WS/MP18228/2024-2025/152951,PRIYA SAROJ,Uttar Pradesh,Inspect,District Authority,26.5,67,Marked completed but no photo evidence uploaded; No payment record yet — vendor pattern unverified,reactive
WS/MP18228/2024-2025/152975,PRIYA SAROJ,Uttar Pradesh,Inspect,District Authority,26.5,67,Marked completed but no photo evidence uploaded; No payment record yet — vendor pattern unverified,reactive
WS/MP18228/2024-2025/150613,PRIYA SAROJ,Uttar Pradesh,Inspect,District Authority,26.5,67,Marked completed but no photo evidence uploaded; No payment record yet — vendor pattern unverified,reactive
WS/MP18228/2024-2025/149567,PRIYA SAROJ,Uttar Pradesh,Inspect,District Authority,26.5,67,Marked completed but no photo evidence uploaded; No payment record yet — vendor pattern unverified,reactive
WS/MP18228/2024-2025/149566,PRIYA SAROJ,Uttar Pradesh,Inspect,District Authority,26.5,67,Marked completed but no photo evidence uploaded; No payment record yet — vendor pattern unverified,reactive
WS/MP18228/2024-2025/152970,PRIYA SAROJ,Uttar Pradesh,Inspect,District Authority,26.5,67,Marked completed but no photo evidence uploaded; No payment record yet — vendor pattern unverified,reactive
WS/MP18228/2024-2025/152945,PRIYA SAROJ,Uttar Pradesh,Inspect,District Authority,26.5,67,Marked completed but no photo evidence uploaded; No payment record yet — vendor pattern unverified,reactive
WS/MP18228/2024-2025/152941,PRIYA SAROJ,Uttar Pradesh,Inspect,District Authority,26.5,67,Marked completed but no photo evidence uploaded; No payment record yet — vendor pattern unverified,reactive
WS/MP18228/2024-2025/152939,PRIYA SAROJ,Uttar Pradesh,Inspect,District Authority,26.5,67,Marked completed but no photo evidence uploaded; No payment record yet — vendor pattern unverified,reactive
WS/MP18228/2024-2025/152948,PRIYA SAROJ,Uttar Pradesh,Inspect,District Authority,26.5,67,Marked completed but no photo evidence uploaded; No payment record yet — vendor pattern unverified,reactive
WS/MP18228/2024-2025/152731,PRIYA SAROJ,Uttar Pradesh,Inspect,District Authority,26.5,67,Marked completed but no photo evidence uploaded; No payment record yet — vendor pattern unverified,reactive
WS/MP18228/2024-2025/147559,PRIYA SAROJ,Uttar Pradesh,Inspect,District Authority,26.5,67,Marked completed but no photo evidence uploaded; No payment record yet — vendor pattern unverified,reactive
WS/MP18228/2024-2025/149593,PRIYA SAROJ,Uttar Pradesh,Inspect,District Authority,26.5,67,Marked completed but no photo evidence uploaded; No payment record yet — vendor pattern unverified,reactive
WS/MP18228/2024-2025/147750,PRIYA SAROJ,Uttar Pradesh,Inspect,District Authority,26.5,67,Marked completed but no photo evidence uploaded; No payment record yet — vendor pattern unverified,reactive
WS/MP18228/2024-2025/147745,PRIYA SAROJ,Uttar Pradesh,Inspect,District Authority,26.5,67,Marked completed but no photo evidence uploaded; No payment record yet — vendor pattern unverified,reactive
WS/MP18228/2024-2025/147743,PRIYA SAROJ,Uttar Pradesh,Inspect,District Authority,26.5,67,Marked completed but no photo evidence uploaded; No payment record yet — vendor pattern unverified,reactive
WS/MP18228/2024-2025/147731,PRIYA SAROJ,Uttar Pradesh,Inspect,District Authority,26.5,67,Marked completed but no photo evidence uploaded; No payment record yet — vendor pattern unverified,reactive
WS/MP18228/2024-2025/147730,PRIYA SAROJ,Uttar Pradesh,Inspect,District Authority,26.5,67,Marked completed but no photo evidence uploaded; No payment record yet — vendor pattern unverified,reactive
WS/MP18228/2024-2025/147729,PRIYA SAROJ,Uttar Pradesh,Inspect,District Authority,26.5,67,Marked completed but no photo evidence uploaded; No payment record yet — vendor pattern unverified,reactive
WS/MP18228/2024-2025/147726,PRIYA SAROJ,Uttar Pradesh,Inspect,District Authority,26.5,67,Marked completed but no photo evidence uploaded; No payment record yet — vendor pattern unverified,reactive
WS/MP18228/2024-2025/149191,PRIYA SAROJ,Uttar Pradesh,Inspect,District Authority,26.5,67,Marked completed but no photo evidence uploaded; No payment record yet — vendor pattern unverified,reactive
WS/MP18228/2024-2025/149565,PRIYA SAROJ,Uttar Pradesh,Inspect,District Authority,26.5,67,Marked completed but no photo evidence uploaded; No payment record yet — vendor pattern unverified,reactive
WS/MP18228/2024-2025/149563,PRIYA SAROJ,Uttar Pradesh,Inspect,District Authority,26.5,67,Marked completed but no photo evidence uploaded; No payment record yet — vendor pattern unverified,reactive
WS/MP18228/2024-2025/152830,PRIYA SAROJ,Uttar Pradesh,Inspect,District Authority,26.5,67,Marked completed but no photo evidence uploaded; No payment record yet — vendor pattern unverified,reactive
WS/MP18228/2024-2025/152748,PRIYA SAROJ,Uttar Pradesh,Inspect,District Authority,26.5,67,Marked completed but no photo evidence uploaded; No payment record yet — vendor pattern unverified,reactive
WS/MP18228/2024-2025/152745,PRIYA SAROJ,Uttar Pradesh,Inspect,District Authority,26.5,67,Marked completed but no photo evidence uploaded; No payment record yet — vendor pattern unverified,reactive
WS/MP18228/2024-2025/148781,PRIYA SAROJ,Uttar Pradesh,Inspect,District Authority,26.5,67,Marked completed but no photo evidence uploaded; No payment record yet — vendor pattern unverified,reactive
WS/MP584/2024-2025/136562,Vinod Chavda,Gujarat,Inspect,District Authority,26.5,67,Marked completed but no photo evidence uploaded; No payment record yet — vendor pattern unverified,reactive
WS/MP18228/2024-2025/148785,PRIYA SAROJ,Uttar Pradesh,Inspect,District Authority,26.5,67,Marked completed but no photo evidence uploaded; No payment record yet — vendor pattern unverified,reactive
WS/MP18228/2024-2025/152927,PRIYA SAROJ,Uttar Pradesh,Inspect,District Authority,26.5,67,Marked completed but no photo evidence uploaded; No payment record yet — vendor pattern unverified,reactive
WS/MP18228/2024-2025/149187,PRIYA SAROJ,Uttar Pradesh,Inspect,District Authority,26.5,67,Marked completed but no photo evidence uploaded; No payment record yet — vendor pattern unverified,reactive
WS/MP18228/2024-2025/148779,PRIYA SAROJ,Uttar Pradesh,Inspect,District Authority,26.5,67,Marked completed but no photo evidence uploaded; No payment record yet — vendor pattern unverified,reactive
WS/MP18228/2024-2025/152845,PRIYA SAROJ,Uttar Pradesh,Inspect,District Authority,26.5,67,Marked completed but no photo evidence uploaded; No payment record yet — vendor pattern unverified,reactive
WS/MP18228/2024-2025/152847,PRIYA SAROJ,Uttar Pradesh,Inspect,District Authority,26.5,67,Marked completed but no photo evidence uploaded; No payment record yet — vendor pattern unverified,reactive
WS/MP18228/2024-2025/152833,PRIYA SAROJ,Uttar Pradesh,Inspect,District Authority,26.5,67,Marked completed but no photo evidence uploaded; No payment record yet — vendor pattern unverified,reactive
WS/MP18228/2024-2025/150807,PRIYA SAROJ,Uttar Pradesh,Inspect,District Authority,26.5,67,Marked completed but no photo evidence uploaded; No payment record yet — vendor pattern unverified,reactive
WS/MP18228/2024-2025/150800,PRIYA SAROJ,Uttar Pradesh,Inspect,District Authority,26.5,67,Marked completed but no photo evidence uploaded; No payment record yet — vendor pattern unverified,reactive
WS/MP18228/2024-2025/152843,PRIYA SAROJ,Uttar Pradesh,Inspect,District Authority,26.5,67,Marked completed but no photo evidence uploaded; No payment record yet — vendor pattern unverified,reactive
WS/MP18228/2024-2025/152842,PRIYA SAROJ,Uttar Pradesh,Inspect,District Authority,26.5,67,Marked completed but no photo evidence uploaded; No payment record yet — vendor pattern unverified,reactive
WS/MP18228/2024-2025/152838,PRIYA SAROJ,Uttar Pradesh,Inspect,District Authority,26.5,67,Marked completed but no photo evidence uploaded; No payment record yet — vendor pattern unverified,reactive
WS/MP18228/2024-2025/152837,PRIYA SAROJ,Uttar Pradesh,Inspect,District Authority,26.5,67,Marked completed but no photo evidence uploaded; No payment record yet — vendor pattern unverified,reactive
WS/MP18228/2024-2025/152834,PRIYA SAROJ,Uttar Pradesh,Inspect,District Authority,26.5,67,Marked completed but no photo evidence uploaded; No payment record yet — vendor pattern unverified,reactive
WS/MP18228/2024-2025/149573,PRIYA SAROJ,Uttar Pradesh,Inspect,District Authority,26.5,67,Marked completed but no photo evidence uploaded; No payment record yet — vendor pattern unverified,reactive
WS/MP18228/2024-2025/150617,PRIYA SAROJ,Uttar Pradesh,Inspect,District Authority,26.5,67,Marked completed but no photo evidence uploaded; No payment record yet — vendor pattern unverified,reactive
WS/MP18228/2024-2025/150796,PRIYA SAROJ,Uttar Pradesh,Inspect,District Authority,26.5,67,Marked completed but no photo evidence uploaded; No payment record yet — vendor pattern unverified,reactive
WS/MP18228/2024-2025/150798,PRIYA SAROJ,Uttar Pradesh,Inspect,District Authority,26.5,67,Marked completed but no photo evidence uploaded; No payment record yet — vendor pattern unverified,reactive
WS/MP18228/2024-2025/150799,PRIYA SAROJ,Uttar Pradesh,Inspect,District Authority,26.5,67,Marked completed but no photo evidence uploaded; No payment record yet — vendor pattern unverified,reactive
WS/MP18228/2024-2025/149571,PRIYA SAROJ,Uttar Pradesh,Inspect,District Authority,26.5,67,Marked completed but no photo evidence uploaded; No payment record yet — vendor pattern unverified,reactive
WS/MP18228/2024-2025/147674,PRIYA SAROJ,Uttar Pradesh,Inspect,District Authority,26.5,67,Marked completed but no photo evidence uploaded; No payment record yet — vendor pattern unverified,reactive
WS/MP18228/2024-2025/149568,PRIYA SAROJ,Uttar Pradesh,Inspect,District Authority,26.5,67,Marked completed but no photo evidence uploaded; No payment record yet — vendor pattern unverified,reactive
WS/MP18228/2024-2025/147980,PRIYA SAROJ,Uttar Pradesh,Inspect,District Authority,26.5,67,Marked completed but no photo evidence uploaded; No payment record yet — vendor pattern unverified,reactive
WS/MP18228/2024-2025/147981,PRIYA SAROJ,Uttar Pradesh,Inspect,District Authority,26.5,67,Marked completed but no photo evidence uploaded; No payment record yet — vendor pattern unverified,reactive
WS/MP18228/2024-2025/147990,PRIYA SAROJ,Uttar Pradesh,Inspect,District Authority,26.5,67,Marked completed but no photo evidence uploaded; No payment record yet — vendor pattern unverified,reactive
WS/MP18228/2024-2025/147993,PRIYA SAROJ,Uttar Pradesh,Inspect,District Authority,26.5,67,Marked completed but no photo evidence uploaded; No payment record yet — vendor pattern unverified,reactive
WS/MP18228/2024-2025/147673,PRIYA SAROJ,Uttar Pradesh,Inspect,District Authority,26.5,67,Marked completed but no photo evidence uploaded; No payment record yet — vendor pattern unverified,reactive
WS/MP18228/2024-2025/150291,PRIYA SAROJ,Uttar Pradesh,Inspect,District Authority,26.5,67,Marked completed but no photo evidence uploaded; No payment record yet — vendor pattern unverified,reactive
WS/MP18228/2024-2025/147692,PRIYA SAROJ,Uttar Pradesh,Inspect,District Authority,26.5,67,Marked completed but no photo evidence uploaded; No payment record yet — vendor pattern unverified,reactive
WS/MP18228/2024-2025/147689,PRIYA SAROJ,Uttar Pradesh,Inspect,District Authority,26.5,67,Marked completed but no photo evidence uploaded; No payment record yet — vendor pattern unverified,reactive
WS/MP386/2024-2025/142526,Shri Hanuman Beniwal,Rajasthan,Inspect,District Authority,26.2,67,Marked completed but no photo evidence uploaded; No payment record yet — vendor pattern unverified,reactive
WS/MP584/2024-2025/136561,Vinod Chavda,Gujarat,Inspect,District Authority,26.2,67,Marked completed but no photo evidence uploaded; No payment record yet — vendor pattern unverified,reactive
WS/MP386/2024-2025/142529,Shri Hanuman Beniwal,Rajasthan,Inspect,District Authority,26.2,67,Marked completed but no photo evidence uploaded; No payment record yet — vendor pattern unverified,reactive
WS/MP386/2024-2025/142530,Shri Hanuman Beniwal,Rajasthan,Inspect,District Authority,26.2,67,Marked completed but no photo evidence uploaded; No payment record yet — vendor pattern unverified,reactive
WS/MP18199/2024-2025/136952,LALJI VERMA,Uttar Pradesh,Inspect,District Authority,26.2,67,Marked completed but no photo evidence uploaded; No payment record yet — vendor pattern unverified,reactive
WS/MP18032/2024-2025/134034,SUDHAKAR SINGH,Bihar,Inspect,District Authority,26.2,67,Marked completed but no photo evidence uploaded; No payment record yet — vendor pattern unverified,reactive
WS/MP18155/2024-2025/141711,DR. RAJ KUMAR CHABBEWAL,Punjab,Inspect,District Authority,26.2,67,Marked completed but no photo evidence uploaded; No payment record yet — vendor pattern unverified,reactive
WS/MP18228/2024-2025/147688,PRIYA SAROJ,Uttar Pradesh,Inspect,District Authority,26.1,67,Marked completed but no photo evidence uploaded; No payment record yet — vendor pattern unverified,reactive
WS/MP18228/2024-2025/152921,PRIYA SAROJ,Uttar Pradesh,Inspect,District Authority,26.1,67,Marked completed but no photo evidence uploaded; No payment record yet — vendor pattern unverified,reactive
WS/MP18228/2024-2025/148780,PRIYA SAROJ,Uttar Pradesh,Inspect,District Authority,26.1,67,Marked completed but no photo evidence uploaded; No payment record yet — vendor pattern unverified,reactive
WS/MP18138/2024-2025/149622,RICHARD VANLALHMANGAIHA,Mizoram,Inspect,District Authority,26.1,67,Marked completed but no photo evidence uploaded; No payment record yet — vendor pattern unverified,reactive
WS/MP18228/2024-2025/152944,PRIYA SAROJ,Uttar Pradesh,Inspect,District Authority,26.1,67,Marked completed but no photo evidence uploaded; No payment record yet — vendor pattern unverified,reactive
WS/MP18228/2024-2025/147027,PRIYA SAROJ,Uttar Pradesh,Inspect,District Authority,26.1,67,Marked completed but no photo evidence uploaded; No payment record yet — vendor pattern unverified,reactive
WS/MP18236/2024-2025/139425,CHHOTELAL,Uttar Pradesh,Inspect,District Authority,26.1,67,Marked completed but no photo evidence uploaded; No payment record yet — vendor pattern unverified,reactive
WS/MP18236/2024-2025/139424,CHHOTELAL,Uttar Pradesh,Inspect,District Authority,26.1,67,Marked completed but no photo evidence uploaded; No payment record yet — vendor pattern unverified,reactive
WS/MP18228/2024-2025/152879,PRIYA SAROJ,Uttar Pradesh,Inspect,District Authority,26.1,67,Marked completed but no photo evidence uploaded; No payment record yet — vendor pattern unverified,reactive
WS/MP386/2024-2025/142528,Shri Hanuman Beniwal,Rajasthan,Inspect,District Authority,26.1,67,Marked completed but no photo evidence uploaded; No payment record yet — vendor pattern unverified,reactive
WS/MP18228/2024-2025/152749,PRIYA SAROJ,Uttar Pradesh,Inspect,District Authority,26.1,67,Marked completed but no photo evidence uploaded; No payment record yet — vendor pattern unverified,reactive
WS/MP18236/2024-2025/139420,CHHOTELAL,Uttar Pradesh,Inspect,District Authority,26.1,67,Marked completed but no photo evidence uploaded; No payment record yet — vendor pattern unverified,reactive
WS/MP18236/2024-2025/139421,CHHOTELAL,Uttar Pradesh,Inspect,District Authority,26.1,67,Marked completed but no photo evidence uploaded; No payment record yet — vendor pattern unverified,reactive
WS/MP18236/2024-2025/139442,CHHOTELAL,Uttar Pradesh,Inspect,District Authority,26.1,67,Marked completed but no photo evidence uploaded; No payment record yet — vendor pattern unverified,reactive
WS/MP18236/2024-2025/139446,CHHOTELAL,Uttar Pradesh,Inspect,District Authority,26.1,67,Marked completed but no photo evidence uploaded; No payment record yet — vendor pattern unverified,reactive
WS/MP18236/2024-2025/139443,CHHOTELAL,Uttar Pradesh,Inspect,District Authority,26.1,67,Marked completed but no photo evidence uploaded; No payment record yet — vendor pattern unverified,reactive
WS/MP18236/2024-2025/139444,CHHOTELAL,Uttar Pradesh,Inspect,District Authority,26.1,67,Marked completed but no photo evidence uploaded; No payment record yet — vendor pattern unverified,reactive
WS/MP18236/2024-2025/139445,CHHOTELAL,Uttar Pradesh,Inspect,District Authority,26.1,67,Marked completed but no photo evidence uploaded; No payment record yet — vendor pattern unverified,reactive
WS/MP18228/2024-2025/152728,PRIYA SAROJ,Uttar Pradesh,Inspect,District Authority,26.1,67,Marked completed but no photo evidence uploaded; No payment record yet — vendor pattern unverified,reactive
WS/MP18236/2024-2025/139419,CHHOTELAL,Uttar Pradesh,Inspect,District Authority,26.1,67,Marked completed but no photo evidence uploaded; No payment record yet — vendor pattern unverified,reactive
WS/MP18228/2024-2025/148742,PRIYA SAROJ,Uttar Pradesh,Inspect,District Authority,26.1,67,Marked completed but no photo evidence uploaded; No payment record yet — vendor pattern unverified,reactive
WS/MP18228/2024-2025/148759,PRIYA SAROJ,Uttar Pradesh,Inspect,District Authority,26.1,67,Marked completed but no photo evidence uploaded; No payment record yet — vendor pattern unverified,reactive
WS/MP18100/2024-2025/151652,BUNTY VIVEK SAHU,Madhya Pradesh,Inspect,District Authority,26.1,67,Marked completed but no photo evidence uploaded; No payment record yet — vendor pattern unverified,reactive
WS/MP18228/2024-2025/151593,PRIYA SAROJ,Uttar Pradesh,Inspect,District Authority,26.1,67,Marked completed but no photo evidence uploaded; No payment record yet — vendor pattern unverified,reactive
WS/MP18228/2024-2025/152933,PRIYA SAROJ,Uttar Pradesh,Inspect,District Authority,26.1,67,Marked completed but no photo evidence uploaded; No payment record yet — vendor pattern unverified,reactive
WS/MP18228/2024-2025/148790,PRIYA SAROJ,Uttar Pradesh,Inspect,District Authority,26.1,67,Marked completed but no photo evidence uploaded; No payment record yet — vendor pattern unverified,reactive
WS/MP18236/2024-2025/139440,CHHOTELAL,Uttar Pradesh,Inspect,District Authority,26.1,67,Marked completed but no photo evidence uploaded; No payment record yet — vendor pattern unverified,reactive
WS/MP18236/2024-2025/139433,CHHOTELAL,Uttar Pradesh,Inspect,District Authority,26.1,67,Marked completed but no photo evidence uploaded; No payment record yet — vendor pattern unverified,reactive
WS/MP18228/2024-2025/151583,PRIYA SAROJ,Uttar Pradesh,Inspect,District Authority,26.1,67,Marked completed but no photo evidence uploaded; No payment record yet — vendor pattern unverified,reactive
WS/MP18100/2024-2025/151651,BUNTY VIVEK SAHU,Madhya Pradesh,Inspect,District Authority,26.1,67,Marked completed but no photo evidence uploaded; No payment record yet — vendor pattern unverified,reactive
WS/MP18236/2024-2025/139429,CHHOTELAL,Uttar Pradesh,Inspect,District Authority,26.1,67,Marked completed but no photo evidence uploaded; No payment record yet — vendor pattern unverified,reactive
WS/MP18236/2024-2025/139428,CHHOTELAL,Uttar Pradesh,Inspect,District Authority,26.1,67,Marked completed but no photo evidence uploaded; No payment record yet — vendor pattern unverified,reactive
WS/MP18236/2024-2025/139427,CHHOTELAL,Uttar Pradesh,Inspect,District Authority,26.1,67,Marked completed but no photo evidence uploaded; No payment record yet — vendor pattern unverified,reactive
WS/MP18236/2024-2025/139431,CHHOTELAL,Uttar Pradesh,Inspect,District Authority,26.1,67,Marked completed but no photo evidence uploaded; No payment record yet — vendor pattern unverified,reactive
WS/MP18236/2024-2025/139436,CHHOTELAL,Uttar Pradesh,Inspect,District Authority,26.1,67,Marked completed but no photo evidence uploaded; No payment record yet — vendor pattern unverified,reactive
WS/MP18236/2024-2025/139439,CHHOTELAL,Uttar Pradesh,Inspect,District Authority,26.1,67,Marked completed but no photo evidence uploaded; No payment record yet — vendor pattern unverified,reactive
WS/MP18236/2024-2025/139438,CHHOTELAL,Uttar Pradesh,Inspect,District Authority,26.1,67,Marked completed but no photo evidence uploaded; No payment record yet — vendor pattern unverified,reactive
WS/MP18236/2024-2025/139437,CHHOTELAL,Uttar Pradesh,Inspect,District Authority,26.1,67,Marked completed but no photo evidence uploaded; No payment record yet — vendor pattern unverified,reactive
WS/MP18236/2024-2025/139449,CHHOTELAL,Uttar Pradesh,Inspect,District Authority,26.1,67,Marked completed but no photo evidence uploaded; No payment record yet — vendor pattern unverified,reactive
WS/MP18236/2024-2025/139435,CHHOTELAL,Uttar Pradesh,Inspect,District Authority,26.1,67,Marked completed but no photo evidence uploaded; No payment record yet — vendor pattern unverified,reactive
WS/MP18236/2024-2025/139448,CHHOTELAL,Uttar Pradesh,Inspect,District Authority,26.1,67,Marked completed but no photo evidence uploaded; No payment record yet — vendor pattern unverified,reactive
WS/MP18236/2024-2025/139426,CHHOTELAL,Uttar Pradesh,Inspect,District Authority,26.1,67,Marked completed but no photo evidence uploaded; No payment record yet — vendor pattern unverified,reactive
WS/MP18236/2024-2025/139441,CHHOTELAL,Uttar Pradesh,Inspect,District Authority,26.1,67,Marked completed but no photo evidence uploaded; No payment record yet — vendor pattern unverified,reactive
WS/MP18236/2024-2025/139432,CHHOTELAL,Uttar Pradesh,Inspect,District Authority,26.1,67,Marked completed but no photo evidence uploaded; No payment record yet — vendor pattern unverified,reactive
WS/MP18236/2024-2025/139430,CHHOTELAL,Uttar Pradesh,Inspect,District Authority,26.1,67,Marked completed but no photo evidence uploaded; No payment record yet — vendor pattern unverified,reactive
WS/MP18236/2024-2025/139434,CHHOTELAL,Uttar Pradesh,Inspect,District Authority,26.1,67,Marked completed but no photo evidence uploaded; No payment record yet — vendor pattern unverified,reactive
WS/MP18228/2024-2025/152708,PRIYA SAROJ,Uttar Pradesh,Inspect,District Authority,26.1,67,Marked completed but no photo evidence uploaded; No payment record yet — vendor pattern unverified,reactive
WS/MP386/2024-2025/142531,Shri Hanuman Beniwal,Rajasthan,Inspect,District Authority,26.1,67,Marked completed but no photo evidence uploaded; No payment record yet — vendor pattern unverified,reactive
WS/MP18228/2024-2025/150505,PRIYA SAROJ,Uttar Pradesh,Inspect,District Authority,26.1,67,Marked completed but no photo evidence uploaded; No payment record yet — vendor pattern unverified,reactive
WS/MP18229/2024-2025/143078,ARUN GOVIL,Uttar Pradesh,Inspect,District Authority,26.0,67,Marked completed but no photo evidence uploaded; No payment record yet — vendor pattern unverified,reactive
WS/MP18188/2025-2026/154675,KONDA VISHWESHWAR REDDY,Telangana,Inspect,District Authority,26.0,67,Marked completed but no photo evidence uploaded; No payment record yet — vendor pattern unverified,reactive
WS/MP18074/2024-2025/138475,KALI CHARAN MUNDA,Jharkhand,Inspect,District Authority,26.0,67,Marked completed but no photo evidence uploaded; No payment record yet — vendor pattern unverified,reactive
WS/MP18065/2024-2025/135796,DEEPENDER SINGH HOODA,Haryana,Inspect,District Authority,26.0,67,Marked completed but no photo evidence uploaded; No payment record yet — vendor pattern unverified,reactive
WS/MP423/2024-2025/138265,Shri Abhishek Banerjee,West Bengal,Inspect,District Authority,26.0,67,Marked completed but no photo evidence uploaded; No payment record yet — vendor pattern unverified,reactive
WS/MP18074/2024-2025/138479,KALI CHARAN MUNDA,Jharkhand,Inspect,District Authority,26.0,67,Marked completed but no photo evidence uploaded; No payment record yet — vendor pattern unverified,reactive
WS/MP423/2024-2025/138264,Shri Abhishek Banerjee,West Bengal,Inspect,District Authority,26.0,67,Marked completed but no photo evidence uploaded; No payment record yet — vendor pattern unverified,reactive
WS/MP18032/2024-2025/137009,SUDHAKAR SINGH,Bihar,Inspect,District Authority,26.0,67,Marked completed but no photo evidence uploaded; No payment record yet — vendor pattern unverified,reactive
WS/MP761/2024-2025/147238,Arvind Dharmapuri,Telangana,Inspect,District Authority,25.9,67,Marked completed but no photo evidence uploaded; No payment record yet — vendor pattern unverified,reactive
WS/MP18228/2024-2025/150409,PRIYA SAROJ,Uttar Pradesh,Inspect,District Authority,25.9,67,Marked completed but no photo evidence uploaded; No payment record yet — vendor pattern unverified,reactive
WS/MP18032/2024-2025/136946,SUDHAKAR SINGH,Bihar,Inspect,District Authority,25.9,67,Marked completed but no photo evidence uploaded; No payment record yet — vendor pattern unverified,reactive
WS/MP18253/2024-2025/141460,BAPI HALDAR,West Bengal,Inspect,District Authority,25.9,67,Marked completed but no photo evidence uploaded; No payment record yet — vendor pattern unverified,reactive
WS/MP18199/2024-2025/136959,LALJI VERMA,Uttar Pradesh,Inspect,District Authority,25.9,67,Marked completed but no photo evidence uploaded; No payment record yet — vendor pattern unverified,reactive
WS/MP18173/2024-2025/137918,THARANIVENTHAN M S,Tamil Nadu,Inspect,District Authority,25.8,67,Marked completed but no photo evidence uploaded; No payment record yet — vendor pattern unverified,reactive
WS/MP18138/2024-2025/148103,RICHARD VANLALHMANGAIHA,Mizoram,Inspect,District Authority,25.8,67,Marked completed but no photo evidence uploaded; No payment record yet — vendor pattern unverified,reactive
WS/MP18173/2024-2025/137919,THARANIVENTHAN M S,Tamil Nadu,Inspect,District Authority,25.8,67,Marked completed but no photo evidence uploaded; No payment record yet — vendor pattern unverified,reactive
WS/MP858/2024-2025/148892,Asit Kumar Mal,West Bengal,Inspect,District Authority,25.8,67,Marked completed but no photo evidence uploaded; No payment record yet — vendor pattern unverified,reactive
WS/MP858/2024-2025/148879,Asit Kumar Mal,West Bengal,Inspect,District Authority,25.8,67,Marked completed but no photo evidence uploaded; No payment record yet — vendor pattern unverified,reactive
WS/MP18309/2024-2025/153440,SALENG A SANGMA,Meghalaya,Inspect,District Authority,25.8,67,Marked completed but no photo evidence uploaded; No payment record yet — vendor pattern unverified,reactive
WS/MP18380/2024-2025/149549,VINOD KUMAR BIND,Uttar Pradesh,Inspect,District Authority,25.7,67,Marked completed but no photo evidence uploaded; No payment record yet — vendor pattern unverified,reactive
WS/MP18380/2024-2025/149548,VINOD KUMAR BIND,Uttar Pradesh,Inspect,District Authority,25.7,67,Marked completed but no photo evidence uploaded; No payment record yet — vendor pattern unverified,reactive
WS/MP18380/2024-2025/149540,VINOD KUMAR BIND,Uttar Pradesh,Inspect,District Authority,25.7,67,Marked completed but no photo evidence uploaded; No payment record yet — vendor pattern unverified,reactive
WS/MP18380/2024-2025/149533,VINOD KUMAR BIND,Uttar Pradesh,Inspect,District Authority,25.7,67,Marked completed but no photo evidence uploaded; No payment record yet — vendor pattern unverified,reactive
WS/MP18380/2024-2025/149547,VINOD KUMAR BIND,Uttar Pradesh,Inspect,District Authority,25.7,67,Marked completed but no photo evidence uploaded; No payment record yet — vendor pattern unverified,reactive
WS/MP18380/2024-2025/149539,VINOD KUMAR BIND,Uttar Pradesh,Inspect,District Authority,25.7,67,Marked completed but no photo evidence uploaded; No payment record yet — vendor pattern unverified,reactive
WS/MP18380/2024-2025/149529,VINOD KUMAR BIND,Uttar Pradesh,Inspect,District Authority,25.7,67,Marked completed but no photo evidence uploaded; No payment record yet — vendor pattern unverified,reactive
WS/MP18173/2024-2025/137921,THARANIVENTHAN M S,Tamil Nadu,Inspect,District Authority,25.7,67,Marked completed but no photo evidence uploaded; No payment record yet — vendor pattern unverified,reactive
WS/MP18380/2024-2025/151763,VINOD KUMAR BIND,Uttar Pradesh,Inspect,District Authority,25.7,67,Marked completed but no photo evidence uploaded; No payment record yet — vendor pattern unverified,reactive
WS/MP18380/2024-2025/151762,VINOD KUMAR BIND,Uttar Pradesh,Inspect,District Authority,25.7,67,Marked completed but no photo evidence uploaded; No payment record yet — vendor pattern unverified,reactive
WS/MP18380/2024-2025/151760,VINOD KUMAR BIND,Uttar Pradesh,Inspect,District Authority,25.7,67,Marked completed but no photo evidence uploaded; No payment record yet — vendor pattern unverified,reactive
WS/MP18380/2024-2025/151759,VINOD KUMAR BIND,Uttar Pradesh,Inspect,District Authority,25.7,67,Marked completed but no photo evidence uploaded; No payment record yet — vendor pattern unverified,reactive
WS/MP18380/2024-2025/149527,VINOD KUMAR BIND,Uttar Pradesh,Inspect,District Authority,25.7,67,Marked completed but no photo evidence uploaded; No payment record yet — vendor pattern unverified,reactive
WS/MP18380/2024-2025/149524,VINOD KUMAR BIND,Uttar Pradesh,Inspect,District Authority,25.7,67,Marked completed but no photo evidence uploaded; No payment record yet — vendor pattern unverified,reactive
WS/MP18380/2024-2025/149528,VINOD KUMAR BIND,Uttar Pradesh,Inspect,District Authority,25.7,67,Marked completed but no photo evidence uploaded; No payment record yet — vendor pattern unverified,reactive
WS/MP18380/2024-2025/149525,VINOD KUMAR BIND,Uttar Pradesh,Inspect,District Authority,25.7,67,Marked completed but no photo evidence uploaded; No payment record yet — vendor pattern unverified,reactive
WS/MP18380/2024-2025/149526,VINOD KUMAR BIND,Uttar Pradesh,Inspect,District Authority,25.7,67,Marked completed but no photo evidence uploaded; No payment record yet — vendor pattern unverified,reactive
WS/MP18380/2024-2025/149516,VINOD KUMAR BIND,Uttar Pradesh,Inspect,District Authority,25.7,67,Marked completed but no photo evidence uploaded; No payment record yet — vendor pattern unverified,reactive
WS/MP18380/2024-2025/149517,VINOD KUMAR BIND,Uttar Pradesh,Inspect,District Authority,25.7,67,Marked completed but no photo evidence uploaded; No payment record yet — vendor pattern unverified,reactive
WS/MP18380/2024-2025/149518,VINOD KUMAR BIND,Uttar Pradesh,Inspect,District Authority,25.7,67,Marked completed but no photo evidence uploaded; No payment record yet — vendor pattern unverified,reactive
WS/MP18380/2024-2025/149519,VINOD KUMAR BIND,Uttar Pradesh,Inspect,District Authority,25.7,67,Marked completed but no photo evidence uploaded; No payment record yet — vendor pattern unverified,reactive
WS/MP18380/2024-2025/149520,VINOD KUMAR BIND,Uttar Pradesh,Inspect,District Authority,25.7,67,Marked completed but no photo evidence uploaded; No payment record yet — vendor pattern unverified,reactive
WS/MP18380/2024-2025/151751,VINOD KUMAR BIND,Uttar Pradesh,Inspect,District Authority,25.7,67,Marked completed but no photo evidence uploaded; No payment record yet — vendor pattern unverified,reactive
WS/MP18380/2024-2025/151750,VINOD KUMAR BIND,Uttar Pradesh,Inspect,District Authority,25.7,67,Marked completed but no photo evidence uploaded; No payment record yet — vendor pattern unverified,reactive
WS/MP18380/2024-2025/151748,VINOD KUMAR BIND,Uttar Pradesh,Inspect,District Authority,25.7,67,Marked completed but no photo evidence uploaded; No payment record yet — vendor pattern unverified,reactive
WS/MP18380/2024-2025/151752,VINOD KUMAR BIND,Uttar Pradesh,Inspect,District Authority,25.7,67,Marked completed but no photo evidence uploaded; No payment record yet — vendor pattern unverified,reactive
WS/MP18380/2024-2025/151753,VINOD KUMAR BIND,Uttar Pradesh,Inspect,District Authority,25.7,67,Marked completed but no photo evidence uploaded; No payment record yet — vendor pattern unverified,reactive
WS/MP18380/2024-2025/149523,VINOD KUMAR BIND,Uttar Pradesh,Inspect,District Authority,25.7,67,Marked completed but no photo evidence uploaded; No payment record yet — vendor pattern unverified,reactive
WS/MP18380/2024-2025/149530,VINOD KUMAR BIND,Uttar Pradesh,Inspect,District Authority,25.7,67,Marked completed but no photo evidence uploaded; No payment record yet — vendor pattern unverified,reactive
WS/MP18380/2024-2025/149521,VINOD KUMAR BIND,Uttar Pradesh,Inspect,District Authority,25.7,67,Marked completed but no photo evidence uploaded; No payment record yet — vendor pattern unverified,reactive
WS/MP18380/2024-2025/149531,VINOD KUMAR BIND,Uttar Pradesh,Inspect,District Authority,25.7,67,Marked completed but no photo evidence uploaded; No payment record yet — vendor pattern unverified,reactive
WS/MP18380/2024-2025/149522,VINOD KUMAR BIND,Uttar Pradesh,Inspect,District Authority,25.7,67,Marked completed but no photo evidence uploaded; No payment record yet — vendor pattern unverified,reactive
WS/MP18380/2024-2025/149542,VINOD KUMAR BIND,Uttar Pradesh,Inspect,District Authority,25.7,67,Marked completed but no photo evidence uploaded; No payment record yet — vendor pattern unverified,reactive
WS/MP18380/2024-2025/149541,VINOD KUMAR BIND,Uttar Pradesh,Inspect,District Authority,25.7,67,Marked completed but no photo evidence uploaded; No payment record yet — vendor pattern unverified,reactive
WS/MP18380/2024-2025/149543,VINOD KUMAR BIND,Uttar Pradesh,Inspect,District Authority,25.7,67,Marked completed but no photo evidence uploaded; No payment record yet — vendor pattern unverified,reactive
WS/MP18380/2024-2025/149544,VINOD KUMAR BIND,Uttar Pradesh,Inspect,District Authority,25.7,67,Marked completed but no photo evidence uploaded; No payment record yet — vendor pattern unverified,reactive
WS/MP18380/2024-2025/149545,VINOD KUMAR BIND,Uttar Pradesh,Inspect,District Authority,25.7,67,Marked completed but no photo evidence uploaded; No payment record yet — vendor pattern unverified,reactive
WS/MP18380/2024-2025/149546,VINOD KUMAR BIND,Uttar Pradesh,Inspect,District Authority,25.7,67,Marked completed but no photo evidence uploaded; No payment record yet — vendor pattern unverified,reactive
WS/MP18380/2024-2025/149486,VINOD KUMAR BIND,Uttar Pradesh,Inspect,District Authority,25.7,67,Marked completed but no photo evidence uploaded; No payment record yet — vendor pattern unverified,reactive
WS/MP18380/2024-2025/149485,VINOD KUMAR BIND,Uttar Pradesh,Inspect,District Authority,25.7,67,Marked completed but no photo evidence uploaded; No payment record yet — vendor pattern unverified,reactive
WS/MP18380/2024-2025/149484,VINOD KUMAR BIND,Uttar Pradesh,Inspect,District Authority,25.7,67,Marked completed but no photo evidence uploaded; No payment record yet — vendor pattern unverified,reactive
WS/MP18380/2024-2025/149483,VINOD KUMAR BIND,Uttar Pradesh,Inspect,District Authority,25.7,67,Marked completed but no photo evidence uploaded; No payment record yet — vendor pattern unverified,reactive
WS/MP18380/2024-2025/149509,VINOD KUMAR BIND,Uttar Pradesh,Inspect,District Authority,25.7,67,Marked completed but no photo evidence uploaded; No payment record yet — vendor pattern unverified,reactive
WS/MP18380/2024-2025/149508,VINOD KUMAR BIND,Uttar Pradesh,Inspect,District Authority,25.7,67,Marked completed but no photo evidence uploaded; No payment record yet — vendor pattern unverified,reactive
WS/MP18380/2024-2025/149496,VINOD KUMAR BIND,Uttar Pradesh,Inspect,District Authority,25.7,67,Marked completed but no photo evidence uploaded; No payment record yet — vendor pattern unverified,reactive
WS/MP18380/2024-2025/149495,VINOD KUMAR BIND,Uttar Pradesh,Inspect,District Authority,25.7,67,Marked completed but no photo evidence uploaded; No payment record yet — vendor pattern unverified,reactive
WS/MP18380/2024-2025/149490,VINOD KUMAR BIND,Uttar Pradesh,Inspect,District Authority,25.7,67,Marked completed but no photo evidence uploaded; No payment record yet — vendor pattern unverified,reactive
WS/MP18380/2024-2025/149488,VINOD KUMAR BIND,Uttar Pradesh,Inspect,District Authority,25.7,67,Marked completed but no photo evidence uploaded; No payment record yet — vendor pattern unverified,reactive
WS/MP18380/2024-2025/149487,VINOD KUMAR BIND,Uttar Pradesh,Inspect,District Authority,25.7,67,Marked completed but no photo evidence uploaded; No payment record yet — vendor pattern unverified,reactive
WS/MP18380/2024-2025/149532,VINOD KUMAR BIND,Uttar Pradesh,Inspect,District Authority,25.7,67,Marked completed but no photo evidence uploaded; No payment record yet — vendor pattern unverified,reactive
WS/MP18380/2024-2025/149494,VINOD KUMAR BIND,Uttar Pradesh,Inspect,District Authority,25.7,67,Marked completed but no photo evidence uploaded; No payment record yet — vendor pattern unverified,reactive
WS/MP18380/2024-2025/149493,VINOD KUMAR BIND,Uttar Pradesh,Inspect,District Authority,25.7,67,Marked completed but no photo evidence uploaded; No payment record yet — vendor pattern unverified,reactive
WS/MP18380/2024-2025/149492,VINOD KUMAR BIND,Uttar Pradesh,Inspect,District Authority,25.7,67,Marked completed but no photo evidence uploaded; No payment record yet — vendor pattern unverified,reactive
WS/MP18380/2024-2025/149491,VINOD KUMAR BIND,Uttar Pradesh,Inspect,District Authority,25.7,67,Marked completed but no photo evidence uploaded; No payment record yet — vendor pattern unverified,reactive
WS/MP423/2024-2025/138273,Shri Abhishek Banerjee,West Bengal,Inspect,District Authority,25.7,67,Marked completed but no photo evidence uploaded; No payment record yet — vendor pattern unverified,reactive
WS/MP18380/2024-2025/149510,VINOD KUMAR BIND,Uttar Pradesh,Inspect,District Authority,25.7,67,Marked completed but no photo evidence uploaded; No payment record yet — vendor pattern unverified,reactive
WS/MP18380/2024-2025/149511,VINOD KUMAR BIND,Uttar Pradesh,Inspect,District Authority,25.7,67,Marked completed but no photo evidence uploaded; No payment record yet — vendor pattern unverified,reactive
WS/MP18380/2024-2025/149512,VINOD KUMAR BIND,Uttar Pradesh,Inspect,District Authority,25.7,67,Marked completed but no photo evidence uploaded; No payment record yet — vendor pattern unverified,reactive
WS/MP18380/2024-2025/149513,VINOD KUMAR BIND,Uttar Pradesh,Inspect,District Authority,25.7,67,Marked completed but no photo evidence uploaded; No payment record yet — vendor pattern unverified,reactive
WS/MP18380/2024-2025/149514,VINOD KUMAR BIND,Uttar Pradesh,Inspect,District Authority,25.7,67,Marked completed but no photo evidence uploaded; No payment record yet — vendor pattern unverified,reactive
WS/MP18380/2024-2025/149515,VINOD KUMAR BIND,Uttar Pradesh,Inspect,District Authority,25.7,67,Marked completed but no photo evidence uploaded; No payment record yet — vendor pattern unverified,reactive
WS/MP18380/2024-2025/149477,VINOD KUMAR BIND,Uttar Pradesh,Inspect,District Authority,25.7,67,Marked completed but no photo evidence uploaded; No payment record yet — vendor pattern unverified,reactive
WS/MP18380/2024-2025/149478,VINOD KUMAR BIND,Uttar Pradesh,Inspect,District Authority,25.7,67,Marked completed but no photo evidence uploaded; No payment record yet — vendor pattern unverified,reactive
WS/MP18380/2024-2025/149479,VINOD KUMAR BIND,Uttar Pradesh,Inspect,District Authority,25.7,67,Marked completed but no photo evidence uploaded; No payment record yet — vendor pattern unverified,reactive
WS/MP18380/2024-2025/149480,VINOD KUMAR BIND,Uttar Pradesh,Inspect,District Authority,25.7,67,Marked completed but no photo evidence uploaded; No payment record yet — vendor pattern unverified,reactive
WS/MP18380/2024-2025/149481,VINOD KUMAR BIND,Uttar Pradesh,Inspect,District Authority,25.7,67,Marked completed but no photo evidence uploaded; No payment record yet — vendor pattern unverified,reactive
WS/MP18380/2024-2025/151824,VINOD KUMAR BIND,Uttar Pradesh,Inspect,District Authority,25.7,67,Marked completed but no photo evidence uploaded; No payment record yet — vendor pattern unverified,reactive
WS/MP18380/2024-2025/151822,VINOD KUMAR BIND,Uttar Pradesh,Inspect,District Authority,25.7,67,Marked completed but no photo evidence uploaded; No payment record yet — vendor pattern unverified,reactive
WS/MP18380/2024-2025/151825,VINOD KUMAR BIND,Uttar Pradesh,Inspect,District Authority,25.7,67,Marked completed but no photo evidence uploaded; No payment record yet — vendor pattern unverified,reactive
WS/MP18380/2024-2025/151826,VINOD KUMAR BIND,Uttar Pradesh,Inspect,District Authority,25.7,67,Marked completed but no photo evidence uploaded; No payment record yet — vendor pattern unverified,reactive
WS/MP18380/2024-2025/151779,VINOD KUMAR BIND,Uttar Pradesh,Inspect,District Authority,25.7,67,Marked completed but no photo evidence uploaded; No payment record yet — vendor pattern unverified,reactive
WS/MP18380/2024-2025/151831,VINOD KUMAR BIND,Uttar Pradesh,Inspect,District Authority,25.7,67,Marked completed but no photo evidence uploaded; No payment record yet — vendor pattern unverified,reactive
WS/MP18380/2024-2025/151827,VINOD KUMAR BIND,Uttar Pradesh,Inspect,District Authority,25.7,67,Marked completed but no photo evidence uploaded; No payment record yet — vendor pattern unverified,reactive
WS/MP18380/2024-2025/151781,VINOD KUMAR BIND,Uttar Pradesh,Inspect,District Authority,25.7,67,Marked completed but no photo evidence uploaded; No payment record yet — vendor pattern unverified,reactive
WS/MP18380/2024-2025/151806,VINOD KUMAR BIND,Uttar Pradesh,Inspect,District Authority,25.7,67,Marked completed but no photo evidence uploaded; No payment record yet — vendor pattern unverified,reactive
WS/MP18380/2024-2025/151802,VINOD KUMAR BIND,Uttar Pradesh,Inspect,District Authority,25.7,67,Marked completed but no photo evidence uploaded; No payment record yet — vendor pattern unverified,reactive
WS/MP18380/2024-2025/151804,VINOD KUMAR BIND,Uttar Pradesh,Inspect,District Authority,25.7,67,Marked completed but no photo evidence uploaded; No payment record yet — vendor pattern unverified,reactive
WS/MP18380/2024-2025/151805,VINOD KUMAR BIND,Uttar Pradesh,Inspect,District Authority,25.7,67,Marked completed but no photo evidence uploaded; No payment record yet — vendor pattern unverified,reactive
WS/MP18380/2024-2025/151811,VINOD KUMAR BIND,Uttar Pradesh,Inspect,District Authority,25.7,67,Marked completed but no photo evidence uploaded; No payment record yet — vendor pattern unverified,reactive
WS/MP18380/2024-2025/151810,VINOD KUMAR BIND,Uttar Pradesh,Inspect,District Authority,25.7,67,Marked completed but no photo evidence uploaded; No payment record yet — vendor pattern unverified,reactive
WS/MP18380/2024-2025/151807,VINOD KUMAR BIND,Uttar Pradesh,Inspect,District Authority,25.7,67,Marked completed but no photo evidence uploaded; No payment record yet — vendor pattern unverified,reactive
WS/MP18380/2024-2025/151813,VINOD KUMAR BIND,Uttar Pradesh,Inspect,District Authority,25.7,67,Marked completed but no photo evidence uploaded; No payment record yet — vendor pattern unverified,reactive
WS/MP18380/2024-2025/151828,VINOD KUMAR BIND,Uttar Pradesh,Inspect,District Authority,25.7,67,Marked completed but no photo evidence uploaded; No payment record yet — vendor pattern unverified,reactive
WS/MP18380/2024-2025/151821,VINOD KUMAR BIND,Uttar Pradesh,Inspect,District Authority,25.7,67,Marked completed but no photo evidence uploaded; No payment record yet — vendor pattern unverified,reactive
WS/MP18380/2024-2025/151820,VINOD KUMAR BIND,Uttar Pradesh,Inspect,District Authority,25.7,67,Marked completed but no photo evidence uploaded; No payment record yet — vendor pattern unverified,reactive
WS/MP18380/2024-2025/151817,VINOD KUMAR BIND,Uttar Pradesh,Inspect,District Authority,25.7,67,Marked completed but no photo evidence uploaded; No payment record yet — vendor pattern unverified,reactive
WS/MP18380/2024-2025/149552,VINOD KUMAR BIND,Uttar Pradesh,Inspect,District Authority,25.7,67,Marked completed but no photo evidence uploaded; No payment record yet — vendor pattern unverified,reactive
WS/MP18380/2024-2025/149551,VINOD KUMAR BIND,Uttar Pradesh,Inspect,District Authority,25.7,67,Marked completed but no photo evidence uploaded; No payment record yet — vendor pattern unverified,reactive
WS/MP18380/2024-2025/149550,VINOD KUMAR BIND,Uttar Pradesh,Inspect,District Authority,25.7,67,Marked completed but no photo evidence uploaded; No payment record yet — vendor pattern unverified,reactive
WS/MP18380/2024-2025/151812,VINOD KUMAR BIND,Uttar Pradesh,Inspect,District Authority,25.7,67,Marked completed but no photo evidence uploaded; No payment record yet — vendor pattern unverified,reactive
WS/MP18380/2024-2025/151738,VINOD KUMAR BIND,Uttar Pradesh,Inspect,District Authority,25.7,67,Marked completed but no photo evidence uploaded; No payment record yet — vendor pattern unverified,reactive
WS/MP18380/2024-2025/151739,VINOD KUMAR BIND,Uttar Pradesh,Inspect,District Authority,25.7,67,Marked completed but no photo evidence uploaded; No payment record yet — vendor pattern unverified,reactive
WS/MP18380/2024-2025/151740,VINOD KUMAR BIND,Uttar Pradesh,Inspect,District Authority,25.7,67,Marked completed but no photo evidence uploaded; No payment record yet — vendor pattern unverified,reactive
WS/MP429/2024-2025/140544,Jyotsna Charandas Mahant,Chhattisgarh,Inspect,District Authority,25.7,67,Marked completed but no photo evidence uploaded; No payment record yet — vendor pattern unverified,reactive
WS/MP18380/2024-2025/151741,VINOD KUMAR BIND,Uttar Pradesh,Inspect,District Authority,25.7,67,Marked completed but no photo evidence uploaded; No payment record yet — vendor pattern unverified,reactive
WS/MP18380/2024-2025/151814,VINOD KUMAR BIND,Uttar Pradesh,Inspect,District Authority,25.7,67,Marked completed but no photo evidence uploaded; No payment record yet — vendor pattern unverified,reactive
WS/MP18380/2024-2025/151815,VINOD KUMAR BIND,Uttar Pradesh,Inspect,District Authority,25.7,67,Marked completed but no photo evidence uploaded; No payment record yet — vendor pattern unverified,reactive
WS/MP18380/2024-2025/151764,VINOD KUMAR BIND,Uttar Pradesh,Inspect,District Authority,25.7,67,Marked completed but no photo evidence uploaded; No payment record yet — vendor pattern unverified,reactive
WS/MP18380/2024-2025/151765,VINOD KUMAR BIND,Uttar Pradesh,Inspect,District Authority,25.7,67,Marked completed but no photo evidence uploaded; No payment record yet — vendor pattern unverified,reactive
WS/MP18380/2024-2025/151766,VINOD KUMAR BIND,Uttar Pradesh,Inspect,District Authority,25.7,67,Marked completed but no photo evidence uploaded; No payment record yet — vendor pattern unverified,reactive
WS/MP18380/2024-2025/151767,VINOD KUMAR BIND,Uttar Pradesh,Inspect,District Authority,25.7,67,Marked completed but no photo evidence uploaded; No payment record yet — vendor pattern unverified,reactive
WS/MP18380/2024-2025/151768,VINOD KUMAR BIND,Uttar Pradesh,Inspect,District Authority,25.7,67,Marked completed but no photo evidence uploaded; No payment record yet — vendor pattern unverified,reactive
WS/MP18380/2024-2025/151769,VINOD KUMAR BIND,Uttar Pradesh,Inspect,District Authority,25.7,67,Marked completed but no photo evidence uploaded; No payment record yet — vendor pattern unverified,reactive
WS/MP18380/2024-2025/151770,VINOD KUMAR BIND,Uttar Pradesh,Inspect,District Authority,25.7,67,Marked completed but no photo evidence uploaded; No payment record yet — vendor pattern unverified,reactive
WS/MP18380/2024-2025/151771,VINOD KUMAR BIND,Uttar Pradesh,Inspect,District Authority,25.7,67,Marked completed but no photo evidence uploaded; No payment record yet — vendor pattern unverified,reactive
WS/MP18380/2024-2025/151772,VINOD KUMAR BIND,Uttar Pradesh,Inspect,District Authority,25.7,67,Marked completed but no photo evidence uploaded; No payment record yet — vendor pattern unverified,reactive
WS/MP18380/2024-2025/151773,VINOD KUMAR BIND,Uttar Pradesh,Inspect,District Authority,25.7,67,Marked completed but no photo evidence uploaded; No payment record yet — vendor pattern unverified,reactive
WS/MP18380/2024-2025/151774,VINOD KUMAR BIND,Uttar Pradesh,Inspect,District Authority,25.7,67,Marked completed but no photo evidence uploaded; No payment record yet — vendor pattern unverified,reactive
WS/MP18380/2024-2025/151775,VINOD KUMAR BIND,Uttar Pradesh,Inspect,District Authority,25.7,67,Marked completed but no photo evidence uploaded; No payment record yet — vendor pattern unverified,reactive
WS/MP18380/2024-2025/151777,VINOD KUMAR BIND,Uttar Pradesh,Inspect,District Authority,25.7,67,Marked completed but no photo evidence uploaded; No payment record yet — vendor pattern unverified,reactive
WS/MP18380/2024-2025/151778,VINOD KUMAR BIND,Uttar Pradesh,Inspect,District Authority,25.7,67,Marked completed but no photo evidence uploaded; No payment record yet — vendor pattern unverified,reactive
WS/MP18380/2024-2025/151742,VINOD KUMAR BIND,Uttar Pradesh,Inspect,District Authority,25.7,67,Marked completed but no photo evidence uploaded; No payment record yet — vendor pattern unverified,reactive
WS/MP18380/2024-2025/151743,VINOD KUMAR BIND,Uttar Pradesh,Inspect,District Authority,25.7,67,Marked completed but no photo evidence uploaded; No payment record yet — vendor pattern unverified,reactive
WS/MP18380/2024-2025/151744,VINOD KUMAR BIND,Uttar Pradesh,Inspect,District Authority,25.7,67,Marked completed but no photo evidence uploaded; No payment record yet — vendor pattern unverified,reactive
WS/MP18380/2024-2025/151745,VINOD KUMAR BIND,Uttar Pradesh,Inspect,District Authority,25.7,67,Marked completed but no photo evidence uploaded; No payment record yet — vendor pattern unverified,reactive
WS/MP18380/2024-2025/151746,VINOD KUMAR BIND,Uttar Pradesh,Inspect,District Authority,25.7,67,Marked completed but no photo evidence uploaded; No payment record yet — vendor pattern unverified,reactive
WS/MP18380/2024-2025/151747,VINOD KUMAR BIND,Uttar Pradesh,Inspect,District Authority,25.7,67,Marked completed but no photo evidence uploaded; No payment record yet — vendor pattern unverified,reactive
WS/MP641/2024-2025/133919,Gajendra Singh Patel,Madhya Pradesh,Inspect,District Authority,25.7,67,Marked completed but no photo evidence uploaded; No payment record yet — vendor pattern unverified,reactive
WS/MP18214/2024-2025/153379,JITENDRA KUMAR DOHARE,Uttar Pradesh,Inspect,District Authority,25.6,67,Marked completed but no photo evidence uploaded; No payment record yet — vendor pattern unverified,reactive
WS/MP18214/2024-2025/153378,JITENDRA KUMAR DOHARE,Uttar Pradesh,Inspect,District Authority,25.6,67,Marked completed but no photo evidence uploaded; No payment record yet — vendor pattern unverified,reactive
WS/MP18214/2024-2025/153377,JITENDRA KUMAR DOHARE,Uttar Pradesh,Inspect,District Authority,25.6,67,Marked completed but no photo evidence uploaded; No payment record yet — vendor pattern unverified,reactive
WS/MP18214/2024-2025/153376,JITENDRA KUMAR DOHARE,Uttar Pradesh,Inspect,District Authority,25.6,67,Marked completed but no photo evidence uploaded; No payment record yet — vendor pattern unverified,reactive
WS/MP18214/2024-2025/153375,JITENDRA KUMAR DOHARE,Uttar Pradesh,Inspect,District Authority,25.6,67,Marked completed but no photo evidence uploaded; No payment record yet — vendor pattern unverified,reactive
WS/MP18214/2024-2025/153374,JITENDRA KUMAR DOHARE,Uttar Pradesh,Inspect,District Authority,25.6,67,Marked completed but no photo evidence uploaded; No payment record yet — vendor pattern unverified,reactive
WS/MP18214/2024-2025/153373,JITENDRA KUMAR DOHARE,Uttar Pradesh,Inspect,District Authority,25.6,67,Marked completed but no photo evidence uploaded; No payment record yet — vendor pattern unverified,reactive
WS/MP18214/2024-2025/153372,JITENDRA KUMAR DOHARE,Uttar Pradesh,Inspect,District Authority,25.6,67,Marked completed but no photo evidence uploaded; No payment record yet — vendor pattern unverified,reactive
WS/MP18214/2024-2025/153370,JITENDRA KUMAR DOHARE,Uttar Pradesh,Inspect,District Authority,25.6,67,Marked completed but no photo evidence uploaded; No payment record yet — vendor pattern unverified,reactive
WS/MP18214/2024-2025/149248,JITENDRA KUMAR DOHARE,Uttar Pradesh,Inspect,District Authority,25.6,67,Marked completed but no photo evidence uploaded; No payment record yet — vendor pattern unverified,reactive
WS/MP18214/2024-2025/153371,JITENDRA KUMAR DOHARE,Uttar Pradesh,Inspect,District Authority,25.6,67,Marked completed but no photo evidence uploaded; No payment record yet — vendor pattern unverified,reactive
WS/MP18214/2024-2025/149249,JITENDRA KUMAR DOHARE,Uttar Pradesh,Inspect,District Authority,25.6,67,Marked completed but no photo evidence uploaded; No payment record yet — vendor pattern unverified,reactive
WS/MP18214/2024-2025/153380,JITENDRA KUMAR DOHARE,Uttar Pradesh,Inspect,District Authority,25.6,67,Marked completed but no photo evidence uploaded; No payment record yet — vendor pattern unverified,reactive
WS/MP18214/2024-2025/153381,JITENDRA KUMAR DOHARE,Uttar Pradesh,Inspect,District Authority,25.6,67,Marked completed but no photo evidence uploaded; No payment record yet — vendor pattern unverified,reactive
WS/MP18214/2024-2025/153382,JITENDRA KUMAR DOHARE,Uttar Pradesh,Inspect,District Authority,25.6,67,Marked completed but no photo evidence uploaded; No payment record yet — vendor pattern unverified,reactive
WS/MP18214/2024-2025/153383,JITENDRA KUMAR DOHARE,Uttar Pradesh,Inspect,District Authority,25.6,67,Marked completed but no photo evidence uploaded; No payment record yet — vendor pattern unverified,reactive
WS/MP18214/2024-2025/153384,JITENDRA KUMAR DOHARE,Uttar Pradesh,Inspect,District Authority,25.6,67,Marked completed but no photo evidence uploaded; No payment record yet — vendor pattern unverified,reactive
WS/MP18214/2024-2025/153385,JITENDRA KUMAR DOHARE,Uttar Pradesh,Inspect,District Authority,25.6,67,Marked completed but no photo evidence uploaded; No payment record yet — vendor pattern unverified,reactive
WS/MP18214/2024-2025/153388,JITENDRA KUMAR DOHARE,Uttar Pradesh,Inspect,District Authority,25.6,67,Marked completed but no photo evidence uploaded; No payment record yet — vendor pattern unverified,reactive
WS/MP18214/2024-2025/153387,JITENDRA KUMAR DOHARE,Uttar Pradesh,Inspect,District Authority,25.6,67,Marked completed but no photo evidence uploaded; No payment record yet — vendor pattern unverified,reactive
WS/MP18214/2024-2025/153386,JITENDRA KUMAR DOHARE,Uttar Pradesh,Inspect,District Authority,25.6,67,Marked completed but no photo evidence uploaded; No payment record yet — vendor pattern unverified,reactive
WS/MP18214/2024-2025/153401,JITENDRA KUMAR DOHARE,Uttar Pradesh,Inspect,District Authority,25.6,67,Marked completed but no photo evidence uploaded; No payment record yet — vendor pattern unverified,reactive
WS/MP18214/2024-2025/153402,JITENDRA KUMAR DOHARE,Uttar Pradesh,Inspect,District Authority,25.6,67,Marked completed but no photo evidence uploaded; No payment record yet — vendor pattern unverified,reactive
WS/MP18214/2024-2025/149240,JITENDRA KUMAR DOHARE,Uttar Pradesh,Inspect,District Authority,25.6,67,Marked completed but no photo evidence uploaded; No payment record yet — vendor pattern unverified,reactive
WS/MP18214/2024-2025/149239,JITENDRA KUMAR DOHARE,Uttar Pradesh,Inspect,District Authority,25.6,67,Marked completed but no photo evidence uploaded; No payment record yet — vendor pattern unverified,reactive
WS/MP18214/2024-2025/153368,JITENDRA KUMAR DOHARE,Uttar Pradesh,Inspect,District Authority,25.6,67,Marked completed but no photo evidence uploaded; No payment record yet — vendor pattern unverified,reactive
WS/MP18214/2024-2025/149238,JITENDRA KUMAR DOHARE,Uttar Pradesh,Inspect,District Authority,25.6,67,Marked completed but no photo evidence uploaded; No payment record yet — vendor pattern unverified,reactive
WS/MP18214/2024-2025/149237,JITENDRA KUMAR DOHARE,Uttar Pradesh,Inspect,District Authority,25.6,67,Marked completed but no photo evidence uploaded; No payment record yet — vendor pattern unverified,reactive
WS/MP18214/2024-2025/149236,JITENDRA KUMAR DOHARE,Uttar Pradesh,Inspect,District Authority,25.6,67,Marked completed but no photo evidence uploaded; No payment record yet — vendor pattern unverified,reactive
WS/MP582/2024-2025/147393,Prabhubhai Nagarbhai Vasava,Gujarat,Inspect,District Authority,25.6,67,Marked completed but no photo evidence uploaded; No payment record yet — vendor pattern unverified,reactive
WS/MP18214/2024-2025/153400,JITENDRA KUMAR DOHARE,Uttar Pradesh,Inspect,District Authority,25.6,67,Marked completed but no photo evidence uploaded; No payment record yet — vendor pattern unverified,reactive
WS/MP18214/2024-2025/153399,JITENDRA KUMAR DOHARE,Uttar Pradesh,Inspect,District Authority,25.6,67,Marked completed but no photo evidence uploaded; No payment record yet — vendor pattern unverified,reactive
WS/MP18214/2024-2025/153398,JITENDRA KUMAR DOHARE,Uttar Pradesh,Inspect,District Authority,25.6,67,Marked completed but no photo evidence uploaded; No payment record yet — vendor pattern unverified,reactive
WS/MP18214/2024-2025/153397,JITENDRA KUMAR DOHARE,Uttar Pradesh,Inspect,District Authority,25.6,67,Marked completed but no photo evidence uploaded; No payment record yet — vendor pattern unverified,reactive
WS/MP18214/2024-2025/149247,JITENDRA KUMAR DOHARE,Uttar Pradesh,Inspect,District Authority,25.6,67,Marked completed but no photo evidence uploaded; No payment record yet — vendor pattern unverified,reactive
WS/MP18214/2024-2025/149246,JITENDRA KUMAR DOHARE,Uttar Pradesh,Inspect,District Authority,25.6,67,Marked completed but no photo evidence uploaded; No payment record yet — vendor pattern unverified,reactive
WS/MP18214/2024-2025/149245,JITENDRA KUMAR DOHARE,Uttar Pradesh,Inspect,District Authority,25.6,67,Marked completed but no photo evidence uploaded; No payment record yet — vendor pattern unverified,reactive
WS/MP18214/2024-2025/149244,JITENDRA KUMAR DOHARE,Uttar Pradesh,Inspect,District Authority,25.6,67,Marked completed but no photo evidence uploaded; No payment record yet — vendor pattern unverified,reactive
WS/MP18214/2024-2025/149242,JITENDRA KUMAR DOHARE,Uttar Pradesh,Inspect,District Authority,25.6,67,Marked completed but no photo evidence uploaded; No payment record yet — vendor pattern unverified,reactive
WS/MP18214/2024-2025/149243,JITENDRA KUMAR DOHARE,Uttar Pradesh,Inspect,District Authority,25.6,67,Marked completed but no photo evidence uploaded; No payment record yet — vendor pattern unverified,reactive
WS/MP18214/2024-2025/149241,JITENDRA KUMAR DOHARE,Uttar Pradesh,Inspect,District Authority,25.6,67,Marked completed but no photo evidence uploaded; No payment record yet — vendor pattern unverified,reactive
WS/MP761/2024-2025/144936,Arvind Dharmapuri,Telangana,Inspect,District Authority,25.6,67,Marked completed but no photo evidence uploaded; No payment record yet — vendor pattern unverified,reactive
WS/MP18214/2024-2025/153369,JITENDRA KUMAR DOHARE,Uttar Pradesh,Inspect,District Authority,25.6,67,Marked completed but no photo evidence uploaded; No payment record yet — vendor pattern unverified,reactive
WS/MP18214/2024-2025/153367,JITENDRA KUMAR DOHARE,Uttar Pradesh,Inspect,District Authority,25.6,67,Marked completed but no photo evidence uploaded; No payment record yet — vendor pattern unverified,reactive
WS/MP18214/2024-2025/153418,JITENDRA KUMAR DOHARE,Uttar Pradesh,Inspect,District Authority,25.6,67,Marked completed but no photo evidence uploaded; No payment record yet — vendor pattern unverified,reactive
WS/MP18214/2024-2025/153392,JITENDRA KUMAR DOHARE,Uttar Pradesh,Inspect,District Authority,25.6,67,Marked completed but no photo evidence uploaded; No payment record yet — vendor pattern unverified,reactive
WS/MP18214/2024-2025/153393,JITENDRA KUMAR DOHARE,Uttar Pradesh,Inspect,District Authority,25.6,67,Marked completed but no photo evidence uploaded; No payment record yet — vendor pattern unverified,reactive
WS/MP18214/2024-2025/153394,JITENDRA KUMAR DOHARE,Uttar Pradesh,Inspect,District Authority,25.6,67,Marked completed but no photo evidence uploaded; No payment record yet — vendor pattern unverified,reactive
WS/MP18214/2024-2025/153395,JITENDRA KUMAR DOHARE,Uttar Pradesh,Inspect,District Authority,25.6,67,Marked completed but no photo evidence uploaded; No payment record yet — vendor pattern unverified,reactive
WS/MP18214/2024-2025/153396,JITENDRA KUMAR DOHARE,Uttar Pradesh,Inspect,District Authority,25.6,67,Marked completed but no photo evidence uploaded; No payment record yet — vendor pattern unverified,reactive
WS/MP18214/2024-2025/153389,JITENDRA KUMAR DOHARE,Uttar Pradesh,Inspect,District Authority,25.6,67,Marked completed but no photo evidence uploaded; No payment record yet — vendor pattern unverified,reactive
WS/MP18214/2024-2025/153390,JITENDRA KUMAR DOHARE,Uttar Pradesh,Inspect,District Authority,25.6,67,Marked completed but no photo evidence uploaded; No payment record yet — vendor pattern unverified,reactive
WS/MP18214/2024-2025/153391,JITENDRA KUMAR DOHARE,Uttar Pradesh,Inspect,District Authority,25.6,67,Marked completed but no photo evidence uploaded; No payment record yet — vendor pattern unverified,reactive
WS/MP18214/2024-2025/153421,JITENDRA KUMAR DOHARE,Uttar Pradesh,Inspect,District Authority,25.6,67,Marked completed but no photo evidence uploaded; No payment record yet — vendor pattern unverified,reactive
WS/MP18214/2024-2025/153419,JITENDRA KUMAR DOHARE,Uttar Pradesh,Inspect,District Authority,25.6,67,Marked completed but no photo evidence uploaded; No payment record yet — vendor pattern unverified,reactive
WS/MP18183/2025-2026/140775,MURASOLI S,Tamil Nadu,Inspect,District Authority,25.6,67,Marked completed but no photo evidence uploaded; No payment record yet — vendor pattern unverified,reactive
WS/MP18214/2024-2025/153420,JITENDRA KUMAR DOHARE,Uttar Pradesh,Inspect,District Authority,25.6,67,Marked completed but no photo evidence uploaded; No payment record yet — vendor pattern unverified,reactive
WS/MP386/2024-2025/145032,Shri Hanuman Beniwal,Rajasthan,Inspect,District Authority,25.6,67,Marked completed but no photo evidence uploaded; No payment record yet — vendor pattern unverified,reactive
WS/MP381/2024-2025/153020,Shri Gurjeet Singh Aujla,Punjab,Inspect,District Authority,25.6,67,Marked completed but no photo evidence uploaded; No payment record yet — vendor pattern unverified,reactive
WS/MP18214/2024-2025/153403,JITENDRA KUMAR DOHARE,Uttar Pradesh,Inspect,District Authority,25.6,67,Marked completed but no photo evidence uploaded; No payment record yet — vendor pattern unverified,reactive
WS/MP18214/2024-2025/153404,JITENDRA KUMAR DOHARE,Uttar Pradesh,Inspect,District Authority,25.6,67,Marked completed but no photo evidence uploaded; No payment record yet — vendor pattern unverified,reactive
WS/MP18214/2024-2025/153405,JITENDRA KUMAR DOHARE,Uttar Pradesh,Inspect,District Authority,25.6,67,Marked completed but no photo evidence uploaded; No payment record yet — vendor pattern unverified,reactive
WS/MP18214/2024-2025/153406,JITENDRA KUMAR DOHARE,Uttar Pradesh,Inspect,District Authority,25.6,67,Marked completed but no photo evidence uploaded; No payment record yet — vendor pattern unverified,reactive
WS/MP18214/2024-2025/153407,JITENDRA KUMAR DOHARE,Uttar Pradesh,Inspect,District Authority,25.6,67,Marked completed but no photo evidence uploaded; No payment record yet — vendor pattern unverified,reactive
WS/MP18214/2024-2025/153408,JITENDRA KUMAR DOHARE,Uttar Pradesh,Inspect,District Authority,25.6,67,Marked completed but no photo evidence uploaded; No payment record yet — vendor pattern unverified,reactive
WS/MP18214/2024-2025/153409,JITENDRA KUMAR DOHARE,Uttar Pradesh,Inspect,District Authority,25.6,67,Marked completed but no photo evidence uploaded; No payment record yet — vendor pattern unverified,reactive
WS/MP18214/2024-2025/153410,JITENDRA KUMAR DOHARE,Uttar Pradesh,Inspect,District Authority,25.6,67,Marked completed but no photo evidence uploaded; No payment record yet — vendor pattern unverified,reactive
WS/MP18214/2024-2025/153411,JITENDRA KUMAR DOHARE,Uttar Pradesh,Inspect,District Authority,25.6,67,Marked completed but no photo evidence uploaded; No payment record yet — vendor pattern unverified,reactive
WS/MP18214/2024-2025/153412,JITENDRA KUMAR DOHARE,Uttar Pradesh,Inspect,District Authority,25.6,67,Marked completed but no photo evidence uploaded; No payment record yet — vendor pattern unverified,reactive
WS/MP18214/2024-2025/153413,JITENDRA KUMAR DOHARE,Uttar Pradesh,Inspect,District Authority,25.6,67,Marked completed but no photo evidence uploaded; No payment record yet — vendor pattern unverified,reactive
WS/MP18214/2024-2025/153414,JITENDRA KUMAR DOHARE,Uttar Pradesh,Inspect,District Authority,25.6,67,Marked completed but no photo evidence uploaded; No payment record yet — vendor pattern unverified,reactive
WS/MP18214/2024-2025/153415,JITENDRA KUMAR DOHARE,Uttar Pradesh,Inspect,District Authority,25.6,67,Marked completed but no photo evidence uploaded; No payment record yet — vendor pattern unverified,reactive
WS/MP18214/2024-2025/153416,JITENDRA KUMAR DOHARE,Uttar Pradesh,Inspect,District Authority,25.6,67,Marked completed but no photo evidence uploaded; No payment record yet — vendor pattern unverified,reactive
WS/MP18214/2024-2025/153417,JITENDRA KUMAR DOHARE,Uttar Pradesh,Inspect,District Authority,25.6,67,Marked completed but no photo evidence uploaded; No payment record yet — vendor pattern unverified,reactive
WS/MP18328/2024-2025/148543,Kangana Ranaut,Himachal Pradesh,Inspect,District Authority,25.6,67,Marked completed but no photo evidence uploaded; No payment record yet — vendor pattern unverified,reactive
WS/MP18328/2024-2025/148531,Kangana Ranaut,Himachal Pradesh,Inspect,District Authority,25.6,67,Marked completed but no photo evidence uploaded; No payment record yet — vendor pattern unverified,reactive
WS/MP423/2024-2025/138271,Shri Abhishek Banerjee,West Bengal,Inspect,District Authority,25.4,67,Marked completed but no photo evidence uploaded; No payment record yet — vendor pattern unverified,reactive
WS/MP423/2024-2025/138267,Shri Abhishek Banerjee,West Bengal,Inspect,District Authority,25.4,67,Marked completed but no photo evidence uploaded; No payment record yet — vendor pattern unverified,reactive
WS/MP18238/2024-2025/145040,RAMASHANKAR RAJBHAR,Uttar Pradesh,Inspect,District Authority,25.3,67,Marked completed but no photo evidence uploaded; No payment record yet — vendor pattern unverified,reactive
WS/MP18238/2024-2025/145041,RAMASHANKAR RAJBHAR,Uttar Pradesh,Inspect,District Authority,25.3,67,Marked completed but no photo evidence uploaded; No payment record yet — vendor pattern unverified,reactive
WS/MP18238/2024-2025/145039,RAMASHANKAR RAJBHAR,Uttar Pradesh,Inspect,District Authority,25.3,67,Marked completed but no photo evidence uploaded; No payment record yet — vendor pattern unverified,reactive
WS/MP18238/2024-2025/145042,RAMASHANKAR RAJBHAR,Uttar Pradesh,Inspect,District Authority,25.3,67,Marked completed but no photo evidence uploaded; No payment record yet — vendor pattern unverified,reactive
WS/MP18153/2024-2025/141971,SHER SINGH GHUBAYA,Punjab,Inspect,District Authority,25.3,67,Marked completed but no photo evidence uploaded; No payment record yet — vendor pattern unverified,reactive
WS/MP18238/2024-2025/145046,RAMASHANKAR RAJBHAR,Uttar Pradesh,Inspect,District Authority,25.3,67,Marked completed but no photo evidence uploaded; No payment record yet — vendor pattern unverified,reactive
WS/MP18238/2024-2025/145043,RAMASHANKAR RAJBHAR,Uttar Pradesh,Inspect,District Authority,25.3,67,Marked completed but no photo evidence uploaded; No payment record yet — vendor pattern unverified,reactive
WS/MP18238/2024-2025/145045,RAMASHANKAR RAJBHAR,Uttar Pradesh,Inspect,District Authority,25.3,67,Marked completed but no photo evidence uploaded; No payment record yet — vendor pattern unverified,reactive
WS/MP18238/2024-2025/145049,RAMASHANKAR RAJBHAR,Uttar Pradesh,Inspect,District Authority,25.3,67,Marked completed but no photo evidence uploaded; No payment record yet — vendor pattern unverified,reactive
WS/MP18238/2024-2025/145038,RAMASHANKAR RAJBHAR,Uttar Pradesh,Inspect,District Authority,25.3,67,Marked completed but no photo evidence uploaded; No payment record yet — vendor pattern unverified,reactive
WS/MP18238/2024-2025/145048,RAMASHANKAR RAJBHAR,Uttar Pradesh,Inspect,District Authority,25.3,67,Marked completed but no photo evidence uploaded; No payment record yet — vendor pattern unverified,reactive
WS/MP18153/2024-2025/135265,SHER SINGH GHUBAYA,Punjab,Inspect,District Authority,25.3,67,Marked completed but no photo evidence uploaded; No payment record yet — vendor pattern unverified,reactive
WS/MP799/2024-2025/154650,Pankaj Chowdhary,Uttar Pradesh,Inspect,District Authority,25.3,67,Marked completed but no photo evidence uploaded; No payment record yet — vendor pattern unverified,reactive
WS/MP18153/2024-2025/135264,SHER SINGH GHUBAYA,Punjab,Inspect,District Authority,25.2,67,Marked completed but no photo evidence uploaded; No payment record yet — vendor pattern unverified,reactive
WS/MP18153/2024-2025/141973,SHER SINGH GHUBAYA,Punjab,Inspect,District Authority,25.1,67,Marked completed but no photo evidence uploaded; No payment record yet — vendor pattern unverified,reactive
WS/MP18205/2024-2025/148334,SANATAN PANDEY,Uttar Pradesh,Inspect,District Authority,25.0,67,Marked completed but no photo evidence uploaded; No payment record yet — vendor pattern unverified,reactive
WS/MP18205/2024-2025/148336,SANATAN PANDEY,Uttar Pradesh,Inspect,District Authority,25.0,67,Marked completed but no photo evidence uploaded; No payment record yet — vendor pattern unverified,reactive
WS/MP18039/2024-2025/152021,RAJESH VERMA,Bihar,Inspect,District Authority,25.0,67,Marked completed but no photo evidence uploaded; No payment record yet — vendor pattern unverified,reactive
WS/MP18138/2024-2025/149618,RICHARD VANLALHMANGAIHA,Mizoram,Inspect,District Authority,25.0,67,Marked completed but no photo evidence uploaded; No payment record yet — vendor pattern unverified,reactive
WS/MP18205/2024-2025/148335,SANATAN PANDEY,Uttar Pradesh,Inspect,District Authority,25.0,67,Marked completed but no photo evidence uploaded; No payment record yet — vendor pattern unverified,reactive
WS/MP453/2024-2025/153886,Saptagiri Sankar Ulaka,Odisha,Inspect,District Authority,24.9,67,Marked completed but no photo evidence uploaded; No payment record yet — vendor pattern unverified,reactive
WS/MP761/2024-2025/146612,Arvind Dharmapuri,Telangana,Inspect,District Authority,24.9,67,Marked completed but no photo evidence uploaded; No payment record yet — vendor pattern unverified,reactive
WS/MP453/2024-2025/153901,Saptagiri Sankar Ulaka,Odisha,Inspect,District Authority,24.8,67,Marked completed but no photo evidence uploaded; No payment record yet — vendor pattern unverified,reactive
WS/MP453/2024-2025/152908,Saptagiri Sankar Ulaka,Odisha,Inspect,District Authority,24.8,67,Marked completed but no photo evidence uploaded; No payment record yet — vendor pattern unverified,reactive
WS/MP453/2024-2025/153885,Saptagiri Sankar Ulaka,Odisha,Inspect,District Authority,24.8,67,Marked completed but no photo evidence uploaded; No payment record yet — vendor pattern unverified,reactive
WS/MP18153/2024-2025/137291,SHER SINGH GHUBAYA,Punjab,Inspect,District Authority,24.8,67,Marked completed but no photo evidence uploaded; No payment record yet — vendor pattern unverified,reactive
WS/MP18032/2024-2025/143626,SUDHAKAR SINGH,Bihar,Inspect,District Authority,24.8,67,Marked completed but no photo evidence uploaded; No payment record yet — vendor pattern unverified,reactive
WS/MP812/2024-2025/135425,Vijay Kumar Dubey,Uttar Pradesh,Inspect,District Authority,24.7,67,Marked completed but no photo evidence uploaded; No payment record yet — vendor pattern unverified,reactive
WS/MP812/2024-2025/135412,Vijay Kumar Dubey,Uttar Pradesh,Inspect,District Authority,24.7,67,Marked completed but no photo evidence uploaded; No payment record yet — vendor pattern unverified,reactive
WS/MP812/2025-2026/147504,Vijay Kumar Dubey,Uttar Pradesh,Inspect,District Authority,24.7,67,Marked completed but no photo evidence uploaded; No payment record yet — vendor pattern unverified,reactive
WS/MP812/2024-2025/135406,Vijay Kumar Dubey,Uttar Pradesh,Inspect,District Authority,24.7,67,Marked completed but no photo evidence uploaded; No payment record yet — vendor pattern unverified,reactive
WS/MP812/2024-2025/135420,Vijay Kumar Dubey,Uttar Pradesh,Inspect,District Authority,24.7,67,Marked completed but no photo evidence uploaded; No payment record yet — vendor pattern unverified,reactive
WS/MP812/2024-2025/135417,Vijay Kumar Dubey,Uttar Pradesh,Inspect,District Authority,24.7,67,Marked completed but no photo evidence uploaded; No payment record yet — vendor pattern unverified,reactive
WS/MP812/2024-2025/135416,Vijay Kumar Dubey,Uttar Pradesh,Inspect,District Authority,24.7,67,Marked completed but no photo evidence uploaded; No payment record yet — vendor pattern unverified,reactive
WS/MP812/2024-2025/135418,Vijay Kumar Dubey,Uttar Pradesh,Inspect,District Authority,24.7,67,Marked completed but no photo evidence uploaded; No payment record yet — vendor pattern unverified,reactive
WS/MP812/2024-2025/135419,Vijay Kumar Dubey,Uttar Pradesh,Inspect,District Authority,24.7,67,Marked completed but no photo evidence uploaded; No payment record yet — vendor pattern unverified,reactive
WS/MP812/2024-2025/135422,Vijay Kumar Dubey,Uttar Pradesh,Inspect,District Authority,24.7,67,Marked completed but no photo evidence uploaded; No payment record yet — vendor pattern unverified,reactive
WS/MP812/2024-2025/135423,Vijay Kumar Dubey,Uttar Pradesh,Inspect,District Authority,24.7,67,Marked completed but no photo evidence uploaded; No payment record yet — vendor pattern unverified,reactive
WS/MP812/2025-2026/135815,Vijay Kumar Dubey,Uttar Pradesh,Inspect,District Authority,24.7,67,Marked completed but no photo evidence uploaded; No payment record yet — vendor pattern unverified,reactive
WS/MP812/2024-2025/135428,Vijay Kumar Dubey,Uttar Pradesh,Inspect,District Authority,24.7,67,Marked completed but no photo evidence uploaded; No payment record yet — vendor pattern unverified,reactive
WS/MP812/2024-2025/135430,Vijay Kumar Dubey,Uttar Pradesh,Inspect,District Authority,24.7,67,Marked completed but no photo evidence uploaded; No payment record yet — vendor pattern unverified,reactive
WS/MP812/2024-2025/135431,Vijay Kumar Dubey,Uttar Pradesh,Inspect,District Authority,24.7,67,Marked completed but no photo evidence uploaded; No payment record yet — vendor pattern unverified,reactive
WS/MP812/2024-2025/135424,Vijay Kumar Dubey,Uttar Pradesh,Inspect,District Authority,24.7,67,Marked completed but no photo evidence uploaded; No payment record yet — vendor pattern unverified,reactive
WS/MP812/2024-2025/135413,Vijay Kumar Dubey,Uttar Pradesh,Inspect,District Authority,24.7,67,Marked completed but no photo evidence uploaded; No payment record yet — vendor pattern unverified,reactive
WS/MP812/2024-2025/135410,Vijay Kumar Dubey,Uttar Pradesh,Inspect,District Authority,24.7,67,Marked completed but no photo evidence uploaded; No payment record yet — vendor pattern unverified,reactive
WS/MP812/2024-2025/135408,Vijay Kumar Dubey,Uttar Pradesh,Inspect,District Authority,24.7,67,Marked completed but no photo evidence uploaded; No payment record yet — vendor pattern unverified,reactive
WS/MP812/2024-2025/135407,Vijay Kumar Dubey,Uttar Pradesh,Inspect,District Authority,24.7,67,Marked completed but no photo evidence uploaded; No payment record yet — vendor pattern unverified,reactive
WS/MP812/2024-2025/147494,Vijay Kumar Dubey,Uttar Pradesh,Inspect,District Authority,24.7,67,Marked completed but no photo evidence uploaded; No payment record yet — vendor pattern unverified,reactive
WS/MP18188/2024-2025/149986,KONDA VISHWESHWAR REDDY,Telangana,Inspect,District Authority,24.7,67,Marked completed but no photo evidence uploaded; No payment record yet — vendor pattern unverified,reactive
WS/MP812/2024-2025/135409,Vijay Kumar Dubey,Uttar Pradesh,Inspect,District Authority,24.7,67,Marked completed but no photo evidence uploaded; No payment record yet — vendor pattern unverified,reactive
WS/MP549/2024-2025/141672,Giridhari Yadav,Bihar,Inspect,District Authority,24.6,67,Marked completed but no photo evidence uploaded; No payment record yet — vendor pattern unverified,reactive
WS/MP549/2024-2025/141669,Giridhari Yadav,Bihar,Inspect,District Authority,24.6,67,Marked completed but no photo evidence uploaded; No payment record yet — vendor pattern unverified,reactive
WS/MP549/2024-2025/141670,Giridhari Yadav,Bihar,Inspect,District Authority,24.6,67,Marked completed but no photo evidence uploaded; No payment record yet — vendor pattern unverified,reactive
WS/MP18213/2024-2025/155420,DEVESH SHAKYA,Uttar Pradesh,Inspect,District Authority,24.6,67,Marked completed but no photo evidence uploaded; No payment record yet — vendor pattern unverified,reactive
WS/MP18213/2024-2025/155392,DEVESH SHAKYA,Uttar Pradesh,Inspect,District Authority,24.6,67,Marked completed but no photo evidence uploaded; No payment record yet — vendor pattern unverified,reactive
WS/MP18213/2024-2025/155394,DEVESH SHAKYA,Uttar Pradesh,Inspect,District Authority,24.6,67,Marked completed but no photo evidence uploaded; No payment record yet — vendor pattern unverified,reactive
WS/MP18043/2024-2025/140454,MANOJ KUMAR,Bihar,Inspect,District Authority,24.6,67,Marked completed but no photo evidence uploaded; No payment record yet — vendor pattern unverified,reactive
WS/MP18188/2024-2025/155202,KONDA VISHWESHWAR REDDY,Telangana,Inspect,District Authority,24.6,67,Marked completed but no photo evidence uploaded; No payment record yet — vendor pattern unverified,reactive
WS/MP18213/2024-2025/155326,DEVESH SHAKYA,Uttar Pradesh,Inspect,District Authority,24.6,67,Marked completed but no photo evidence uploaded; No payment record yet — vendor pattern unverified,reactive
WS/MP18213/2024-2025/155325,DEVESH SHAKYA,Uttar Pradesh,Inspect,District Authority,24.6,67,Marked completed but no photo evidence uploaded; No payment record yet — vendor pattern unverified,reactive
WS/MP18213/2024-2025/155396,DEVESH SHAKYA,Uttar Pradesh,Inspect,District Authority,24.6,67,Marked completed but no photo evidence uploaded; No payment record yet — vendor pattern unverified,reactive
WS/MP18213/2024-2025/155460,DEVESH SHAKYA,Uttar Pradesh,Inspect,District Authority,24.6,67,Marked completed but no photo evidence uploaded; No payment record yet — vendor pattern unverified,reactive
WS/MP641/2024-2025/133905,Gajendra Singh Patel,Madhya Pradesh,Inspect,District Authority,24.6,67,Marked completed but no photo evidence uploaded; No payment record yet — vendor pattern unverified,reactive
WS/MP549/2024-2025/141671,Giridhari Yadav,Bihar,Inspect,District Authority,24.6,67,Marked completed but no photo evidence uploaded; No payment record yet — vendor pattern unverified,reactive
WS/MP549/2024-2025/141673,Giridhari Yadav,Bihar,Inspect,District Authority,24.6,67,Marked completed but no photo evidence uploaded; No payment record yet — vendor pattern unverified,reactive
WS/MP549/2024-2025/141674,Giridhari Yadav,Bihar,Inspect,District Authority,24.6,67,Marked completed but no photo evidence uploaded; No payment record yet — vendor pattern unverified,reactive
WS/MP552/2024-2025/138179,Radha Mohan Singh,Bihar,Inspect,District Authority,24.6,67,Marked completed but no photo evidence uploaded; No payment record yet — vendor pattern unverified,reactive
WS/MP18253/2024-2025/141458,BAPI HALDAR,West Bengal,Inspect,District Authority,24.6,67,Marked completed but no photo evidence uploaded; No payment record yet — vendor pattern unverified,reactive
WS/MP761/2024-2025/144991,Arvind Dharmapuri,Telangana,Inspect,District Authority,24.6,67,Marked completed but no photo evidence uploaded; No payment record yet — vendor pattern unverified,reactive
WS/MP386/2024-2025/144926,Shri Hanuman Beniwal,Rajasthan,Inspect,District Authority,24.6,67,Marked completed but no photo evidence uploaded; No payment record yet — vendor pattern unverified,reactive
WS/MP18188/2025-2026/151473,KONDA VISHWESHWAR REDDY,Telangana,Inspect,District Authority,24.6,67,Marked completed but no photo evidence uploaded; No payment record yet — vendor pattern unverified,reactive
WS/MP18188/2025-2026/155206,KONDA VISHWESHWAR REDDY,Telangana,Inspect,District Authority,24.6,67,Marked completed but no photo evidence uploaded; No payment record yet — vendor pattern unverified,reactive
WS/MP18188/2024-2025/155207,KONDA VISHWESHWAR REDDY,Telangana,Inspect,District Authority,24.6,67,Marked completed but no photo evidence uploaded; No payment record yet — vendor pattern unverified,reactive
WS/MP18152/2024-2025/133692,SARABJEET SINGH KHALSA,Punjab,Inspect,District Authority,24.6,67,Marked completed but no photo evidence uploaded; No payment record yet — vendor pattern unverified,reactive
WS/MP18213/2024-2025/155399,DEVESH SHAKYA,Uttar Pradesh,Inspect,District Authority,24.6,67,Marked completed but no photo evidence uploaded; No payment record yet — vendor pattern unverified,reactive
WS/MP18213/2024-2025/155398,DEVESH SHAKYA,Uttar Pradesh,Inspect,District Authority,24.6,67,Marked completed but no photo evidence uploaded; No payment record yet — vendor pattern unverified,reactive
WS/MP18152/2024-2025/133697,SARABJEET SINGH KHALSA,Punjab,Inspect,District Authority,24.6,67,Marked completed but no photo evidence uploaded; No payment record yet — vendor pattern unverified,reactive
WS/MP18213/2024-2025/155395,DEVESH SHAKYA,Uttar Pradesh,Inspect,District Authority,24.6,67,Marked completed but no photo evidence uploaded; No payment record yet — vendor pattern unverified,reactive
WS/MP18213/2024-2025/155320,DEVESH SHAKYA,Uttar Pradesh,Inspect,District Authority,24.6,67,Marked completed but no photo evidence uploaded; No payment record yet — vendor pattern unverified,reactive
WS/MP18213/2024-2025/155318,DEVESH SHAKYA,Uttar Pradesh,Inspect,District Authority,24.6,67,Marked completed but no photo evidence uploaded; No payment record yet — vendor pattern unverified,reactive
WS/MP18213/2024-2025/155323,DEVESH SHAKYA,Uttar Pradesh,Inspect,District Authority,24.6,67,Marked completed but no photo evidence uploaded; No payment record yet — vendor pattern unverified,reactive
WS/MP18213/2024-2025/155324,DEVESH SHAKYA,Uttar Pradesh,Inspect,District Authority,24.6,67,Marked completed but no photo evidence uploaded; No payment record yet — vendor pattern unverified,reactive
WS/MP18213/2024-2025/155322,DEVESH SHAKYA,Uttar Pradesh,Inspect,District Authority,24.6,67,Marked completed but no photo evidence uploaded; No payment record yet — vendor pattern unverified,reactive
WS/MP18213/2024-2025/155321,DEVESH SHAKYA,Uttar Pradesh,Inspect,District Authority,24.6,67,Marked completed but no photo evidence uploaded; No payment record yet — vendor pattern unverified,reactive
WS/MP18213/2024-2025/155393,DEVESH SHAKYA,Uttar Pradesh,Inspect,District Authority,24.6,67,Marked completed but no photo evidence uploaded; No payment record yet — vendor pattern unverified,reactive
WS/MP797/2024-2025/150962,Mukesh Rajput,Uttar Pradesh,Inspect,District Authority,24.6,67,Marked completed but no photo evidence uploaded; No payment record yet — vendor pattern unverified,reactive
WS/MP797/2024-2025/150963,Mukesh Rajput,Uttar Pradesh,Inspect,District Authority,24.6,67,Marked completed but no photo evidence uploaded; No payment record yet — vendor pattern unverified,reactive
WS/MP797/2024-2025/150964,Mukesh Rajput,Uttar Pradesh,Inspect,District Authority,24.6,67,Marked completed but no photo evidence uploaded; No payment record yet — vendor pattern unverified,reactive
WS/MP797/2024-2025/150961,Mukesh Rajput,Uttar Pradesh,Inspect,District Authority,24.6,67,Marked completed but no photo evidence uploaded; No payment record yet — vendor pattern unverified,reactive
WS/MP549/2024-2025/141667,Giridhari Yadav,Bihar,Inspect,District Authority,24.6,67,Marked completed but no photo evidence uploaded; No payment record yet — vendor pattern unverified,reactive
WS/MP549/2024-2025/141666,Giridhari Yadav,Bihar,Inspect,District Authority,24.6,67,Marked completed but no photo evidence uploaded; No payment record yet — vendor pattern unverified,reactive
WS/MP18338/2024-2025/153024,CHAMALA KIRAN KUMAR REDDY,Telangana,Inspect,District Authority,24.6,67,Marked completed but no photo evidence uploaded; No payment record yet — vendor pattern unverified,reactive
WS/MP386/2024-2025/145054,Shri Hanuman Beniwal,Rajasthan,Inspect,District Authority,24.6,67,Marked completed but no photo evidence uploaded; No payment record yet — vendor pattern unverified,reactive
WS/MP386/2024-2025/145055,Shri Hanuman Beniwal,Rajasthan,Inspect,District Authority,24.6,67,Marked completed but no photo evidence uploaded; No payment record yet — vendor pattern unverified,reactive
WS/MP797/2024-2025/150968,Mukesh Rajput,Uttar Pradesh,Inspect,District Authority,24.6,67,Marked completed but no photo evidence uploaded; No payment record yet — vendor pattern unverified,reactive
WS/MP797/2024-2025/150969,Mukesh Rajput,Uttar Pradesh,Inspect,District Authority,24.6,67,Marked completed but no photo evidence uploaded; No payment record yet — vendor pattern unverified,reactive
WS/MP797/2024-2025/150973,Mukesh Rajput,Uttar Pradesh,Inspect,District Authority,24.6,67,Marked completed but no photo evidence uploaded; No payment record yet — vendor pattern unverified,reactive
WS/MP797/2024-2025/150972,Mukesh Rajput,Uttar Pradesh,Inspect,District Authority,24.6,67,Marked completed but no photo evidence uploaded; No payment record yet — vendor pattern unverified,reactive
WS/MP797/2024-2025/150971,Mukesh Rajput,Uttar Pradesh,Inspect,District Authority,24.6,67,Marked completed but no photo evidence uploaded; No payment record yet — vendor pattern unverified,reactive
WS/MP797/2024-2025/150970,Mukesh Rajput,Uttar Pradesh,Inspect,District Authority,24.6,67,Marked completed but no photo evidence uploaded; No payment record yet — vendor pattern unverified,reactive
WS/MP797/2024-2025/150974,Mukesh Rajput,Uttar Pradesh,Inspect,District Authority,24.6,67,Marked completed but no photo evidence uploaded; No payment record yet — vendor pattern unverified,reactive
WS/MP797/2024-2025/150975,Mukesh Rajput,Uttar Pradesh,Inspect,District Authority,24.6,67,Marked completed but no photo evidence uploaded; No payment record yet — vendor pattern unverified,reactive
WS/MP797/2024-2025/150976,Mukesh Rajput,Uttar Pradesh,Inspect,District Authority,24.6,67,Marked completed but no photo evidence uploaded; No payment record yet — vendor pattern unverified,reactive
WS/MP797/2024-2025/150977,Mukesh Rajput,Uttar Pradesh,Inspect,District Authority,24.6,67,Marked completed but no photo evidence uploaded; No payment record yet — vendor pattern unverified,reactive
WS/MP761/2024-2025/147237,Arvind Dharmapuri,Telangana,Inspect,District Authority,24.6,67,Marked completed but no photo evidence uploaded; No payment record yet — vendor pattern unverified,reactive
WS/MP761/2024-2025/148991,Arvind Dharmapuri,Telangana,Inspect,District Authority,24.6,67,Marked completed but no photo evidence uploaded; No payment record yet — vendor pattern unverified,reactive
WS/MP18172/2024-2025/149108,MANNA LAL RAWAT,Rajasthan,Inspect,District Authority,24.6,67,Marked completed but no photo evidence uploaded; No payment record yet — vendor pattern unverified,reactive
WS/MP18172/2024-2025/149133,MANNA LAL RAWAT,Rajasthan,Inspect,District Authority,24.6,67,Marked completed but no photo evidence uploaded; No payment record yet — vendor pattern unverified,reactive
WS/MP18238/2024-2025/145007,RAMASHANKAR RAJBHAR,Uttar Pradesh,Inspect,District Authority,24.6,67,Marked completed but no photo evidence uploaded; No payment record yet — vendor pattern unverified,reactive
WS/MP761/2024-2025/145015,Arvind Dharmapuri,Telangana,Inspect,District Authority,24.6,67,Marked completed but no photo evidence uploaded; No payment record yet — vendor pattern unverified,reactive
WS/MP761/2024-2025/144987,Arvind Dharmapuri,Telangana,Inspect,District Authority,24.6,67,Marked completed but no photo evidence uploaded; No payment record yet — vendor pattern unverified,reactive
WS/MP797/2024-2025/150981,Mukesh Rajput,Uttar Pradesh,Inspect,District Authority,24.6,67,Marked completed but no photo evidence uploaded; No payment record yet — vendor pattern unverified,reactive
WS/MP797/2024-2025/150979,Mukesh Rajput,Uttar Pradesh,Inspect,District Authority,24.6,67,Marked completed but no photo evidence uploaded; No payment record yet — vendor pattern unverified,reactive
WS/MP797/2024-2025/150980,Mukesh Rajput,Uttar Pradesh,Inspect,District Authority,24.6,67,Marked completed but no photo evidence uploaded; No payment record yet — vendor pattern unverified,reactive
WS/MP797/2024-2025/150978,Mukesh Rajput,Uttar Pradesh,Inspect,District Authority,24.6,67,Marked completed but no photo evidence uploaded; No payment record yet — vendor pattern unverified,reactive
WS/MP549/2024-2025/141665,Giridhari Yadav,Bihar,Inspect,District Authority,24.6,67,Marked completed but no photo evidence uploaded; No payment record yet — vendor pattern unverified,reactive
WS/MP582/2024-2025/141923,Prabhubhai Nagarbhai Vasava,Gujarat,Inspect,District Authority,24.6,67,Marked completed but no photo evidence uploaded; No payment record yet — vendor pattern unverified,reactive
WS/MP797/2024-2025/150967,Mukesh Rajput,Uttar Pradesh,Inspect,District Authority,24.6,67,Marked completed but no photo evidence uploaded; No payment record yet — vendor pattern unverified,reactive
WS/MP797/2024-2025/150966,Mukesh Rajput,Uttar Pradesh,Inspect,District Authority,24.6,67,Marked completed but no photo evidence uploaded; No payment record yet — vendor pattern unverified,reactive
WS/MP797/2024-2025/150965,Mukesh Rajput,Uttar Pradesh,Inspect,District Authority,24.6,67,Marked completed but no photo evidence uploaded; No payment record yet — vendor pattern unverified,reactive
WS/MP18313/2024-2025/147437,RAJ KUMAR ROAT,Rajasthan,Inspect,District Authority,24.6,67,Marked completed but no photo evidence uploaded; No payment record yet — vendor pattern unverified,reactive
WS/MP453/2024-2025/152909,Saptagiri Sankar Ulaka,Odisha,Inspect,District Authority,24.6,67,Marked completed but no photo evidence uploaded; No payment record yet — vendor pattern unverified,reactive
WS/MP453/2024-2025/152905,Saptagiri Sankar Ulaka,Odisha,Inspect,District Authority,24.6,67,Marked completed but no photo evidence uploaded; No payment record yet — vendor pattern unverified,reactive
WS/MP18335/2024-2025/150808,RADHE SHYAM RATHIYA,Chhattisgarh,Inspect,District Authority,24.6,67,Marked completed but no photo evidence uploaded; No payment record yet — vendor pattern unverified,reactive
WS/MP453/2024-2025/153899,Saptagiri Sankar Ulaka,Odisha,Inspect,District Authority,24.6,67,Marked completed but no photo evidence uploaded; No payment record yet — vendor pattern unverified,reactive
WS/MP453/2024-2025/153898,Saptagiri Sankar Ulaka,Odisha,Inspect,District Authority,24.6,67,Marked completed but no photo evidence uploaded; No payment record yet — vendor pattern unverified,reactive
WS/MP18153/2024-2025/137284,SHER SINGH GHUBAYA,Punjab,Inspect,District Authority,24.6,67,Marked completed but no photo evidence uploaded; No payment record yet — vendor pattern unverified,reactive
WS/MP18253/2024-2025/141456,BAPI HALDAR,West Bengal,Inspect,District Authority,24.6,67,Marked completed but no photo evidence uploaded; No payment record yet — vendor pattern unverified,reactive
WS/MP453/2024-2025/153893,Saptagiri Sankar Ulaka,Odisha,Inspect,District Authority,24.6,67,Marked completed but no photo evidence uploaded; No payment record yet — vendor pattern unverified,reactive
WS/MP18205/2024-2025/148333,SANATAN PANDEY,Uttar Pradesh,Inspect,District Authority,24.6,67,Marked completed but no photo evidence uploaded; No payment record yet — vendor pattern unverified,reactive
WS/MP453/2024-2025/153892,Saptagiri Sankar Ulaka,Odisha,Inspect,District Authority,24.6,67,Marked completed but no photo evidence uploaded; No payment record yet — vendor pattern unverified,reactive
WS/MP549/2024-2025/142140,Giridhari Yadav,Bihar,Inspect,District Authority,24.6,67,Marked completed but no photo evidence uploaded; No payment record yet — vendor pattern unverified,reactive
WS/MP18152/2024-2025/141220,SARABJEET SINGH KHALSA,Punjab,Inspect,District Authority,24.6,67,Marked completed but no photo evidence uploaded; No payment record yet — vendor pattern unverified,reactive
WS/MP18152/2024-2025/141221,SARABJEET SINGH KHALSA,Punjab,Inspect,District Authority,24.6,67,Marked completed but no photo evidence uploaded; No payment record yet — vendor pattern unverified,reactive
WS/MP18152/2024-2025/137637,SARABJEET SINGH KHALSA,Punjab,Inspect,District Authority,24.6,67,Marked completed but no photo evidence uploaded; No payment record yet — vendor pattern unverified,reactive
WS/MP386/2024-2025/142536,Shri Hanuman Beniwal,Rajasthan,Inspect,District Authority,24.6,67,Marked completed but no photo evidence uploaded; No payment record yet — vendor pattern unverified,reactive
WS/MP18152/2024-2025/141187,SARABJEET SINGH KHALSA,Punjab,Inspect,District Authority,24.6,67,Marked completed but no photo evidence uploaded; No payment record yet — vendor pattern unverified,reactive
WS/MP18153/2024-2025/137280,SHER SINGH GHUBAYA,Punjab,Inspect,District Authority,24.6,67,Marked completed but no photo evidence uploaded; No payment record yet — vendor pattern unverified,reactive
WS/MP18152/2024-2025/141219,SARABJEET SINGH KHALSA,Punjab,Inspect,District Authority,24.6,67,Marked completed but no photo evidence uploaded; No payment record yet — vendor pattern unverified,reactive
WS/MP18153/2024-2025/137293,SHER SINGH GHUBAYA,Punjab,Inspect,District Authority,24.6,67,Marked completed but no photo evidence uploaded; No payment record yet — vendor pattern unverified,reactive
WS/MP18152/2024-2025/137631,SARABJEET SINGH KHALSA,Punjab,Inspect,District Authority,24.6,67,Marked completed but no photo evidence uploaded; No payment record yet — vendor pattern unverified,reactive
WS/MP18152/2024-2025/137641,SARABJEET SINGH KHALSA,Punjab,Inspect,District Authority,24.6,67,Marked completed but no photo evidence uploaded; No payment record yet — vendor pattern unverified,reactive
WS/MP18152/2024-2025/137640,SARABJEET SINGH KHALSA,Punjab,Inspect,District Authority,24.6,67,Marked completed but no photo evidence uploaded; No payment record yet — vendor pattern unverified,reactive
WS/MP18153/2024-2025/135255,SHER SINGH GHUBAYA,Punjab,Inspect,District Authority,24.6,67,Marked completed but no photo evidence uploaded; No payment record yet — vendor pattern unverified,reactive
WS/MP18173/2024-2025/139192,THARANIVENTHAN M S,Tamil Nadu,Inspect,District Authority,24.6,67,Marked completed but no photo evidence uploaded; No payment record yet — vendor pattern unverified,reactive
WS/MP18213/2024-2025/155316,DEVESH SHAKYA,Uttar Pradesh,Inspect,District Authority,24.6,67,Marked completed but no photo evidence uploaded; No payment record yet — vendor pattern unverified,reactive
WS/MP18213/2024-2025/155314,DEVESH SHAKYA,Uttar Pradesh,Inspect,District Authority,24.6,67,Marked completed but no photo evidence uploaded; No payment record yet — vendor pattern unverified,reactive
WS/MP18213/2024-2025/155313,DEVESH SHAKYA,Uttar Pradesh,Inspect,District Authority,24.6,67,Marked completed but no photo evidence uploaded; No payment record yet — vendor pattern unverified,reactive
WS/MP18213/2024-2025/155312,DEVESH SHAKYA,Uttar Pradesh,Inspect,District Authority,24.6,67,Marked completed but no photo evidence uploaded; No payment record yet — vendor pattern unverified,reactive
WS/MP18213/2024-2025/155449,DEVESH SHAKYA,Uttar Pradesh,Inspect,District Authority,24.6,67,Marked completed but no photo evidence uploaded; No payment record yet — vendor pattern unverified,reactive
WS/MP18213/2024-2025/155447,DEVESH SHAKYA,Uttar Pradesh,Inspect,District Authority,24.6,67,Marked completed but no photo evidence uploaded; No payment record yet — vendor pattern unverified,reactive
WS/MP18213/2024-2025/155446,DEVESH SHAKYA,Uttar Pradesh,Inspect,District Authority,24.6,67,Marked completed but no photo evidence uploaded; No payment record yet — vendor pattern unverified,reactive
WS/MP18213/2024-2025/155445,DEVESH SHAKYA,Uttar Pradesh,Inspect,District Authority,24.6,67,Marked completed but no photo evidence uploaded; No payment record yet — vendor pattern unverified,reactive
WS/MP18213/2024-2025/155443,DEVESH SHAKYA,Uttar Pradesh,Inspect,District Authority,24.6,67,Marked completed but no photo evidence uploaded; No payment record yet — vendor pattern unverified,reactive
WS/MP18213/2024-2025/155435,DEVESH SHAKYA,Uttar Pradesh,Inspect,District Authority,24.6,67,Marked completed but no photo evidence uploaded; No payment record yet — vendor pattern unverified,reactive
WS/MP18213/2024-2025/155422,DEVESH SHAKYA,Uttar Pradesh,Inspect,District Authority,24.6,67,Marked completed but no photo evidence uploaded; No payment record yet — vendor pattern unverified,reactive
WS/MP423/2024-2025/138270,Shri Abhishek Banerjee,West Bengal,Inspect,District Authority,24.5,67,Marked completed but no photo evidence uploaded; No payment record yet — vendor pattern unverified,reactive
WS/MP18172/2024-2025/149104,MANNA LAL RAWAT,Rajasthan,Inspect,District Authority,24.5,67,Marked completed but no photo evidence uploaded; No payment record yet — vendor pattern unverified,reactive
WS/MP18253/2024-2025/141440,BAPI HALDAR,West Bengal,Inspect,District Authority,24.4,67,Marked completed but no photo evidence uploaded; No payment record yet — vendor pattern unverified,reactive
WS/MP18253/2024-2025/141449,BAPI HALDAR,West Bengal,Inspect,District Authority,24.4,67,Marked completed but no photo evidence uploaded; No payment record yet — vendor pattern unverified,reactive
WS/MP18153/2024-2025/135257,SHER SINGH GHUBAYA,Punjab,Inspect,District Authority,24.4,67,Marked completed but no photo evidence uploaded; No payment record yet — vendor pattern unverified,reactive
WS/MP386/2024-2025/145067,Shri Hanuman Beniwal,Rajasthan,Inspect,District Authority,24.4,67,Marked completed but no photo evidence uploaded; No payment record yet — vendor pattern unverified,reactive
WS/MP18335/2024-2025/152936,RADHE SHYAM RATHIYA,Chhattisgarh,Inspect,District Authority,24.4,67,Marked completed but no photo evidence uploaded; No payment record yet — vendor pattern unverified,reactive
WS/MP485/2024-2025/136221,Pratima Mondal,West Bengal,Inspect,District Authority,24.4,67,Marked completed but no photo evidence uploaded; No payment record yet — vendor pattern unverified,reactive
WS/MP485/2024-2025/136222,Pratima Mondal,West Bengal,Inspect,District Authority,24.4,67,Marked completed but no photo evidence uploaded; No payment record yet — vendor pattern unverified,reactive
WS/MP18153/2024-2025/135261,SHER SINGH GHUBAYA,Punjab,Inspect,District Authority,24.4,67,Marked completed but no photo evidence uploaded; No payment record yet — vendor pattern unverified,reactive
WS/MP485/2024-2025/136220,Pratima Mondal,West Bengal,Inspect,District Authority,24.4,67,Marked completed but no photo evidence uploaded; No payment record yet — vendor pattern unverified,reactive
WS/MP386/2024-2025/142455,Shri Hanuman Beniwal,Rajasthan,Inspect,District Authority,24.4,67,Marked completed but no photo evidence uploaded; No payment record yet — vendor pattern unverified,reactive
WS/MP18335/2024-2025/152929,RADHE SHYAM RATHIYA,Chhattisgarh,Inspect,District Authority,24.4,67,Marked completed but no photo evidence uploaded; No payment record yet — vendor pattern unverified,reactive
WS/MP18173/2024-2025/137929,THARANIVENTHAN M S,Tamil Nadu,Inspect,District Authority,24.3,67,Marked completed but no photo evidence uploaded; No payment record yet — vendor pattern unverified,reactive
WS/MP453/2024-2025/153894,Saptagiri Sankar Ulaka,Odisha,Inspect,District Authority,24.3,67,Marked completed but no photo evidence uploaded; No payment record yet — vendor pattern unverified,reactive
WS/MP18153/2024-2025/141987,SHER SINGH GHUBAYA,Punjab,Inspect,District Authority,24.3,67,Marked completed but no photo evidence uploaded; No payment record yet — vendor pattern unverified,reactive
WS/MP18153/2024-2025/141978,SHER SINGH GHUBAYA,Punjab,Inspect,District Authority,24.3,67,Marked completed but no photo evidence uploaded; No payment record yet — vendor pattern unverified,reactive
WS/MP18153/2024-2025/141982,SHER SINGH GHUBAYA,Punjab,Inspect,District Authority,24.3,67,Marked completed but no photo evidence uploaded; No payment record yet — vendor pattern unverified,reactive
WS/MP18153/2024-2025/141986,SHER SINGH GHUBAYA,Punjab,Inspect,District Authority,24.3,67,Marked completed but no photo evidence uploaded; No payment record yet — vendor pattern unverified,reactive
WS/MP18153/2024-2025/141975,SHER SINGH GHUBAYA,Punjab,Inspect,District Authority,24.3,67,Marked completed but no photo evidence uploaded; No payment record yet — vendor pattern unverified,reactive
WS/MP18032/2024-2025/137007,SUDHAKAR SINGH,Bihar,Inspect,District Authority,24.3,67,Marked completed but no photo evidence uploaded; No payment record yet — vendor pattern unverified,reactive
WS/MP18153/2024-2025/137287,SHER SINGH GHUBAYA,Punjab,Inspect,District Authority,24.3,67,Marked completed but no photo evidence uploaded; No payment record yet — vendor pattern unverified,reactive
WS/MP18153/2024-2025/141991,SHER SINGH GHUBAYA,Punjab,Inspect,District Authority,24.3,67,Marked completed but no photo evidence uploaded; No payment record yet — vendor pattern unverified,reactive
WS/MP18153/2024-2025/141983,SHER SINGH GHUBAYA,Punjab,Inspect,District Authority,24.3,67,Marked completed but no photo evidence uploaded; No payment record yet — vendor pattern unverified,reactive
WS/MP18153/2024-2025/137289,SHER SINGH GHUBAYA,Punjab,Inspect,District Authority,24.2,67,Marked completed but no photo evidence uploaded; No payment record yet — vendor pattern unverified,reactive
WS/MP18253/2024-2025/141455,BAPI HALDAR,West Bengal,Inspect,District Authority,24.2,67,Marked completed but no photo evidence uploaded; No payment record yet — vendor pattern unverified,reactive
WS/MP18153/2024-2025/137285,SHER SINGH GHUBAYA,Punjab,Inspect,District Authority,24.2,67,Marked completed but no photo evidence uploaded; No payment record yet — vendor pattern unverified,reactive
WS/MP18153/2024-2025/137290,SHER SINGH GHUBAYA,Punjab,Inspect,District Authority,24.2,67,Marked completed but no photo evidence uploaded; No payment record yet — vendor pattern unverified,reactive
WS/MP18153/2024-2025/137286,SHER SINGH GHUBAYA,Punjab,Inspect,District Authority,24.2,67,Marked completed but no photo evidence uploaded; No payment record yet — vendor pattern unverified,reactive
WS/MP18153/2024-2025/137282,SHER SINGH GHUBAYA,Punjab,Inspect,District Authority,24.2,67,Marked completed but no photo evidence uploaded; No payment record yet — vendor pattern unverified,reactive
WS/MP18221/2024-2025/141011,NARAYAN DAS AHIRWAR,Uttar Pradesh,Inspect,District Authority,24.2,67,Marked completed but no photo evidence uploaded; 16 works share identical description+amount under this MP/constituency — review for duplicate billing (may be legitimate bulk procurement); No payment record yet — vendor pattern unverified,reactive
WS/MP18221/2024-2025/141016,NARAYAN DAS AHIRWAR,Uttar Pradesh,Inspect,District Authority,24.2,67,Marked completed but no photo evidence uploaded; 16 works share identical description+amount under this MP/constituency — review for duplicate billing (may be legitimate bulk procurement); No payment record yet — vendor pattern unverified,reactive
WS/MP18221/2024-2025/141015,NARAYAN DAS AHIRWAR,Uttar Pradesh,Inspect,District Authority,24.2,67,Marked completed but no photo evidence uploaded; 16 works share identical description+amount under this MP/constituency — review for duplicate billing (may be legitimate bulk procurement); No payment record yet — vendor pattern unverified,reactive
WS/MP18221/2024-2025/141012,NARAYAN DAS AHIRWAR,Uttar Pradesh,Inspect,District Authority,24.2,67,Marked completed but no photo evidence uploaded; 16 works share identical description+amount under this MP/constituency — review for duplicate billing (may be legitimate bulk procurement); No payment record yet — vendor pattern unverified,reactive
WS/MP18221/2024-2025/141019,NARAYAN DAS AHIRWAR,Uttar Pradesh,Inspect,District Authority,24.2,67,Marked completed but no photo evidence uploaded; 16 works share identical description+amount under this MP/constituency — review for duplicate billing (may be legitimate bulk procurement); No payment record yet — vendor pattern unverified,reactive
WS/MP18153/2024-2025/137292,SHER SINGH GHUBAYA,Punjab,Inspect,District Authority,24.2,67,Marked completed but no photo evidence uploaded; No payment record yet — vendor pattern unverified,reactive
WS/MP18153/2024-2025/137278,SHER SINGH GHUBAYA,Punjab,Inspect,District Authority,24.2,67,Marked completed but no photo evidence uploaded; No payment record yet — vendor pattern unverified,reactive
WS/MP18253/2024-2025/141442,BAPI HALDAR,West Bengal,Inspect,District Authority,24.2,67,Marked completed but no photo evidence uploaded; No payment record yet — vendor pattern unverified,reactive
WS/MP18221/2024-2025/141008,NARAYAN DAS AHIRWAR,Uttar Pradesh,Inspect,District Authority,24.2,67,Marked completed but no photo evidence uploaded; 16 works share identical description+amount under this MP/constituency — review for duplicate billing (may be legitimate bulk procurement); No payment record yet — vendor pattern unverified,reactive
WS/MP18221/2024-2025/141010,NARAYAN DAS AHIRWAR,Uttar Pradesh,Inspect,District Authority,24.2,67,Marked completed but no photo evidence uploaded; 16 works share identical description+amount under this MP/constituency — review for duplicate billing (may be legitimate bulk procurement); No payment record yet — vendor pattern unverified,reactive
WS/MP18221/2024-2025/141009,NARAYAN DAS AHIRWAR,Uttar Pradesh,Inspect,District Authority,24.2,67,Marked completed but no photo evidence uploaded; 16 works share identical description+amount under this MP/constituency — review for duplicate billing (may be legitimate bulk procurement); No payment record yet — vendor pattern unverified,reactive
WS/MP18221/2024-2025/141005,NARAYAN DAS AHIRWAR,Uttar Pradesh,Inspect,District Authority,24.2,67,Marked completed but no photo evidence uploaded; 16 works share identical description+amount under this MP/constituency — review for duplicate billing (may be legitimate bulk procurement); No payment record yet — vendor pattern unverified,reactive
WS/MP18221/2024-2025/141006,NARAYAN DAS AHIRWAR,Uttar Pradesh,Inspect,District Authority,24.2,67,Marked completed but no photo evidence uploaded; 16 works share identical description+amount under this MP/constituency — review for duplicate billing (may be legitimate bulk procurement); No payment record yet — vendor pattern unverified,reactive
WS/MP18221/2024-2025/141007,NARAYAN DAS AHIRWAR,Uttar Pradesh,Inspect,District Authority,24.2,67,Marked completed but no photo evidence uploaded; 16 works share identical description+amount under this MP/constituency — review for duplicate billing (may be legitimate bulk procurement); No payment record yet — vendor pattern unverified,reactive
WS/MP18221/2024-2025/141004,NARAYAN DAS AHIRWAR,Uttar Pradesh,Inspect,District Authority,24.2,67,Marked completed but no photo evidence uploaded; 16 works share identical description+amount under this MP/constituency — review for duplicate billing (may be legitimate bulk procurement); No payment record yet — vendor pattern unverified,reactive
WS/MP18153/2024-2025/141994,SHER SINGH GHUBAYA,Punjab,Inspect,District Authority,24.2,67,Marked completed but no photo evidence uploaded; No payment record yet — vendor pattern unverified,reactive
WS/MP18172/2024-2025/149119,MANNA LAL RAWAT,Rajasthan,Inspect,District Authority,24.2,67,Marked completed but no photo evidence uploaded; No payment record yet — vendor pattern unverified,reactive
WS/MP18172/2024-2025/149100,MANNA LAL RAWAT,Rajasthan,Inspect,District Authority,24.2,67,Marked completed but no photo evidence uploaded; No payment record yet — vendor pattern unverified,reactive
WS/MP18153/2024-2025/141984,SHER SINGH GHUBAYA,Punjab,Inspect,District Authority,24.2,67,Marked completed but no photo evidence uploaded; No payment record yet — vendor pattern unverified,reactive
WS/MP18153/2024-2025/141977,SHER SINGH GHUBAYA,Punjab,Inspect,District Authority,24.2,67,Marked completed but no photo evidence uploaded; No payment record yet — vendor pattern unverified,reactive
WS/MP18153/2024-2025/141993,SHER SINGH GHUBAYA,Punjab,Inspect,District Authority,24.2,67,Marked completed but no photo evidence uploaded; No payment record yet — vendor pattern unverified,reactive
WS/MP18153/2024-2025/141995,SHER SINGH GHUBAYA,Punjab,Inspect,District Authority,24.2,67,Marked completed but no photo evidence uploaded; No payment record yet — vendor pattern unverified,reactive
WS/MP18153/2024-2025/141988,SHER SINGH GHUBAYA,Punjab,Inspect,District Authority,24.2,67,Marked completed but no photo evidence uploaded; No payment record yet — vendor pattern unverified,reactive
WS/MP552/2024-2025/135976,Radha Mohan Singh,Bihar,Inspect,District Authority,24.2,67,Marked completed but no photo evidence uploaded; No payment record yet — vendor pattern unverified,reactive
WS/MP761/2024-2025/138997,Arvind Dharmapuri,Telangana,Inspect,District Authority,24.2,67,Marked completed but no photo evidence uploaded; No payment record yet — vendor pattern unverified,reactive
WS/MP761/2024-2025/138998,Arvind Dharmapuri,Telangana,Inspect,District Authority,24.2,67,Marked completed but no photo evidence uploaded; No payment record yet — vendor pattern unverified,reactive
WS/MP761/2024-2025/144938,Arvind Dharmapuri,Telangana,Inspect,District Authority,24.2,67,Marked completed but no photo evidence uploaded; No payment record yet — vendor pattern unverified,reactive
WS/MP18153/2024-2025/135259,SHER SINGH GHUBAYA,Punjab,Inspect,District Authority,24.2,67,Marked completed but no photo evidence uploaded; No payment record yet — vendor pattern unverified,reactive
WS/MP18153/2024-2025/135262,SHER SINGH GHUBAYA,Punjab,Inspect,District Authority,24.2,67,Marked completed but no photo evidence uploaded; No payment record yet — vendor pattern unverified,reactive
WS/MP18172/2024-2025/146134,MANNA LAL RAWAT,Rajasthan,Inspect,District Authority,24.2,67,Marked completed but no photo evidence uploaded; No payment record yet — vendor pattern unverified,reactive
WS/MP552/2024-2025/135980,Radha Mohan Singh,Bihar,Inspect,District Authority,24.2,67,Marked completed but no photo evidence uploaded; No payment record yet — vendor pattern unverified,reactive
WS/MP18153/2024-2025/141992,SHER SINGH GHUBAYA,Punjab,Inspect,District Authority,24.2,67,Marked completed but no photo evidence uploaded; No payment record yet — vendor pattern unverified,reactive
WS/MP18176/2024-2025/139718,SACHITHANANTHAM R,Tamil Nadu,Inspect,District Authority,24.2,67,Marked completed but no photo evidence uploaded; No payment record yet — vendor pattern unverified,reactive
WS/MP18039/2024-2025/152024,RAJESH VERMA,Bihar,Inspect,District Authority,24.2,67,Marked completed but no photo evidence uploaded; No payment record yet — vendor pattern unverified,reactive
WS/MP18153/2024-2025/141989,SHER SINGH GHUBAYA,Punjab,Inspect,District Authority,24.2,67,Marked completed but no photo evidence uploaded; No payment record yet — vendor pattern unverified,reactive
WS/MP18153/2024-2025/137283,SHER SINGH GHUBAYA,Punjab,Inspect,District Authority,24.1,67,Marked completed but no photo evidence uploaded; No payment record yet — vendor pattern unverified,reactive
WS/MP761/2024-2025/146610,Arvind Dharmapuri,Telangana,Inspect,District Authority,24.1,67,Marked completed but no photo evidence uploaded; No payment record yet — vendor pattern unverified,reactive
WS/MP18153/2024-2025/141990,SHER SINGH GHUBAYA,Punjab,Inspect,District Authority,24.1,67,Marked completed but no photo evidence uploaded; No payment record yet — vendor pattern unverified,reactive
WS/MP18153/2024-2025/141996,SHER SINGH GHUBAYA,Punjab,Inspect,District Authority,24.1,67,Marked completed but no photo evidence uploaded; No payment record yet — vendor pattern unverified,reactive
WS/MP761/2024-2025/149790,Arvind Dharmapuri,Telangana,Inspect,District Authority,24.1,67,Marked completed but no photo evidence uploaded; No payment record yet — vendor pattern unverified,reactive
WS/MP761/2024-2025/144976,Arvind Dharmapuri,Telangana,Inspect,District Authority,24.1,67,Marked completed but no photo evidence uploaded; No payment record yet — vendor pattern unverified,reactive
WS/MP761/2024-2025/150759,Arvind Dharmapuri,Telangana,Inspect,District Authority,24.1,67,Marked completed but no photo evidence uploaded; No payment record yet — vendor pattern unverified,reactive
WS/MP761/2024-2025/151489,Arvind Dharmapuri,Telangana,Inspect,District Authority,24.1,67,Marked completed but no photo evidence uploaded; No payment record yet — vendor pattern unverified,reactive
WS/MP761/2024-2025/144944,Arvind Dharmapuri,Telangana,Inspect,District Authority,24.1,67,Marked completed but no photo evidence uploaded; No payment record yet — vendor pattern unverified,reactive
WS/MP761/2024-2025/138985,Arvind Dharmapuri,Telangana,Inspect,District Authority,24.1,67,Marked completed but no photo evidence uploaded; No payment record yet — vendor pattern unverified,reactive
WS/MP761/2024-2025/146574,Arvind Dharmapuri,Telangana,Inspect,District Authority,24.1,67,Marked completed but no photo evidence uploaded; No payment record yet — vendor pattern unverified,reactive
WS/MP18153/2024-2025/137288,SHER SINGH GHUBAYA,Punjab,Inspect,District Authority,24.1,67,Marked completed but no photo evidence uploaded; No payment record yet — vendor pattern unverified,reactive
WS/MP761/2024-2025/138984,Arvind Dharmapuri,Telangana,Inspect,District Authority,24.1,67,Marked completed but no photo evidence uploaded; No payment record yet — vendor pattern unverified,reactive
WS/MP761/2024-2025/149052,Arvind Dharmapuri,Telangana,Inspect,District Authority,24.1,67,Marked completed but no photo evidence uploaded; No payment record yet — vendor pattern unverified,reactive
WS/MP18153/2024-2025/141985,SHER SINGH GHUBAYA,Punjab,Inspect,District Authority,24.1,67,Marked completed but no photo evidence uploaded; No payment record yet — vendor pattern unverified,reactive
WS/MP761/2024-2025/149042,Arvind Dharmapuri,Telangana,Inspect,District Authority,24.1,67,Marked completed but no photo evidence uploaded; No payment record yet — vendor pattern unverified,reactive
WS/MP761/2025-2026/153907,Arvind Dharmapuri,Telangana,Inspect,District Authority,24.1,67,Marked completed but no photo evidence uploaded; No payment record yet — vendor pattern unverified,reactive
WS/MP18153/2024-2025/141979,SHER SINGH GHUBAYA,Punjab,Inspect,District Authority,24.1,67,Marked completed but no photo evidence uploaded; No payment record yet — vendor pattern unverified,reactive
WS/MP18253/2024-2025/141450,BAPI HALDAR,West Bengal,Inspect,District Authority,24.0,67,Marked completed but no photo evidence uploaded; No payment record yet — vendor pattern unverified,reactive
WS/MP18253/2024-2025/141451,BAPI HALDAR,West Bengal,Inspect,District Authority,24.0,67,Marked completed but no photo evidence uploaded; No payment record yet — vendor pattern unverified,reactive
WS/MP727/2024-2025/142174,Om Birla,Rajasthan,Inspect,District Authority,24.0,67,Marked completed but no photo evidence uploaded; No payment record yet — vendor pattern unverified,reactive
WS/MP18253/2024-2025/141445,BAPI HALDAR,West Bengal,Inspect,District Authority,24.0,67,Marked completed but no photo evidence uploaded; No payment record yet — vendor pattern unverified,reactive
WS/MP18253/2024-2025/141446,BAPI HALDAR,West Bengal,Inspect,District Authority,24.0,67,Marked completed but no photo evidence uploaded; No payment record yet — vendor pattern unverified,reactive
WS/MP18253/2024-2025/141447,BAPI HALDAR,West Bengal,Inspect,District Authority,24.0,67,Marked completed but no photo evidence uploaded; No payment record yet — vendor pattern unverified,reactive
WS/MP18253/2024-2025/141435,BAPI HALDAR,West Bengal,Inspect,District Authority,24.0,67,Marked completed but no photo evidence uploaded; No payment record yet — vendor pattern unverified,reactive
WS/MP18183/2024-2025/140766,MURASOLI S,Tamil Nadu,Inspect,District Authority,24.0,67,Marked completed but no photo evidence uploaded; No payment record yet — vendor pattern unverified,reactive
WS/MP18253/2024-2025/141434,BAPI HALDAR,West Bengal,Inspect,District Authority,24.0,67,Marked completed but no photo evidence uploaded; No payment record yet — vendor pattern unverified,reactive
WS/MP761/2024-2025/146604,Arvind Dharmapuri,Telangana,Inspect,District Authority,24.0,67,Marked completed but no photo evidence uploaded; No payment record yet — vendor pattern unverified,reactive
WS/MP341/2024-2025/141427,Shri LS Tejasvi Surya,Karnataka,Inspect,District Authority,24.0,67,Marked completed but no photo evidence uploaded; No payment record yet — vendor pattern unverified,reactive
WS/MP18253/2024-2025/141453,BAPI HALDAR,West Bengal,Inspect,District Authority,24.0,67,Marked completed but no photo evidence uploaded; No payment record yet — vendor pattern unverified,reactive
WS/MP18253/2024-2025/141444,BAPI HALDAR,West Bengal,Inspect,District Authority,24.0,67,Marked completed but no photo evidence uploaded; No payment record yet — vendor pattern unverified,reactive
WS/MP18253/2024-2025/141443,BAPI HALDAR,West Bengal,Inspect,District Authority,24.0,67,Marked completed but no photo evidence uploaded; No payment record yet — vendor pattern unverified,reactive
WS/MP18167/2024-2025/147365,BRIJENDRA SINGH OLA,Rajasthan,Inspect,District Authority,24.0,67,Marked completed but no photo evidence uploaded; No payment record yet — vendor pattern unverified,reactive
WS/MP18253/2024-2025/141452,BAPI HALDAR,West Bengal,Inspect,District Authority,24.0,67,Marked completed but no photo evidence uploaded; No payment record yet — vendor pattern unverified,reactive
WS/MP386/2024-2025/145065,Shri Hanuman Beniwal,Rajasthan,Inspect,District Authority,24.0,67,Marked completed but no photo evidence uploaded; No payment record yet — vendor pattern unverified,reactive
WS/MP386/2024-2025/145066,Shri Hanuman Beniwal,Rajasthan,Inspect,District Authority,24.0,67,Marked completed but no photo evidence uploaded; No payment record yet — vendor pattern unverified,reactive
WS/MP727/2024-2025/146160,Om Birla,Rajasthan,Inspect,District Authority,24.0,67,Marked completed but no photo evidence uploaded; No payment record yet — vendor pattern unverified,reactive
WS/MP761/2024-2025/144990,Arvind Dharmapuri,Telangana,Inspect,District Authority,24.0,67,Marked completed but no photo evidence uploaded; No payment record yet — vendor pattern unverified,reactive
WS/MP18335/2024-2025/150811,RADHE SHYAM RATHIYA,Chhattisgarh,Inspect,District Authority,24.0,67,Marked completed but no photo evidence uploaded; No payment record yet — vendor pattern unverified,reactive
WS/MP719/2024-2025/149561,Bhagirath Chaudhary,Rajasthan,Inspect,District Authority,24.0,67,Marked completed but no photo evidence uploaded; No payment record yet — vendor pattern unverified,reactive
WS/MP761/2024-2025/144988,Arvind Dharmapuri,Telangana,Inspect,District Authority,24.0,67,Marked completed but no photo evidence uploaded; No payment record yet — vendor pattern unverified,reactive
WS/MP18335/2024-2025/152934,RADHE SHYAM RATHIYA,Chhattisgarh,Inspect,District Authority,24.0,67,Marked completed but no photo evidence uploaded; No payment record yet — vendor pattern unverified,reactive
WS/MP18153/2024-2025/141981,SHER SINGH GHUBAYA,Punjab,Inspect,District Authority,24.0,67,Marked completed but no photo evidence uploaded; No payment record yet — vendor pattern unverified,reactive
WS/MP429/2024-2025/140551,Jyotsna Charandas Mahant,Chhattisgarh,Inspect,District Authority,24.0,67,Marked completed but no photo evidence uploaded; No payment record yet — vendor pattern unverified,reactive
WS/MP313/2024-2025/138651,Shri Tapir Gao,Arunachal Pradesh,Inspect,District Authority,23.9,67,Marked completed but no photo evidence uploaded; No payment record yet — vendor pattern unverified,reactive
WS/MP641/2024-2025/138934,Gajendra Singh Patel,Madhya Pradesh,Inspect,District Authority,23.9,67,Marked completed but no photo evidence uploaded; 17 works share identical description+amount under this MP/constituency — review for duplicate billing (may be legitimate bulk procurement); No payment record yet — vendor pattern unverified,reactive
WS/MP423/2024-2025/133961,Ramprit Mandal,Bihar,Inspect,District Authority,23.9,67,Marked completed but no photo evidence uploaded; No payment record yet — vendor pattern unverified,reactive
WS/MP423/2024-2025/133962,Ramprit Mandal,Bihar,Inspect,District Authority,23.9,67,Marked completed but no photo evidence uploaded; No payment record yet — vendor pattern unverified,reactive
WS/MP423/2024-2025/133963,Ramprit Mandal,Bihar,Inspect,District Authority,23.9,67,Marked completed but no photo evidence uploaded; No payment record yet — vendor pattern unverified,reactive
WS/MP423/2024-2025/133965,Ramprit Mandal,Bihar,Inspect,District Authority,23.9,67,Marked completed but no photo evidence uploaded; No payment record yet — vendor pattern unverified,reactive
WS/MP641/2024-2025/138935,Gajendra Singh Patel,Madhya Pradesh,Inspect,District Authority,23.9,67,Marked completed but no photo evidence uploaded; 17 works share identical description+amount under this MP/constituency — review for duplicate billing (may be legitimate bulk procurement); No payment record yet — vendor pattern unverified,reactive
WS/MP641/2024-2025/138936,Gajendra Singh Patel,Madhya Pradesh,Inspect,District Authority,23.9,67,Marked completed but no photo evidence uploaded; 17 works share identical description+amount under this MP/constituency — review for duplicate billing (may be legitimate bulk procurement); No payment record yet — vendor pattern unverified,reactive
WS/MP418/2024-2025/147614,Pradeep Kumar Singh,Bihar,Inspect,District Authority,23.9,67,Marked completed but no photo evidence uploaded; No payment record yet — vendor pattern unverified,reactive
WS/MP423/2024-2025/133968,Ramprit Mandal,Bihar,Inspect,District Authority,23.9,67,Marked completed but no photo evidence uploaded; No payment record yet — vendor pattern unverified,reactive
WS/MP423/2024-2025/133967,Ramprit Mandal,Bihar,Inspect,District Authority,23.9,67,Marked completed but no photo evidence uploaded; No payment record yet — vendor pattern unverified,reactive
WS/MP423/2024-2025/133966,Ramprit Mandal,Bihar,Inspect,District Authority,23.9,67,Marked completed but no photo evidence uploaded; No payment record yet — vendor pattern unverified,reactive
WS/MP313/2024-2025/140981,Shri Tapir Gao,Arunachal Pradesh,Inspect,District Authority,23.9,67,Marked completed but no photo evidence uploaded; No payment record yet — vendor pattern unverified,reactive
WS/MP18144/2024-2025/148053,MALVIKA DEVI,Odisha,Inspect,District Authority,23.9,67,Marked completed but no photo evidence uploaded; No payment record yet — vendor pattern unverified,reactive
WS/MP18153/2024-2025/135256,SHER SINGH GHUBAYA,Punjab,Inspect,District Authority,23.9,67,Marked completed but no photo evidence uploaded; No payment record yet — vendor pattern unverified,reactive
WS/MP18138/2025-2026/148802,RICHARD VANLALHMANGAIHA,Mizoram,Inspect,District Authority,23.9,67,Marked completed but no photo evidence uploaded; No payment record yet — vendor pattern unverified,reactive
WS/MP18138/2025-2026/148803,RICHARD VANLALHMANGAIHA,Mizoram,Inspect,District Authority,23.9,67,Marked completed but no photo evidence uploaded; No payment record yet — vendor pattern unverified,reactive
WS/MP18138/2024-2025/148813,RICHARD VANLALHMANGAIHA,Mizoram,Inspect,District Authority,23.9,67,Marked completed but no photo evidence uploaded; No payment record yet — vendor pattern unverified,reactive
WS/MP18138/2024-2025/148814,RICHARD VANLALHMANGAIHA,Mizoram,Inspect,District Authority,23.9,67,Marked completed but no photo evidence uploaded; No payment record yet — vendor pattern unverified,reactive
WS/MP18138/2024-2025/148815,RICHARD VANLALHMANGAIHA,Mizoram,Inspect,District Authority,23.9,67,Marked completed but no photo evidence uploaded; No payment record yet — vendor pattern unverified,reactive
WS/MP435/2024-2025/145838,Sanjay Seth,Jharkhand,Inspect,District Authority,23.9,67,Marked completed but no photo evidence uploaded; No payment record yet — vendor pattern unverified,reactive
WS/MP435/2024-2025/145842,Sanjay Seth,Jharkhand,Inspect,District Authority,23.9,67,Marked completed but no photo evidence uploaded; No payment record yet — vendor pattern unverified,reactive
WS/MP18183/2024-2025/140767,MURASOLI S,Tamil Nadu,Inspect,District Authority,23.9,67,Marked completed but no photo evidence uploaded; No payment record yet — vendor pattern unverified,reactive
WS/MP313/2024-2025/140904,Shri Tapir Gao,Arunachal Pradesh,Inspect,District Authority,23.9,67,Marked completed but no photo evidence uploaded; No payment record yet — vendor pattern unverified,reactive
WS/MP313/2024-2025/138757,Shri Tapir Gao,Arunachal Pradesh,Inspect,District Authority,23.9,67,Marked completed but no photo evidence uploaded; No payment record yet — vendor pattern unverified,reactive
WS/MP18152/2024-2025/137617,SARABJEET SINGH KHALSA,Punjab,Inspect,District Authority,23.9,67,Marked completed but no photo evidence uploaded; 15 works share identical description+amount under this MP/constituency — review for duplicate billing (may be legitimate bulk procurement); No payment record yet — vendor pattern unverified,reactive
WS/MP18152/2024-2025/137635,SARABJEET SINGH KHALSA,Punjab,Inspect,District Authority,23.9,67,Marked completed but no photo evidence uploaded; No payment record yet — vendor pattern unverified,reactive
WS/MP386/2024-2025/147126,Shri Hanuman Beniwal,Rajasthan,Inspect,District Authority,23.9,67,Marked completed but no photo evidence uploaded; No payment record yet — vendor pattern unverified,reactive
WS/MP18109/2024-2025/150161,DR. RAJESH MISHRA,Madhya Pradesh,Inspect,District Authority,23.9,67,Marked completed but no photo evidence uploaded; No payment record yet — vendor pattern unverified,reactive
WS/MP18109/2024-2025/150162,DR. RAJESH MISHRA,Madhya Pradesh,Inspect,District Authority,23.9,67,Marked completed but no photo evidence uploaded; No payment record yet — vendor pattern unverified,reactive
WS/MP18109/2024-2025/150163,DR. RAJESH MISHRA,Madhya Pradesh,Inspect,District Authority,23.9,67,Marked completed but no photo evidence uploaded; No payment record yet — vendor pattern unverified,reactive
WS/MP18109/2024-2025/150164,DR. RAJESH MISHRA,Madhya Pradesh,Inspect,District Authority,23.9,67,Marked completed but no photo evidence uploaded; No payment record yet — vendor pattern unverified,reactive
WS/MP18109/2024-2025/150165,DR. RAJESH MISHRA,Madhya Pradesh,Inspect,District Authority,23.9,67,Marked completed but no photo evidence uploaded; No payment record yet — vendor pattern unverified,reactive
WS/MP18109/2024-2025/150166,DR. RAJESH MISHRA,Madhya Pradesh,Inspect,District Authority,23.9,67,Marked completed but no photo evidence uploaded; No payment record yet — vendor pattern unverified,reactive
WS/MP18109/2024-2025/150167,DR. RAJESH MISHRA,Madhya Pradesh,Inspect,District Authority,23.9,67,Marked completed but no photo evidence uploaded; No payment record yet — vendor pattern unverified,reactive
WS/MP18041/2024-2025/143124,RAJESH RANJAN ALIAS PAPPU YADAV,Bihar,Inspect,District Authority,23.9,67,Marked completed but no photo evidence uploaded; No payment record yet — vendor pattern unverified,reactive
WS/MP18041/2024-2025/143125,RAJESH RANJAN ALIAS PAPPU YADAV,Bihar,Inspect,District Authority,23.9,67,Marked completed but no photo evidence uploaded; No payment record yet — vendor pattern unverified,reactive
WS/MP18138/2024-2025/148796,RICHARD VANLALHMANGAIHA,Mizoram,Inspect,District Authority,23.9,67,Marked completed but no photo evidence uploaded; No payment record yet — vendor pattern unverified,reactive
WS/MP18138/2024-2025/148797,RICHARD VANLALHMANGAIHA,Mizoram,Inspect,District Authority,23.9,67,Marked completed but no photo evidence uploaded; No payment record yet — vendor pattern unverified,reactive
WS/MP18138/2024-2025/148798,RICHARD VANLALHMANGAIHA,Mizoram,Inspect,District Authority,23.9,67,Marked completed but no photo evidence uploaded; No payment record yet — vendor pattern unverified,reactive
WS/MP18138/2024-2025/148799,RICHARD VANLALHMANGAIHA,Mizoram,Inspect,District Authority,23.9,67,Marked completed but no photo evidence uploaded; No payment record yet — vendor pattern unverified,reactive
WS/MP18138/2025-2026/148800,RICHARD VANLALHMANGAIHA,Mizoram,Inspect,District Authority,23.9,67,Marked completed but no photo evidence uploaded; No payment record yet — vendor pattern unverified,reactive
WS/MP18138/2025-2026/148801,RICHARD VANLALHMANGAIHA,Mizoram,Inspect,District Authority,23.9,67,Marked completed but no photo evidence uploaded; No payment record yet — vendor pattern unverified,reactive
WS/MP18041/2024-2025/143088,RAJESH RANJAN ALIAS PAPPU YADAV,Bihar,Inspect,District Authority,23.9,67,Marked completed but no photo evidence uploaded; No payment record yet — vendor pattern unverified,reactive
WS/MP18041/2024-2025/143092,RAJESH RANJAN ALIAS PAPPU YADAV,Bihar,Inspect,District Authority,23.9,67,Marked completed but no photo evidence uploaded; No payment record yet — vendor pattern unverified,reactive
WS/MP18041/2024-2025/143093,RAJESH RANJAN ALIAS PAPPU YADAV,Bihar,Inspect,District Authority,23.9,67,Marked completed but no photo evidence uploaded; No payment record yet — vendor pattern unverified,reactive
WS/MP18041/2024-2025/143150,RAJESH RANJAN ALIAS PAPPU YADAV,Bihar,Inspect,District Authority,23.9,67,Marked completed but no photo evidence uploaded; No payment record yet — vendor pattern unverified,reactive
WS/MP18138/2024-2025/149619,RICHARD VANLALHMANGAIHA,Mizoram,Inspect,District Authority,23.9,67,Marked completed but no photo evidence uploaded; No payment record yet — vendor pattern unverified,reactive
WS/MP18138/2024-2025/149620,RICHARD VANLALHMANGAIHA,Mizoram,Inspect,District Authority,23.9,67,Marked completed but no photo evidence uploaded; No payment record yet — vendor pattern unverified,reactive
WS/MP18138/2024-2025/149621,RICHARD VANLALHMANGAIHA,Mizoram,Inspect,District Authority,23.9,67,Marked completed but no photo evidence uploaded; No payment record yet — vendor pattern unverified,reactive
WS/MP18138/2024-2025/149623,RICHARD VANLALHMANGAIHA,Mizoram,Inspect,District Authority,23.9,67,Marked completed but no photo evidence uploaded; No payment record yet — vendor pattern unverified,reactive
WS/MP641/2024-2025/138916,Gajendra Singh Patel,Madhya Pradesh,Inspect,District Authority,23.9,67,Marked completed but no photo evidence uploaded; 17 works share identical description+amount under this MP/constituency — review for duplicate billing (may be legitimate bulk procurement); No payment record yet — vendor pattern unverified,reactive
WS/MP18109/2024-2025/150153,DR. RAJESH MISHRA,Madhya Pradesh,Inspect,District Authority,23.9,67,Marked completed but no photo evidence uploaded; No payment record yet — vendor pattern unverified,reactive
WS/MP18109/2024-2025/150154,DR. RAJESH MISHRA,Madhya Pradesh,Inspect,District Authority,23.9,67,Marked completed but no photo evidence uploaded; No payment record yet — vendor pattern unverified,reactive
WS/MP18109/2024-2025/150155,DR. RAJESH MISHRA,Madhya Pradesh,Inspect,District Authority,23.9,67,Marked completed but no photo evidence uploaded; No payment record yet — vendor pattern unverified,reactive
WS/MP18109/2024-2025/150156,DR. RAJESH MISHRA,Madhya Pradesh,Inspect,District Authority,23.9,67,Marked completed but no photo evidence uploaded; No payment record yet — vendor pattern unverified,reactive
WS/MP18109/2024-2025/150157,DR. RAJESH MISHRA,Madhya Pradesh,Inspect,District Authority,23.9,67,Marked completed but no photo evidence uploaded; No payment record yet — vendor pattern unverified,reactive
WS/MP18109/2024-2025/150158,DR. RAJESH MISHRA,Madhya Pradesh,Inspect,District Authority,23.9,67,Marked completed but no photo evidence uploaded; No payment record yet — vendor pattern unverified,reactive
WS/MP18109/2024-2025/150159,DR. RAJESH MISHRA,Madhya Pradesh,Inspect,District Authority,23.9,67,Marked completed but no photo evidence uploaded; No payment record yet — vendor pattern unverified,reactive
WS/MP18109/2024-2025/150160,DR. RAJESH MISHRA,Madhya Pradesh,Inspect,District Authority,23.9,67,Marked completed but no photo evidence uploaded; No payment record yet — vendor pattern unverified,reactive
WS/MP18109/2024-2025/150176,DR. RAJESH MISHRA,Madhya Pradesh,Inspect,District Authority,23.9,67,Marked completed but no photo evidence uploaded; No payment record yet — vendor pattern unverified,reactive
WS/MP18109/2024-2025/150177,DR. RAJESH MISHRA,Madhya Pradesh,Inspect,District Authority,23.9,67,Marked completed but no photo evidence uploaded; No payment record yet — vendor pattern unverified,reactive
WS/MP18153/2024-2025/141972,SHER SINGH GHUBAYA,Punjab,Inspect,District Authority,23.9,67,Marked completed but no photo evidence uploaded; No payment record yet — vendor pattern unverified,reactive
WS/MP18153/2024-2025/141974,SHER SINGH GHUBAYA,Punjab,Inspect,District Authority,23.9,67,Marked completed but no photo evidence uploaded; No payment record yet — vendor pattern unverified,reactive
WS/MP18109/2024-2025/150168,DR. RAJESH MISHRA,Madhya Pradesh,Inspect,District Authority,23.9,67,Marked completed but no photo evidence uploaded; No payment record yet — vendor pattern unverified,reactive
WS/MP18041/2025-2026/143149,RAJESH RANJAN ALIAS PAPPU YADAV,Bihar,Inspect,District Authority,23.9,67,Marked completed but no photo evidence uploaded; No payment record yet — vendor pattern unverified,reactive
WS/MP641/2024-2025/138921,Gajendra Singh Patel,Madhya Pradesh,Inspect,District Authority,23.9,67,Marked completed but no photo evidence uploaded; 17 works share identical description+amount under this MP/constituency — review for duplicate billing (may be legitimate bulk procurement); No payment record yet — vendor pattern unverified,reactive
WS/MP381/2024-2025/147219,Shri Gurjeet Singh Aujla,Punjab,Inspect,District Authority,23.9,67,Marked completed but no photo evidence uploaded; No payment record yet — vendor pattern unverified,reactive
WS/MP18311/2024-2025/148979,MALVINDER SINGH KANG,Punjab,Inspect,District Authority,23.9,67,Marked completed but no photo evidence uploaded; No payment record yet — vendor pattern unverified,reactive
WS/MP18311/2024-2025/148980,MALVINDER SINGH KANG,Punjab,Inspect,District Authority,23.9,67,Marked completed but no photo evidence uploaded; No payment record yet — vendor pattern unverified,reactive
WS/MP18109/2024-2025/150185,DR. RAJESH MISHRA,Madhya Pradesh,Inspect,District Authority,23.9,67,Marked completed but no photo evidence uploaded; No payment record yet — vendor pattern unverified,reactive
WS/MP453/2024-2025/152904,Saptagiri Sankar Ulaka,Odisha,Inspect,District Authority,23.9,67,Marked completed but no photo evidence uploaded; No payment record yet — vendor pattern unverified,reactive
WS/MP18172/2024-2025/149120,MANNA LAL RAWAT,Rajasthan,Inspect,District Authority,23.9,67,Marked completed but no photo evidence uploaded; No payment record yet — vendor pattern unverified,reactive
WS/MP18041/2024-2025/143089,RAJESH RANJAN ALIAS PAPPU YADAV,Bihar,Inspect,District Authority,23.9,67,Marked completed but no photo evidence uploaded; No payment record yet — vendor pattern unverified,reactive
WS/MP18041/2024-2025/143090,RAJESH RANJAN ALIAS PAPPU YADAV,Bihar,Inspect,District Authority,23.9,67,Marked completed but no photo evidence uploaded; No payment record yet — vendor pattern unverified,reactive
WS/MP18041/2024-2025/143091,RAJESH RANJAN ALIAS PAPPU YADAV,Bihar,Inspect,District Authority,23.9,67,Marked completed but no photo evidence uploaded; No payment record yet — vendor pattern unverified,reactive
WS/MP641/2024-2025/138919,Gajendra Singh Patel,Madhya Pradesh,Inspect,District Authority,23.9,67,Marked completed but no photo evidence uploaded; 17 works share identical description+amount under this MP/constituency — review for duplicate billing (may be legitimate bulk procurement); No payment record yet — vendor pattern unverified,reactive
WS/MP641/2024-2025/138920,Gajendra Singh Patel,Madhya Pradesh,Inspect,District Authority,23.9,67,Marked completed but no photo evidence uploaded; 17 works share identical description+amount under this MP/constituency — review for duplicate billing (may be legitimate bulk procurement); No payment record yet — vendor pattern unverified,reactive
WS/MP18041/2024-2025/143094,RAJESH RANJAN ALIAS PAPPU YADAV,Bihar,Inspect,District Authority,23.9,67,Marked completed but no photo evidence uploaded; No payment record yet — vendor pattern unverified,reactive
WS/MP18041/2024-2025/143095,RAJESH RANJAN ALIAS PAPPU YADAV,Bihar,Inspect,District Authority,23.9,67,Marked completed but no photo evidence uploaded; No payment record yet — vendor pattern unverified,reactive
WS/MP18041/2024-2025/143096,RAJESH RANJAN ALIAS PAPPU YADAV,Bihar,Inspect,District Authority,23.9,67,Marked completed but no photo evidence uploaded; No payment record yet — vendor pattern unverified,reactive
WS/MP18041/2024-2025/143120,RAJESH RANJAN ALIAS PAPPU YADAV,Bihar,Inspect,District Authority,23.9,67,Marked completed but no photo evidence uploaded; No payment record yet — vendor pattern unverified,reactive
WS/MP18041/2024-2025/143121,RAJESH RANJAN ALIAS PAPPU YADAV,Bihar,Inspect,District Authority,23.9,67,Marked completed but no photo evidence uploaded; No payment record yet — vendor pattern unverified,reactive
WS/MP18041/2024-2025/143122,RAJESH RANJAN ALIAS PAPPU YADAV,Bihar,Inspect,District Authority,23.9,67,Marked completed but no photo evidence uploaded; No payment record yet — vendor pattern unverified,reactive
WS/MP18041/2024-2025/143123,RAJESH RANJAN ALIAS PAPPU YADAV,Bihar,Inspect,District Authority,23.9,67,Marked completed but no photo evidence uploaded; No payment record yet — vendor pattern unverified,reactive
WS/MP18138/2024-2025/148822,RICHARD VANLALHMANGAIHA,Mizoram,Inspect,District Authority,23.9,67,Marked completed but no photo evidence uploaded; No payment record yet — vendor pattern unverified,reactive
WS/MP18109/2024-2025/150169,DR. RAJESH MISHRA,Madhya Pradesh,Inspect,District Authority,23.9,67,Marked completed but no photo evidence uploaded; No payment record yet — vendor pattern unverified,reactive
WS/MP18109/2024-2025/150170,DR. RAJESH MISHRA,Madhya Pradesh,Inspect,District Authority,23.9,67,Marked completed but no photo evidence uploaded; No payment record yet — vendor pattern unverified,reactive
WS/MP18109/2024-2025/150171,DR. RAJESH MISHRA,Madhya Pradesh,Inspect,District Authority,23.9,67,Marked completed but no photo evidence uploaded; No payment record yet — vendor pattern unverified,reactive
WS/MP18109/2024-2025/150173,DR. RAJESH MISHRA,Madhya Pradesh,Inspect,District Authority,23.9,67,Marked completed but no photo evidence uploaded; No payment record yet — vendor pattern unverified,reactive
WS/MP18109/2024-2025/150174,DR. RAJESH MISHRA,Madhya Pradesh,Inspect,District Authority,23.9,67,Marked completed but no photo evidence uploaded; No payment record yet — vendor pattern unverified,reactive
WS/MP18109/2024-2025/150175,DR. RAJESH MISHRA,Madhya Pradesh,Inspect,District Authority,23.9,67,Marked completed but no photo evidence uploaded; No payment record yet — vendor pattern unverified,reactive
WS/MP18138/2024-2025/143327,RICHARD VANLALHMANGAIHA,Mizoram,Inspect,District Authority,23.9,67,Marked completed but no photo evidence uploaded; No payment record yet — vendor pattern unverified,reactive
WS/MP18041/2024-2025/143477,RAJESH RANJAN ALIAS PAPPU YADAV,Bihar,Inspect,District Authority,23.9,67,Marked completed but no photo evidence uploaded; No payment record yet — vendor pattern unverified,reactive
WS/MP18041/2025-2026/143478,RAJESH RANJAN ALIAS PAPPU YADAV,Bihar,Inspect,District Authority,23.9,67,Marked completed but no photo evidence uploaded; No payment record yet — vendor pattern unverified,reactive
WS/MP18041/2025-2026/143479,RAJESH RANJAN ALIAS PAPPU YADAV,Bihar,Inspect,District Authority,23.9,67,Marked completed but no photo evidence uploaded; No payment record yet — vendor pattern unverified,reactive
WS/MP18153/2024-2025/141976,SHER SINGH GHUBAYA,Punjab,Inspect,District Authority,23.9,67,Marked completed but no photo evidence uploaded; No payment record yet — vendor pattern unverified,reactive
WS/MP18153/2024-2025/141980,SHER SINGH GHUBAYA,Punjab,Inspect,District Authority,23.9,67,Marked completed but no photo evidence uploaded; No payment record yet — vendor pattern unverified,reactive
WS/MP18155/2024-2025/141715,DR. RAJ KUMAR CHABBEWAL,Punjab,Inspect,District Authority,23.9,67,Marked completed but no photo evidence uploaded; 11 works share identical description+amount under this MP/constituency — review for duplicate billing (may be legitimate bulk procurement); No payment record yet — vendor pattern unverified,reactive
WS/MP18155/2024-2025/141716,DR. RAJ KUMAR CHABBEWAL,Punjab,Inspect,District Authority,23.9,67,Marked completed but no photo evidence uploaded; 11 works share identical description+amount under this MP/constituency — review for duplicate billing (may be legitimate bulk procurement); No payment record yet — vendor pattern unverified,reactive
WS/MP18155/2024-2025/141780,DR. RAJ KUMAR CHABBEWAL,Punjab,Inspect,District Authority,23.9,67,Marked completed but no photo evidence uploaded; No payment record yet — vendor pattern unverified,reactive
WS/MP18155/2024-2025/141699,DR. RAJ KUMAR CHABBEWAL,Punjab,Inspect,District Authority,23.9,67,Marked completed but no photo evidence uploaded; No payment record yet — vendor pattern unverified,reactive
WS/MP18155/2024-2025/141702,DR. RAJ KUMAR CHABBEWAL,Punjab,Inspect,District Authority,23.9,67,Marked completed but no photo evidence uploaded; No payment record yet — vendor pattern unverified,reactive
WS/MP18155/2024-2025/141705,DR. RAJ KUMAR CHABBEWAL,Punjab,Inspect,District Authority,23.9,67,Marked completed but no photo evidence uploaded; No payment record yet — vendor pattern unverified,reactive
WS/MP18155/2024-2025/141707,DR. RAJ KUMAR CHABBEWAL,Punjab,Inspect,District Authority,23.9,67,Marked completed but no photo evidence uploaded; 11 works share identical description+amount under this MP/constituency — review for duplicate billing (may be legitimate bulk procurement); No payment record yet — vendor pattern unverified,reactive
WS/MP18041/2024-2025/143128,RAJESH RANJAN ALIAS PAPPU YADAV,Bihar,Inspect,District Authority,23.9,67,Marked completed but no photo evidence uploaded; No payment record yet — vendor pattern unverified,reactive
WS/MP18041/2024-2025/143129,RAJESH RANJAN ALIAS PAPPU YADAV,Bihar,Inspect,District Authority,23.9,67,Marked completed but no photo evidence uploaded; No payment record yet — vendor pattern unverified,reactive
WS/MP641/2024-2025/138918,Gajendra Singh Patel,Madhya Pradesh,Inspect,District Authority,23.9,67,Marked completed but no photo evidence uploaded; 17 works share identical description+amount under this MP/constituency — review for duplicate billing (may be legitimate bulk procurement); No payment record yet — vendor pattern unverified,reactive
WS/MP422/2024-2025/141654,Dileshwar Kamait,Bihar,Inspect,District Authority,23.9,67,Marked completed but no photo evidence uploaded; No payment record yet — vendor pattern unverified,reactive
WS/MP422/2024-2025/141655,Dileshwar Kamait,Bihar,Inspect,District Authority,23.9,67,Marked completed but no photo evidence uploaded; 10 works share identical description+amount under this MP/constituency — review for duplicate billing (may be legitimate bulk procurement); No payment record yet — vendor pattern unverified,reactive
WS/MP422/2024-2025/141656,Dileshwar Kamait,Bihar,Inspect,District Authority,23.9,67,Marked completed but no photo evidence uploaded; 10 works share identical description+amount under this MP/constituency — review for duplicate billing (may be legitimate bulk procurement); No payment record yet — vendor pattern unverified,reactive
WS/MP18253/2024-2025/141457,BAPI HALDAR,West Bengal,Inspect,District Authority,23.9,67,Marked completed but no photo evidence uploaded; No payment record yet — vendor pattern unverified,reactive
WS/MP18041/2024-2025/143139,RAJESH RANJAN ALIAS PAPPU YADAV,Bihar,Inspect,District Authority,23.9,67,Marked completed but no photo evidence uploaded; No payment record yet — vendor pattern unverified,reactive
WS/MP18041/2024-2025/143140,RAJESH RANJAN ALIAS PAPPU YADAV,Bihar,Inspect,District Authority,23.9,67,Marked completed but no photo evidence uploaded; No payment record yet — vendor pattern unverified,reactive
WS/MP18041/2024-2025/143141,RAJESH RANJAN ALIAS PAPPU YADAV,Bihar,Inspect,District Authority,23.9,67,Marked completed but no photo evidence uploaded; No payment record yet — vendor pattern unverified,reactive
WS/MP18041/2024-2025/143142,RAJESH RANJAN ALIAS PAPPU YADAV,Bihar,Inspect,District Authority,23.9,67,Marked completed but no photo evidence uploaded; No payment record yet — vendor pattern unverified,reactive
WS/MP18041/2024-2025/143143,RAJESH RANJAN ALIAS PAPPU YADAV,Bihar,Inspect,District Authority,23.9,67,Marked completed but no photo evidence uploaded; No payment record yet — vendor pattern unverified,reactive
WS/MP18041/2024-2025/143144,RAJESH RANJAN ALIAS PAPPU YADAV,Bihar,Inspect,District Authority,23.9,67,Marked completed but no photo evidence uploaded; No payment record yet — vendor pattern unverified,reactive
WS/MP18041/2024-2025/143147,RAJESH RANJAN ALIAS PAPPU YADAV,Bihar,Inspect,District Authority,23.9,67,Marked completed but no photo evidence uploaded; No payment record yet — vendor pattern unverified,reactive
WS/MP18041/2024-2025/143148,RAJESH RANJAN ALIAS PAPPU YADAV,Bihar,Inspect,District Authority,23.9,67,Marked completed but no photo evidence uploaded; No payment record yet — vendor pattern unverified,reactive
WS/MP18155/2024-2025/141710,DR. RAJ KUMAR CHABBEWAL,Punjab,Inspect,District Authority,23.9,67,Marked completed but no photo evidence uploaded; No payment record yet — vendor pattern unverified,reactive
WS/MP18155/2024-2025/141712,DR. RAJ KUMAR CHABBEWAL,Punjab,Inspect,District Authority,23.9,67,Marked completed but no photo evidence uploaded; 11 works share identical description+amount under this MP/constituency — review for duplicate billing (may be legitimate bulk procurement); No payment record yet — vendor pattern unverified,reactive
WS/MP422/2024-2025/141657,Dileshwar Kamait,Bihar,Inspect,District Authority,23.9,67,Marked completed but no photo evidence uploaded; 10 works share identical description+amount under this MP/constituency — review for duplicate billing (may be legitimate bulk procurement); No payment record yet — vendor pattern unverified,reactive
WS/MP418/2024-2025/148555,Pradeep Kumar Singh,Bihar,Inspect,District Authority,23.9,67,Marked completed but no photo evidence uploaded; No payment record yet — vendor pattern unverified,reactive
WS/MP18094/2025-2026/151757,VISHWESHWAR HEGDE KAGERI,Karnataka,Inspect,District Authority,23.9,67,Marked completed but no photo evidence uploaded; No payment record yet — vendor pattern unverified,reactive
WS/MP422/2024-2025/151604,Dileshwar Kamait,Bihar,Inspect,District Authority,23.9,67,Marked completed but no photo evidence uploaded; No payment record yet — vendor pattern unverified,reactive
WS/MP422/2024-2025/151605,Dileshwar Kamait,Bihar,Inspect,District Authority,23.9,67,Marked completed but no photo evidence uploaded; No payment record yet — vendor pattern unverified,reactive
WS/MP422/2024-2025/151606,Dileshwar Kamait,Bihar,Inspect,District Authority,23.9,67,Marked completed but no photo evidence uploaded; No payment record yet — vendor pattern unverified,reactive
WS/MP18138/2024-2025/143310,RICHARD VANLALHMANGAIHA,Mizoram,Inspect,District Authority,23.9,67,Marked completed but no photo evidence uploaded; No payment record yet — vendor pattern unverified,reactive
WS/MP18138/2024-2025/143311,RICHARD VANLALHMANGAIHA,Mizoram,Inspect,District Authority,23.9,67,Marked completed but no photo evidence uploaded; No payment record yet — vendor pattern unverified,reactive
WS/MP18138/2024-2025/143312,RICHARD VANLALHMANGAIHA,Mizoram,Inspect,District Authority,23.9,67,Marked completed but no photo evidence uploaded; No payment record yet — vendor pattern unverified,reactive
WS/MP18138/2024-2025/143313,RICHARD VANLALHMANGAIHA,Mizoram,Inspect,District Authority,23.9,67,Marked completed but no photo evidence uploaded; No payment record yet — vendor pattern unverified,reactive
WS/MP18138/2024-2025/143314,RICHARD VANLALHMANGAIHA,Mizoram,Inspect,District Authority,23.9,67,Marked completed but no photo evidence uploaded; No payment record yet — vendor pattern unverified,reactive
WS/MP18138/2024-2025/143316,RICHARD VANLALHMANGAIHA,Mizoram,Inspect,District Authority,23.9,67,Marked completed but no photo evidence uploaded; No payment record yet — vendor pattern unverified,reactive
WS/MP18138/2024-2025/143318,RICHARD VANLALHMANGAIHA,Mizoram,Inspect,District Authority,23.9,67,Marked completed but no photo evidence uploaded; No payment record yet — vendor pattern unverified,reactive
WS/MP18138/2024-2025/143322,RICHARD VANLALHMANGAIHA,Mizoram,Inspect,District Authority,23.9,67,Marked completed but no photo evidence uploaded; No payment record yet — vendor pattern unverified,reactive
WS/MP18138/2024-2025/143323,RICHARD VANLALHMANGAIHA,Mizoram,Inspect,District Authority,23.9,67,Marked completed but no photo evidence uploaded; No payment record yet — vendor pattern unverified,reactive
WS/MP18138/2024-2025/143324,RICHARD VANLALHMANGAIHA,Mizoram,Inspect,District Authority,23.9,67,Marked completed but no photo evidence uploaded; No payment record yet — vendor pattern unverified,reactive
WS/MP18138/2024-2025/143325,RICHARD VANLALHMANGAIHA,Mizoram,Inspect,District Authority,23.9,67,Marked completed but no photo evidence uploaded; No payment record yet — vendor pattern unverified,reactive
WS/MP422/2024-2025/141653,Dileshwar Kamait,Bihar,Inspect,District Authority,23.9,67,Marked completed but no photo evidence uploaded; 10 works share identical description+amount under this MP/constituency — review for duplicate billing (may be legitimate bulk procurement); No payment record yet — vendor pattern unverified,reactive
WS/MP18144/2024-2025/135758,MALVIKA DEVI,Odisha,Inspect,District Authority,23.9,67,Marked completed but no photo evidence uploaded; No payment record yet — vendor pattern unverified,reactive
WS/MP761/2024-2025/144933,Arvind Dharmapuri,Telangana,Inspect,District Authority,23.9,67,Marked completed but no photo evidence uploaded; No payment record yet — vendor pattern unverified,reactive
WS/MP18324/2024-2025/151483,BHARATBHAI MANUBHAI SUTARIYA,Gujarat,Inspect,District Authority,23.9,67,Marked completed but no photo evidence uploaded; No payment record yet — vendor pattern unverified,reactive
WS/MP18324/2024-2025/151484,BHARATBHAI MANUBHAI SUTARIYA,Gujarat,Inspect,District Authority,23.9,67,Marked completed but no photo evidence uploaded; No payment record yet — vendor pattern unverified,reactive
WS/MP422/2024-2025/150410,Dileshwar Kamait,Bihar,Inspect,District Authority,23.9,67,Marked completed but no photo evidence uploaded; No payment record yet — vendor pattern unverified,reactive
WS/MP422/2024-2025/150411,Dileshwar Kamait,Bihar,Inspect,District Authority,23.9,67,Marked completed but no photo evidence uploaded; 10 works share identical description+amount under this MP/constituency — review for duplicate billing (may be legitimate bulk procurement); No payment record yet — vendor pattern unverified,reactive
WS/MP761/2024-2025/151977,Arvind Dharmapuri,Telangana,Inspect,District Authority,23.9,67,Marked completed but no photo evidence uploaded; No payment record yet — vendor pattern unverified,reactive
WS/MP18108/2025-2026/150383,DR. LATA WANKHEDE,Madhya Pradesh,Inspect,District Authority,23.9,67,Marked completed but no photo evidence uploaded; No payment record yet — vendor pattern unverified,reactive
WS/MP18019/2024-2025/143870,AMARSING TISSO,Assam,Inspect,District Authority,23.9,67,Marked completed but no photo evidence uploaded; No payment record yet — vendor pattern unverified,reactive
WS/MP353/2024-2025/144749,Adv Dean Kuriakose,Kerala,Inspect,District Authority,23.9,67,Marked completed but no photo evidence uploaded; No payment record yet — vendor pattern unverified,reactive
WS/MP353/2024-2025/144750,Adv Dean Kuriakose,Kerala,Inspect,District Authority,23.9,67,Marked completed but no photo evidence uploaded; No payment record yet — vendor pattern unverified,reactive
WS/MP18144/2024-2025/135750,MALVIKA DEVI,Odisha,Inspect,District Authority,23.9,67,Marked completed but no photo evidence uploaded; No payment record yet — vendor pattern unverified,reactive
WS/MP18144/2024-2025/135751,MALVIKA DEVI,Odisha,Inspect,District Authority,23.9,67,Marked completed but no photo evidence uploaded; No payment record yet — vendor pattern unverified,reactive
WS/MP18144/2024-2025/135752,MALVIKA DEVI,Odisha,Inspect,District Authority,23.9,67,Marked completed but no photo evidence uploaded; No payment record yet — vendor pattern unverified,reactive
WS/MP761/2024-2025/144916,Arvind Dharmapuri,Telangana,Inspect,District Authority,23.9,67,Marked completed but no photo evidence uploaded; No payment record yet — vendor pattern unverified,reactive
WS/MP386/2024-2025/144924,Shri Hanuman Beniwal,Rajasthan,Inspect,District Authority,23.9,67,Marked completed but no photo evidence uploaded; No payment record yet — vendor pattern unverified,reactive
WS/MP18109/2024-2025/150195,DR. RAJESH MISHRA,Madhya Pradesh,Inspect,District Authority,23.9,67,Marked completed but no photo evidence uploaded; No payment record yet — vendor pattern unverified,reactive
WS/MP18109/2024-2025/150196,DR. RAJESH MISHRA,Madhya Pradesh,Inspect,District Authority,23.9,67,Marked completed but no photo evidence uploaded; No payment record yet — vendor pattern unverified,reactive
WS/MP18109/2024-2025/150197,DR. RAJESH MISHRA,Madhya Pradesh,Inspect,District Authority,23.9,67,Marked completed but no photo evidence uploaded; No payment record yet — vendor pattern unverified,reactive
WS/MP18109/2024-2025/150198,DR. RAJESH MISHRA,Madhya Pradesh,Inspect,District Authority,23.9,67,Marked completed but no photo evidence uploaded; No payment record yet — vendor pattern unverified,reactive
WS/MP18109/2024-2025/150199,DR. RAJESH MISHRA,Madhya Pradesh,Inspect,District Authority,23.9,67,Marked completed but no photo evidence uploaded; No payment record yet — vendor pattern unverified,reactive
WS/MP18109/2024-2025/150200,DR. RAJESH MISHRA,Madhya Pradesh,Inspect,District Authority,23.9,67,Marked completed but no photo evidence uploaded; No payment record yet — vendor pattern unverified,reactive
WS/MP18109/2024-2025/150201,DR. RAJESH MISHRA,Madhya Pradesh,Inspect,District Authority,23.9,67,Marked completed but no photo evidence uploaded; No payment record yet — vendor pattern unverified,reactive
WS/MP18041/2024-2025/143126,RAJESH RANJAN ALIAS PAPPU YADAV,Bihar,Inspect,District Authority,23.9,67,Marked completed but no photo evidence uploaded; No payment record yet — vendor pattern unverified,reactive
WS/MP18394/2024-2025/151363,V S Matheswaran,Tamil Nadu,Inspect,District Authority,23.9,67,Marked completed but no photo evidence uploaded; No payment record yet — vendor pattern unverified,reactive
WS/MP761/2024-2025/144994,Arvind Dharmapuri,Telangana,Inspect,District Authority,23.9,67,Marked completed but no photo evidence uploaded; No payment record yet — vendor pattern unverified,reactive
WS/MP18109/2024-2025/150137,DR. RAJESH MISHRA,Madhya Pradesh,Inspect,District Authority,23.9,67,Marked completed but no photo evidence uploaded; No payment record yet — vendor pattern unverified,reactive
WS/MP18109/2024-2025/150138,DR. RAJESH MISHRA,Madhya Pradesh,Inspect,District Authority,23.9,67,Marked completed but no photo evidence uploaded; No payment record yet — vendor pattern unverified,reactive
WS/MP18109/2024-2025/150139,DR. RAJESH MISHRA,Madhya Pradesh,Inspect,District Authority,23.9,67,Marked completed but no photo evidence uploaded; No payment record yet — vendor pattern unverified,reactive
WS/MP313/2024-2025/151643,Shri Tapir Gao,Arunachal Pradesh,Inspect,District Authority,23.9,67,Marked completed but no photo evidence uploaded; No payment record yet — vendor pattern unverified,reactive
WS/MP313/2024-2025/151644,Shri Tapir Gao,Arunachal Pradesh,Inspect,District Authority,23.9,67,Marked completed but no photo evidence uploaded; No payment record yet — vendor pattern unverified,reactive
WS/MP422/2024-2025/151603,Dileshwar Kamait,Bihar,Inspect,District Authority,23.9,67,Marked completed but no photo evidence uploaded; No payment record yet — vendor pattern unverified,reactive
WS/MP013/2024-2025/151023,Indra Hang Subba,Sikkim,Inspect,District Authority,23.9,67,Marked completed but no photo evidence uploaded; No payment record yet — vendor pattern unverified,reactive
WS/MP013/2024-2025/151024,Indra Hang Subba,Sikkim,Inspect,District Authority,23.9,67,Marked completed but no photo evidence uploaded; No payment record yet — vendor pattern unverified,reactive
WS/MP422/2024-2025/150412,Dileshwar Kamait,Bihar,Inspect,District Authority,23.9,67,Marked completed but no photo evidence uploaded; 10 works share identical description+amount under this MP/constituency — review for duplicate billing (may be legitimate bulk procurement); No payment record yet — vendor pattern unverified,reactive
WS/MP761/2024-2025/138986,Arvind Dharmapuri,Telangana,Inspect,District Authority,23.9,67,Marked completed but no photo evidence uploaded; No payment record yet — vendor pattern unverified,reactive
WS/MP18199/2025-2026/146800,LALJI VERMA,Uttar Pradesh,Inspect,District Authority,23.9,67,Marked completed but no photo evidence uploaded; No payment record yet — vendor pattern unverified,reactive
WS/MP485/2024-2025/136226,Pratima Mondal,West Bengal,Inspect,District Authority,23.9,67,Marked completed but no photo evidence uploaded; No payment record yet — vendor pattern unverified,reactive
WS/MP18144/2024-2025/135757,MALVIKA DEVI,Odisha,Inspect,District Authority,23.9,67,Marked completed but no photo evidence uploaded; No payment record yet — vendor pattern unverified,reactive
WS/MP18394/2024-2025/151357,V S Matheswaran,Tamil Nadu,Inspect,District Authority,23.9,67,Marked completed but no photo evidence uploaded; No payment record yet — vendor pattern unverified,reactive
WS/MP18109/2024-2025/150178,DR. RAJESH MISHRA,Madhya Pradesh,Inspect,District Authority,23.9,67,Marked completed but no photo evidence uploaded; No payment record yet — vendor pattern unverified,reactive
WS/MP18109/2024-2025/150179,DR. RAJESH MISHRA,Madhya Pradesh,Inspect,District Authority,23.9,67,Marked completed but no photo evidence uploaded; No payment record yet — vendor pattern unverified,reactive
WS/MP18109/2024-2025/150180,DR. RAJESH MISHRA,Madhya Pradesh,Inspect,District Authority,23.9,67,Marked completed but no photo evidence uploaded; No payment record yet — vendor pattern unverified,reactive
WS/MP18109/2024-2025/150181,DR. RAJESH MISHRA,Madhya Pradesh,Inspect,District Authority,23.9,67,Marked completed but no photo evidence uploaded; No payment record yet — vendor pattern unverified,reactive
WS/MP18109/2024-2025/150182,DR. RAJESH MISHRA,Madhya Pradesh,Inspect,District Authority,23.9,67,Marked completed but no photo evidence uploaded; No payment record yet — vendor pattern unverified,reactive
WS/MP18109/2024-2025/150183,DR. RAJESH MISHRA,Madhya Pradesh,Inspect,District Authority,23.9,67,Marked completed but no photo evidence uploaded; No payment record yet — vendor pattern unverified,reactive
WS/MP18109/2024-2025/150184,DR. RAJESH MISHRA,Madhya Pradesh,Inspect,District Authority,23.9,67,Marked completed but no photo evidence uploaded; No payment record yet — vendor pattern unverified,reactive
WS/MP443/2025-2026/142853,Rodmal Nagar,Madhya Pradesh,Inspect,District Authority,23.9,67,Marked completed but no photo evidence uploaded; 42 works share identical description+amount under this MP/constituency — review for duplicate billing (may be legitimate bulk procurement); No payment record yet — vendor pattern unverified,reactive
WS/MP418/2024-2025/148554,Pradeep Kumar Singh,Bihar,Inspect,District Authority,23.9,67,Marked completed but no photo evidence uploaded; No payment record yet — vendor pattern unverified,reactive
WS/MP18338/2024-2025/148444,CHAMALA KIRAN KUMAR REDDY,Telangana,Inspect,District Authority,23.9,67,Marked completed but no photo evidence uploaded; No payment record yet — vendor pattern unverified,reactive
WS/MP18109/2024-2025/150140,DR. RAJESH MISHRA,Madhya Pradesh,Inspect,District Authority,23.9,67,Marked completed but no photo evidence uploaded; No payment record yet — vendor pattern unverified,reactive
WS/MP18109/2024-2025/150141,DR. RAJESH MISHRA,Madhya Pradesh,Inspect,District Authority,23.9,67,Marked completed but no photo evidence uploaded; No payment record yet — vendor pattern unverified,reactive
WS/MP18109/2024-2025/150142,DR. RAJESH MISHRA,Madhya Pradesh,Inspect,District Authority,23.9,67,Marked completed but no photo evidence uploaded; No payment record yet — vendor pattern unverified,reactive
WS/MP18109/2024-2025/150143,DR. RAJESH MISHRA,Madhya Pradesh,Inspect,District Authority,23.9,67,Marked completed but no photo evidence uploaded; No payment record yet — vendor pattern unverified,reactive
WS/MP18109/2024-2025/150144,DR. RAJESH MISHRA,Madhya Pradesh,Inspect,District Authority,23.9,67,Marked completed but no photo evidence uploaded; No payment record yet — vendor pattern unverified,reactive
WS/MP18109/2024-2025/150145,DR. RAJESH MISHRA,Madhya Pradesh,Inspect,District Authority,23.9,67,Marked completed but no photo evidence uploaded; No payment record yet — vendor pattern unverified,reactive
WS/MP18109/2024-2025/150146,DR. RAJESH MISHRA,Madhya Pradesh,Inspect,District Authority,23.9,67,Marked completed but no photo evidence uploaded; No payment record yet — vendor pattern unverified,reactive
WS/MP18109/2024-2025/150147,DR. RAJESH MISHRA,Madhya Pradesh,Inspect,District Authority,23.9,67,Marked completed but no photo evidence uploaded; No payment record yet — vendor pattern unverified,reactive
WS/MP18109/2024-2025/150148,DR. RAJESH MISHRA,Madhya Pradesh,Inspect,District Authority,23.9,67,Marked completed but no photo evidence uploaded; No payment record yet — vendor pattern unverified,reactive
WS/MP18109/2024-2025/150149,DR. RAJESH MISHRA,Madhya Pradesh,Inspect,District Authority,23.9,67,Marked completed but no photo evidence uploaded; No payment record yet — vendor pattern unverified,reactive
WS/MP18109/2024-2025/150150,DR. RAJESH MISHRA,Madhya Pradesh,Inspect,District Authority,23.9,67,Marked completed but no photo evidence uploaded; No payment record yet — vendor pattern unverified,reactive
WS/MP18109/2024-2025/150151,DR. RAJESH MISHRA,Madhya Pradesh,Inspect,District Authority,23.9,67,Marked completed but no photo evidence uploaded; No payment record yet — vendor pattern unverified,reactive
WS/MP013/2024-2025/151021,Indra Hang Subba,Sikkim,Inspect,District Authority,23.9,67,Marked completed but no photo evidence uploaded; No payment record yet — vendor pattern unverified,reactive
WS/MP013/2024-2025/151022,Indra Hang Subba,Sikkim,Inspect,District Authority,23.9,67,Marked completed but no photo evidence uploaded; No payment record yet — vendor pattern unverified,reactive
WS/MP18109/2024-2025/150192,DR. RAJESH MISHRA,Madhya Pradesh,Inspect,District Authority,23.9,67,Marked completed but no photo evidence uploaded; No payment record yet — vendor pattern unverified,reactive
WS/MP18109/2024-2025/150193,DR. RAJESH MISHRA,Madhya Pradesh,Inspect,District Authority,23.9,67,Marked completed but no photo evidence uploaded; No payment record yet — vendor pattern unverified,reactive
WS/MP18109/2024-2025/150194,DR. RAJESH MISHRA,Madhya Pradesh,Inspect,District Authority,23.9,67,Marked completed but no photo evidence uploaded; No payment record yet — vendor pattern unverified,reactive
WS/MP18138/2024-2025/148824,RICHARD VANLALHMANGAIHA,Mizoram,Inspect,District Authority,23.9,67,Marked completed but no photo evidence uploaded; No payment record yet — vendor pattern unverified,reactive
WS/MP18138/2024-2025/148825,RICHARD VANLALHMANGAIHA,Mizoram,Inspect,District Authority,23.9,67,Marked completed but no photo evidence uploaded; No payment record yet — vendor pattern unverified,reactive
WS/MP418/2024-2025/148552,Pradeep Kumar Singh,Bihar,Inspect,District Authority,23.9,67,Marked completed but no photo evidence uploaded; No payment record yet — vendor pattern unverified,reactive
WS/MP18311/2024-2025/153717,MALVINDER SINGH KANG,Punjab,Inspect,District Authority,23.9,67,Marked completed but no photo evidence uploaded; No payment record yet — vendor pattern unverified,reactive
WS/MP18144/2024-2025/148129,MALVIKA DEVI,Odisha,Inspect,District Authority,23.9,67,Marked completed but no photo evidence uploaded; No payment record yet — vendor pattern unverified,reactive
WS/MP453/2024-2025/153895,Saptagiri Sankar Ulaka,Odisha,Inspect,District Authority,23.9,67,Marked completed but no photo evidence uploaded; No payment record yet — vendor pattern unverified,reactive
WS/MP761/2024-2025/144975,Arvind Dharmapuri,Telangana,Inspect,District Authority,23.9,67,Marked completed but no photo evidence uploaded; No payment record yet — vendor pattern unverified,reactive
WS/MP386/2024-2025/145062,Shri Hanuman Beniwal,Rajasthan,Inspect,District Authority,23.9,67,Marked completed but no photo evidence uploaded; No payment record yet — vendor pattern unverified,reactive
WS/MP485/2025-2026/136227,Pratima Mondal,West Bengal,Inspect,District Authority,23.9,67,Marked completed but no photo evidence uploaded; No payment record yet — vendor pattern unverified,reactive
WS/MP386/2024-2025/145068,Shri Hanuman Beniwal,Rajasthan,Inspect,District Authority,23.9,67,Marked completed but no photo evidence uploaded; No payment record yet — vendor pattern unverified,reactive
WS/MP386/2024-2025/145071,Shri Hanuman Beniwal,Rajasthan,Inspect,District Authority,23.9,67,Marked completed but no photo evidence uploaded; No payment record yet — vendor pattern unverified,reactive
WS/MP18109/2024-2025/150152,DR. RAJESH MISHRA,Madhya Pradesh,Inspect,District Authority,23.9,67,Marked completed but no photo evidence uploaded; No payment record yet — vendor pattern unverified,reactive
WS/MP418/2024-2025/148553,Pradeep Kumar Singh,Bihar,Inspect,District Authority,23.9,67,Marked completed but no photo evidence uploaded; No payment record yet — vendor pattern unverified,reactive
WS/MP418/2024-2025/153942,Pradeep Kumar Singh,Bihar,Inspect,District Authority,23.9,67,Marked completed but no photo evidence uploaded; No payment record yet — vendor pattern unverified,reactive
WS/MP418/2024-2025/153943,Pradeep Kumar Singh,Bihar,Inspect,District Authority,23.9,67,Marked completed but no photo evidence uploaded; No payment record yet — vendor pattern unverified,reactive
WS/MP418/2024-2025/153944,Pradeep Kumar Singh,Bihar,Inspect,District Authority,23.9,67,Marked completed but no photo evidence uploaded; No payment record yet — vendor pattern unverified,reactive
WS/MP761/2024-2025/138999,Arvind Dharmapuri,Telangana,Inspect,District Authority,23.9,67,Marked completed but no photo evidence uploaded; No payment record yet — vendor pattern unverified,reactive
WS/MP18023/2024-2025/147014,BIJULI KALITA MEDHI,Assam,Inspect,District Authority,23.9,67,Marked completed but no photo evidence uploaded; No payment record yet — vendor pattern unverified,reactive
WS/MP416/2024-2025/145370,Ashok Kumar Yadav,Bihar,Inspect,District Authority,23.9,67,Marked completed but no photo evidence uploaded; No payment record yet — vendor pattern unverified,reactive
WS/MP418/2024-2025/148550,Pradeep Kumar Singh,Bihar,Inspect,District Authority,23.9,67,Marked completed but no photo evidence uploaded; No payment record yet — vendor pattern unverified,reactive
WS/MP418/2024-2025/148551,Pradeep Kumar Singh,Bihar,Inspect,District Authority,23.9,67,Marked completed but no photo evidence uploaded; No payment record yet — vendor pattern unverified,reactive
WS/MP18041/2024-2025/143127,RAJESH RANJAN ALIAS PAPPU YADAV,Bihar,Inspect,District Authority,23.9,67,Marked completed but no photo evidence uploaded; No payment record yet — vendor pattern unverified,reactive
WS/MP18153/2024-2025/135260,SHER SINGH GHUBAYA,Punjab,Inspect,District Authority,23.9,67,Marked completed but no photo evidence uploaded; No payment record yet — vendor pattern unverified,reactive
WS/MP18153/2024-2025/135263,SHER SINGH GHUBAYA,Punjab,Inspect,District Authority,23.9,67,Marked completed but no photo evidence uploaded; No payment record yet — vendor pattern unverified,reactive
WS/MP18153/2024-2025/135266,SHER SINGH GHUBAYA,Punjab,Inspect,District Authority,23.9,67,Marked completed but no photo evidence uploaded; No payment record yet — vendor pattern unverified,reactive
WS/MP18109/2024-2025/150188,DR. RAJESH MISHRA,Madhya Pradesh,Inspect,District Authority,23.9,67,Marked completed but no photo evidence uploaded; No payment record yet — vendor pattern unverified,reactive
WS/MP18109/2024-2025/150189,DR. RAJESH MISHRA,Madhya Pradesh,Inspect,District Authority,23.9,67,Marked completed but no photo evidence uploaded; No payment record yet — vendor pattern unverified,reactive
WS/MP18109/2024-2025/150190,DR. RAJESH MISHRA,Madhya Pradesh,Inspect,District Authority,23.9,67,Marked completed but no photo evidence uploaded; No payment record yet — vendor pattern unverified,reactive
WS/MP18109/2024-2025/150191,DR. RAJESH MISHRA,Madhya Pradesh,Inspect,District Authority,23.9,67,Marked completed but no photo evidence uploaded; No payment record yet — vendor pattern unverified,reactive
WS/MP18138/2024-2025/148818,RICHARD VANLALHMANGAIHA,Mizoram,Inspect,District Authority,23.9,67,Marked completed but no photo evidence uploaded; No payment record yet — vendor pattern unverified,reactive
WS/MP18138/2024-2025/148819,RICHARD VANLALHMANGAIHA,Mizoram,Inspect,District Authority,23.9,67,Marked completed but no photo evidence uploaded; No payment record yet — vendor pattern unverified,reactive
WS/MP18138/2024-2025/148820,RICHARD VANLALHMANGAIHA,Mizoram,Inspect,District Authority,23.9,67,Marked completed but no photo evidence uploaded; No payment record yet — vendor pattern unverified,reactive
WS/MP18138/2024-2025/148821,RICHARD VANLALHMANGAIHA,Mizoram,Inspect,District Authority,23.9,67,Marked completed but no photo evidence uploaded; No payment record yet — vendor pattern unverified,reactive
WS/MP418/2024-2025/147611,Pradeep Kumar Singh,Bihar,Inspect,District Authority,23.9,67,Marked completed but no photo evidence uploaded; No payment record yet — vendor pattern unverified,reactive
WS/MP418/2024-2025/147612,Pradeep Kumar Singh,Bihar,Inspect,District Authority,23.9,67,Marked completed but no photo evidence uploaded; No payment record yet — vendor pattern unverified,reactive
WS/MP18176/2024-2025/142538,SACHITHANANTHAM R,Tamil Nadu,Inspect,District Authority,23.9,67,Marked completed but no photo evidence uploaded; No payment record yet — vendor pattern unverified,reactive
WS/MP422/2024-2025/139606,Dileshwar Kamait,Bihar,Inspect,District Authority,23.9,67,Marked completed but no photo evidence uploaded; 10 works share identical description+amount under this MP/constituency — review for duplicate billing (may be legitimate bulk procurement); No payment record yet — vendor pattern unverified,reactive
WS/MP422/2024-2025/139607,Dileshwar Kamait,Bihar,Inspect,District Authority,23.9,67,Marked completed but no photo evidence uploaded; 10 works share identical description+amount under this MP/constituency — review for duplicate billing (may be legitimate bulk procurement); No payment record yet — vendor pattern unverified,reactive
WS/MP422/2024-2025/139608,Dileshwar Kamait,Bihar,Inspect,District Authority,23.9,67,Marked completed but no photo evidence uploaded; No payment record yet — vendor pattern unverified,reactive
WS/MP18176/2024-2025/139946,SACHITHANANTHAM R,Tamil Nadu,Inspect,District Authority,23.9,67,Marked completed but no photo evidence uploaded; No payment record yet — vendor pattern unverified,reactive
WS/MP418/2024-2025/153918,Pradeep Kumar Singh,Bihar,Inspect,District Authority,23.9,67,Marked completed but no photo evidence uploaded; No payment record yet — vendor pattern unverified,reactive
WS/MP418/2024-2025/153919,Pradeep Kumar Singh,Bihar,Inspect,District Authority,23.9,67,Marked completed but no photo evidence uploaded; No payment record yet — vendor pattern unverified,reactive
WS/MP418/2024-2025/153937,Pradeep Kumar Singh,Bihar,Inspect,District Authority,23.9,67,Marked completed but no photo evidence uploaded; No payment record yet — vendor pattern unverified,reactive
WS/MP418/2024-2025/153938,Pradeep Kumar Singh,Bihar,Inspect,District Authority,23.9,67,Marked completed but no photo evidence uploaded; No payment record yet — vendor pattern unverified,reactive
WS/MP418/2024-2025/153939,Pradeep Kumar Singh,Bihar,Inspect,District Authority,23.9,67,Marked completed but no photo evidence uploaded; No payment record yet — vendor pattern unverified,reactive
WS/MP18152/2024-2025/141215,SARABJEET SINGH KHALSA,Punjab,Inspect,District Authority,23.9,67,Marked completed but no photo evidence uploaded; No payment record yet — vendor pattern unverified,reactive
WS/MP18152/2024-2025/141217,SARABJEET SINGH KHALSA,Punjab,Inspect,District Authority,23.9,67,Marked completed but no photo evidence uploaded; No payment record yet — vendor pattern unverified,reactive
WS/MP18152/2024-2025/141218,SARABJEET SINGH KHALSA,Punjab,Inspect,District Authority,23.9,67,Marked completed but no photo evidence uploaded; No payment record yet — vendor pattern unverified,reactive
WS/MP18152/2024-2025/141224,SARABJEET SINGH KHALSA,Punjab,Inspect,District Authority,23.9,67,Marked completed but no photo evidence uploaded; No payment record yet — vendor pattern unverified,reactive
WS/MP18152/2024-2025/141195,SARABJEET SINGH KHALSA,Punjab,Inspect,District Authority,23.9,67,Marked completed but no photo evidence uploaded; No payment record yet — vendor pattern unverified,reactive
WS/MP18253/2024-2025/141438,BAPI HALDAR,West Bengal,Inspect,District Authority,23.9,67,Marked completed but no photo evidence uploaded; No payment record yet — vendor pattern unverified,reactive
WS/MP18253/2024-2025/141439,BAPI HALDAR,West Bengal,Inspect,District Authority,23.9,67,Marked completed but no photo evidence uploaded; No payment record yet — vendor pattern unverified,reactive
WS/MP18138/2024-2025/148827,RICHARD VANLALHMANGAIHA,Mizoram,Inspect,District Authority,23.9,67,Marked completed but no photo evidence uploaded; No payment record yet — vendor pattern unverified,reactive
WS/MP18041/2024-2025/142795,RAJESH RANJAN ALIAS PAPPU YADAV,Bihar,Inspect,District Authority,23.9,67,Marked completed but no photo evidence uploaded; No payment record yet — vendor pattern unverified,reactive
WS/MP18041/2024-2025/142796,RAJESH RANJAN ALIAS PAPPU YADAV,Bihar,Inspect,District Authority,23.9,67,Marked completed but no photo evidence uploaded; No payment record yet — vendor pattern unverified,reactive
WS/MP18041/2024-2025/142797,RAJESH RANJAN ALIAS PAPPU YADAV,Bihar,Inspect,District Authority,23.9,67,Marked completed but no photo evidence uploaded; No payment record yet — vendor pattern unverified,reactive
WS/MP18041/2024-2025/142798,RAJESH RANJAN ALIAS PAPPU YADAV,Bihar,Inspect,District Authority,23.9,67,Marked completed but no photo evidence uploaded; No payment record yet — vendor pattern unverified,reactive
WS/MP18041/2024-2025/142799,RAJESH RANJAN ALIAS PAPPU YADAV,Bihar,Inspect,District Authority,23.9,67,Marked completed but no photo evidence uploaded; No payment record yet — vendor pattern unverified,reactive
WS/MP18041/2024-2025/142800,RAJESH RANJAN ALIAS PAPPU YADAV,Bihar,Inspect,District Authority,23.9,67,Marked completed but no photo evidence uploaded; No payment record yet — vendor pattern unverified,reactive
WS/MP18138/2024-2025/148816,RICHARD VANLALHMANGAIHA,Mizoram,Inspect,District Authority,23.9,67,Marked completed but no photo evidence uploaded; No payment record yet — vendor pattern unverified,reactive
WS/MP18138/2024-2025/148817,RICHARD VANLALHMANGAIHA,Mizoram,Inspect,District Authority,23.9,67,Marked completed but no photo evidence uploaded; No payment record yet — vendor pattern unverified,reactive
WS/MP18109/2024-2025/150209,DR. RAJESH MISHRA,Madhya Pradesh,Inspect,District Authority,23.9,67,Marked completed but no photo evidence uploaded; No payment record yet — vendor pattern unverified,reactive
WS/MP418/2024-2025/147613,Pradeep Kumar Singh,Bihar,Inspect,District Authority,23.9,67,Marked completed but no photo evidence uploaded; No payment record yet — vendor pattern unverified,reactive
WS/MP422/2024-2025/139604,Dileshwar Kamait,Bihar,Inspect,District Authority,23.9,67,Marked completed but no photo evidence uploaded; 10 works share identical description+amount under this MP/constituency — review for duplicate billing (may be legitimate bulk procurement); No payment record yet — vendor pattern unverified,reactive
WS/MP422/2024-2025/139605,Dileshwar Kamait,Bihar,Inspect,District Authority,23.9,67,Marked completed but no photo evidence uploaded; 10 works share identical description+amount under this MP/constituency — review for duplicate billing (may be legitimate bulk procurement); No payment record yet — vendor pattern unverified,reactive
WS/MP508/2024-2025/134684,CN Annadurai,Tamil Nadu,Inspect,District Authority,23.9,67,Marked completed but no photo evidence uploaded; No payment record yet — vendor pattern unverified,reactive
WS/MP18152/2024-2025/141208,SARABJEET SINGH KHALSA,Punjab,Inspect,District Authority,23.9,67,Marked completed but no photo evidence uploaded; 15 works share identical description+amount under this MP/constituency — review for duplicate billing (may be legitimate bulk procurement); No payment record yet — vendor pattern unverified,reactive
WS/MP18152/2024-2025/141209,SARABJEET SINGH KHALSA,Punjab,Inspect,District Authority,23.9,67,Marked completed but no photo evidence uploaded; 15 works share identical description+amount under this MP/constituency — review for duplicate billing (may be legitimate bulk procurement); No payment record yet — vendor pattern unverified,reactive
WS/MP18152/2024-2025/141210,SARABJEET SINGH KHALSA,Punjab,Inspect,District Authority,23.9,67,Marked completed but no photo evidence uploaded; 15 works share identical description+amount under this MP/constituency — review for duplicate billing (may be legitimate bulk procurement); No payment record yet — vendor pattern unverified,reactive
WS/MP18152/2024-2025/141211,SARABJEET SINGH KHALSA,Punjab,Inspect,District Authority,23.9,67,Marked completed but no photo evidence uploaded; 15 works share identical description+amount under this MP/constituency — review for duplicate billing (may be legitimate bulk procurement); No payment record yet — vendor pattern unverified,reactive
WS/MP18152/2024-2025/141212,SARABJEET SINGH KHALSA,Punjab,Inspect,District Authority,23.9,67,Marked completed but no photo evidence uploaded; 15 works share identical description+amount under this MP/constituency — review for duplicate billing (may be legitimate bulk procurement); No payment record yet — vendor pattern unverified,reactive
WS/MP18152/2024-2025/141213,SARABJEET SINGH KHALSA,Punjab,Inspect,District Authority,23.9,67,Marked completed but no photo evidence uploaded; No payment record yet — vendor pattern unverified,reactive
WS/MP18138/2024-2025/148110,RICHARD VANLALHMANGAIHA,Mizoram,Inspect,District Authority,23.9,67,Marked completed but no photo evidence uploaded; No payment record yet — vendor pattern unverified,reactive
WS/MP18153/2024-2025/137279,SHER SINGH GHUBAYA,Punjab,Inspect,District Authority,23.9,67,Marked completed but no photo evidence uploaded; No payment record yet — vendor pattern unverified,reactive
WS/MP18153/2024-2025/137281,SHER SINGH GHUBAYA,Punjab,Inspect,District Authority,23.9,67,Marked completed but no photo evidence uploaded; No payment record yet — vendor pattern unverified,reactive
WS/MP761/2025-2026/153976,Arvind Dharmapuri,Telangana,Inspect,District Authority,23.9,67,Marked completed but no photo evidence uploaded; No payment record yet — vendor pattern unverified,reactive
WS/MP18152/2024-2025/141214,SARABJEET SINGH KHALSA,Punjab,Inspect,District Authority,23.9,67,Marked completed but no photo evidence uploaded; No payment record yet — vendor pattern unverified,reactive
WS/MP18152/2024-2025/141200,SARABJEET SINGH KHALSA,Punjab,Inspect,District Authority,23.9,67,Marked completed but no photo evidence uploaded; 15 works share identical description+amount under this MP/constituency — review for duplicate billing (may be legitimate bulk procurement); No payment record yet — vendor pattern unverified,reactive
WS/MP18152/2024-2025/141201,SARABJEET SINGH KHALSA,Punjab,Inspect,District Authority,23.9,67,Marked completed but no photo evidence uploaded; 15 works share identical description+amount under this MP/constituency — review for duplicate billing (may be legitimate bulk procurement); No payment record yet — vendor pattern unverified,reactive
WS/MP18152/2024-2025/141202,SARABJEET SINGH KHALSA,Punjab,Inspect,District Authority,23.9,67,Marked completed but no photo evidence uploaded; 15 works share identical description+amount under this MP/constituency — review for duplicate billing (may be legitimate bulk procurement); No payment record yet — vendor pattern unverified,reactive
WS/MP18152/2024-2025/141204,SARABJEET SINGH KHALSA,Punjab,Inspect,District Authority,23.9,67,Marked completed but no photo evidence uploaded; 15 works share identical description+amount under this MP/constituency — review for duplicate billing (may be legitimate bulk procurement); No payment record yet — vendor pattern unverified,reactive
WS/MP18152/2024-2025/141205,SARABJEET SINGH KHALSA,Punjab,Inspect,District Authority,23.9,67,Marked completed but no photo evidence uploaded; 15 works share identical description+amount under this MP/constituency — review for duplicate billing (may be legitimate bulk procurement); No payment record yet — vendor pattern unverified,reactive
WS/MP18152/2024-2025/141206,SARABJEET SINGH KHALSA,Punjab,Inspect,District Authority,23.9,67,Marked completed but no photo evidence uploaded; 15 works share identical description+amount under this MP/constituency — review for duplicate billing (may be legitimate bulk procurement); No payment record yet — vendor pattern unverified,reactive
WS/MP18152/2024-2025/141207,SARABJEET SINGH KHALSA,Punjab,Inspect,District Authority,23.9,67,Marked completed but no photo evidence uploaded; 15 works share identical description+amount under this MP/constituency — review for duplicate billing (may be legitimate bulk procurement); No payment record yet — vendor pattern unverified,reactive
WS/MP18041/2024-2025/142733,RAJESH RANJAN ALIAS PAPPU YADAV,Bihar,Inspect,District Authority,23.9,67,Marked completed but no photo evidence uploaded; No payment record yet — vendor pattern unverified,reactive
WS/MP18153/2024-2025/135258,SHER SINGH GHUBAYA,Punjab,Inspect,District Authority,23.9,67,Marked completed but no photo evidence uploaded; No payment record yet — vendor pattern unverified,reactive
WS/MP386/2024-2025/142233,Shri Hanuman Beniwal,Rajasthan,Inspect,District Authority,23.9,67,Marked completed but no photo evidence uploaded; No payment record yet — vendor pattern unverified,reactive
WS/MP18109/2024-2025/150186,DR. RAJESH MISHRA,Madhya Pradesh,Inspect,District Authority,23.9,67,Marked completed but no photo evidence uploaded; No payment record yet — vendor pattern unverified,reactive
WS/MP18109/2024-2025/150187,DR. RAJESH MISHRA,Madhya Pradesh,Inspect,District Authority,23.9,67,Marked completed but no photo evidence uploaded; No payment record yet — vendor pattern unverified,reactive
WS/MP18109/2024-2025/150205,DR. RAJESH MISHRA,Madhya Pradesh,Inspect,District Authority,23.9,67,Marked completed but no photo evidence uploaded; No payment record yet — vendor pattern unverified,reactive
WS/MP18109/2024-2025/150206,DR. RAJESH MISHRA,Madhya Pradesh,Inspect,District Authority,23.9,67,Marked completed but no photo evidence uploaded; No payment record yet — vendor pattern unverified,reactive
WS/MP18109/2024-2025/150207,DR. RAJESH MISHRA,Madhya Pradesh,Inspect,District Authority,23.9,67,Marked completed but no photo evidence uploaded; No payment record yet — vendor pattern unverified,reactive
WS/MP18109/2024-2025/150208,DR. RAJESH MISHRA,Madhya Pradesh,Inspect,District Authority,23.9,67,Marked completed but no photo evidence uploaded; No payment record yet — vendor pattern unverified,reactive
WS/MP18138/2024-2025/148112,RICHARD VANLALHMANGAIHA,Mizoram,Inspect,District Authority,23.9,67,Marked completed but no photo evidence uploaded; No payment record yet — vendor pattern unverified,reactive
WS/MP18138/2024-2025/148113,RICHARD VANLALHMANGAIHA,Mizoram,Inspect,District Authority,23.9,67,Marked completed but no photo evidence uploaded; No payment record yet — vendor pattern unverified,reactive
WS/MP18138/2024-2025/148115,RICHARD VANLALHMANGAIHA,Mizoram,Inspect,District Authority,23.9,67,Marked completed but no photo evidence uploaded; No payment record yet — vendor pattern unverified,reactive
WS/MP18138/2024-2025/148116,RICHARD VANLALHMANGAIHA,Mizoram,Inspect,District Authority,23.9,67,Marked completed but no photo evidence uploaded; No payment record yet — vendor pattern unverified,reactive
WS/MP18138/2024-2025/148117,RICHARD VANLALHMANGAIHA,Mizoram,Inspect,District Authority,23.9,67,Marked completed but no photo evidence uploaded; No payment record yet — vendor pattern unverified,reactive
WS/MP18138/2024-2025/148118,RICHARD VANLALHMANGAIHA,Mizoram,Inspect,District Authority,23.9,67,Marked completed but no photo evidence uploaded; No payment record yet — vendor pattern unverified,reactive
WS/MP18138/2024-2025/148119,RICHARD VANLALHMANGAIHA,Mizoram,Inspect,District Authority,23.9,67,Marked completed but no photo evidence uploaded; No payment record yet — vendor pattern unverified,reactive
WS/MP18138/2024-2025/148120,RICHARD VANLALHMANGAIHA,Mizoram,Inspect,District Authority,23.9,67,Marked completed but no photo evidence uploaded; No payment record yet — vendor pattern unverified,reactive
WS/MP18138/2024-2025/148121,RICHARD VANLALHMANGAIHA,Mizoram,Inspect,District Authority,23.9,67,Marked completed but no photo evidence uploaded; No payment record yet — vendor pattern unverified,reactive
WS/MP18138/2024-2025/148122,RICHARD VANLALHMANGAIHA,Mizoram,Inspect,District Authority,23.9,67,Marked completed but no photo evidence uploaded; No payment record yet — vendor pattern unverified,reactive
WS/MP18138/2024-2025/148123,RICHARD VANLALHMANGAIHA,Mizoram,Inspect,District Authority,23.9,67,Marked completed but no photo evidence uploaded; No payment record yet — vendor pattern unverified,reactive
WS/MP18138/2024-2025/148125,RICHARD VANLALHMANGAIHA,Mizoram,Inspect,District Authority,23.9,67,Marked completed but no photo evidence uploaded; No payment record yet — vendor pattern unverified,reactive
WS/MP435/2024-2025/145629,Sanjay Seth,Jharkhand,Inspect,District Authority,23.9,67,Marked completed but no photo evidence uploaded; No payment record yet — vendor pattern unverified,reactive
WS/MP582/2024-2025/137333,Prabhubhai Nagarbhai Vasava,Gujarat,Inspect,District Authority,23.9,67,Marked completed but no photo evidence uploaded; No payment record yet — vendor pattern unverified,reactive
WS/MP18152/2024-2025/141197,SARABJEET SINGH KHALSA,Punjab,Inspect,District Authority,23.9,67,Marked completed but no photo evidence uploaded; No payment record yet — vendor pattern unverified,reactive
WS/MP18152/2024-2025/141199,SARABJEET SINGH KHALSA,Punjab,Inspect,District Authority,23.9,67,Marked completed but no photo evidence uploaded; 15 works share identical description+amount under this MP/constituency — review for duplicate billing (may be legitimate bulk procurement); No payment record yet — vendor pattern unverified,reactive
WS/MP386/2024-2025/147133,Shri Hanuman Beniwal,Rajasthan,Inspect,District Authority,23.9,67,Marked completed but no photo evidence uploaded; No payment record yet — vendor pattern unverified,reactive
WS/MP386/2024-2025/147134,Shri Hanuman Beniwal,Rajasthan,Inspect,District Authority,23.9,67,Marked completed but no photo evidence uploaded; No payment record yet — vendor pattern unverified,reactive
WS/MP386/2024-2025/147139,Shri Hanuman Beniwal,Rajasthan,Inspect,District Authority,23.9,67,Marked completed but no photo evidence uploaded; No payment record yet — vendor pattern unverified,reactive
WS/MP641/2024-2025/137265,Gajendra Singh Patel,Madhya Pradesh,Inspect,District Authority,23.9,67,Marked completed but no photo evidence uploaded; No payment record yet — vendor pattern unverified,reactive
WS/MP18359/2024-2025/146581,KANWAR SINGH TANWAR,Uttar Pradesh,Inspect,District Authority,23.9,67,Marked completed but no photo evidence uploaded; No payment record yet — vendor pattern unverified,reactive
WS/MP761/2024-2025/146605,Arvind Dharmapuri,Telangana,Inspect,District Authority,23.9,67,Marked completed but no photo evidence uploaded; No payment record yet — vendor pattern unverified,reactive
WS/MP18109/2024-2025/150130,DR. RAJESH MISHRA,Madhya Pradesh,Inspect,District Authority,23.9,67,Marked completed but no photo evidence uploaded; No payment record yet — vendor pattern unverified,reactive
WS/MP18109/2024-2025/150131,DR. RAJESH MISHRA,Madhya Pradesh,Inspect,District Authority,23.9,67,Marked completed but no photo evidence uploaded; No payment record yet — vendor pattern unverified,reactive
WS/MP18109/2024-2025/150132,DR. RAJESH MISHRA,Madhya Pradesh,Inspect,District Authority,23.9,67,Marked completed but no photo evidence uploaded; No payment record yet — vendor pattern unverified,reactive
WS/MP18109/2024-2025/150133,DR. RAJESH MISHRA,Madhya Pradesh,Inspect,District Authority,23.9,67,Marked completed but no photo evidence uploaded; No payment record yet — vendor pattern unverified,reactive
WS/MP18109/2024-2025/150134,DR. RAJESH MISHRA,Madhya Pradesh,Inspect,District Authority,23.9,67,Marked completed but no photo evidence uploaded; No payment record yet — vendor pattern unverified,reactive
WS/MP18109/2024-2025/150135,DR. RAJESH MISHRA,Madhya Pradesh,Inspect,District Authority,23.9,67,Marked completed but no photo evidence uploaded; No payment record yet — vendor pattern unverified,reactive
WS/MP18109/2024-2025/150136,DR. RAJESH MISHRA,Madhya Pradesh,Inspect,District Authority,23.9,67,Marked completed but no photo evidence uploaded; No payment record yet — vendor pattern unverified,reactive
WS/MP18152/2024-2025/141188,SARABJEET SINGH KHALSA,Punjab,Inspect,District Authority,23.9,67,Marked completed but no photo evidence uploaded; No payment record yet — vendor pattern unverified,reactive
WS/MP18152/2024-2025/141192,SARABJEET SINGH KHALSA,Punjab,Inspect,District Authority,23.9,67,Marked completed but no photo evidence uploaded; 15 works share identical description+amount under this MP/constituency — review for duplicate billing (may be legitimate bulk procurement); No payment record yet — vendor pattern unverified,reactive
WS/MP18152/2024-2025/141193,SARABJEET SINGH KHALSA,Punjab,Inspect,District Authority,23.9,67,Marked completed but no photo evidence uploaded; 19 works share identical description+amount under this MP/constituency — review for duplicate billing (may be legitimate bulk procurement); No payment record yet — vendor pattern unverified,reactive
WS/MP18391/2024-2025/140314,S SUPONGMEREN JAMIR,Nagaland,Inspect,District Authority,23.9,67,Marked completed but no photo evidence uploaded; No payment record yet — vendor pattern unverified,reactive
WS/MP313/2024-2025/138706,Shri Tapir Gao,Arunachal Pradesh,Inspect,District Authority,23.9,67,Marked completed but no photo evidence uploaded; No payment record yet — vendor pattern unverified,reactive
WS/MP422/2024-2025/139574,Dileshwar Kamait,Bihar,Inspect,District Authority,23.9,67,Marked completed but no photo evidence uploaded; No payment record yet — vendor pattern unverified,reactive
WS/MP422/2024-2025/139575,Dileshwar Kamait,Bihar,Inspect,District Authority,23.9,67,Marked completed but no photo evidence uploaded; No payment record yet — vendor pattern unverified,reactive
WS/MP422/2024-2025/139576,Dileshwar Kamait,Bihar,Inspect,District Authority,23.9,67,Marked completed but no photo evidence uploaded; No payment record yet — vendor pattern unverified,reactive
WS/MP422/2024-2025/139596,Dileshwar Kamait,Bihar,Inspect,District Authority,23.9,67,Marked completed but no photo evidence uploaded; No payment record yet — vendor pattern unverified,reactive
WS/MP422/2024-2025/139598,Dileshwar Kamait,Bihar,Inspect,District Authority,23.9,67,Marked completed but no photo evidence uploaded; No payment record yet — vendor pattern unverified,reactive
WS/MP422/2024-2025/139599,Dileshwar Kamait,Bihar,Inspect,District Authority,23.9,67,Marked completed but no photo evidence uploaded; No payment record yet — vendor pattern unverified,reactive
WS/MP422/2024-2025/139600,Dileshwar Kamait,Bihar,Inspect,District Authority,23.9,67,Marked completed but no photo evidence uploaded; No payment record yet — vendor pattern unverified,reactive
WS/MP18152/2024-2025/133688,SARABJEET SINGH KHALSA,Punjab,Inspect,District Authority,23.9,67,Marked completed but no photo evidence uploaded; No payment record yet — vendor pattern unverified,reactive
WS/MP18152/2024-2025/133689,SARABJEET SINGH KHALSA,Punjab,Inspect,District Authority,23.9,67,Marked completed but no photo evidence uploaded; No payment record yet — vendor pattern unverified,reactive
WS/MP18152/2024-2025/133690,SARABJEET SINGH KHALSA,Punjab,Inspect,District Authority,23.9,67,Marked completed but no photo evidence uploaded; No payment record yet — vendor pattern unverified,reactive
WS/MP18152/2024-2025/133691,SARABJEET SINGH KHALSA,Punjab,Inspect,District Authority,23.9,67,Marked completed but no photo evidence uploaded; No payment record yet — vendor pattern unverified,reactive
WS/MP641/2024-2025/138924,Gajendra Singh Patel,Madhya Pradesh,Inspect,District Authority,23.9,67,Marked completed but no photo evidence uploaded; 17 works share identical description+amount under this MP/constituency — review for duplicate billing (may be legitimate bulk procurement); No payment record yet — vendor pattern unverified,reactive
WS/MP641/2024-2025/138932,Gajendra Singh Patel,Madhya Pradesh,Inspect,District Authority,23.9,67,Marked completed but no photo evidence uploaded; 17 works share identical description+amount under this MP/constituency — review for duplicate billing (may be legitimate bulk procurement); No payment record yet — vendor pattern unverified,reactive
WS/MP418/2024-2025/147615,Pradeep Kumar Singh,Bihar,Inspect,District Authority,23.9,67,Marked completed but no photo evidence uploaded; No payment record yet — vendor pattern unverified,reactive
WS/MP422/2024-2025/139572,Dileshwar Kamait,Bihar,Inspect,District Authority,23.9,67,Marked completed but no photo evidence uploaded; No payment record yet — vendor pattern unverified,reactive
WS/MP422/2024-2025/139573,Dileshwar Kamait,Bihar,Inspect,District Authority,23.9,67,Marked completed but no photo evidence uploaded; No payment record yet — vendor pattern unverified,reactive
WS/MP18109/2024-2025/150202,DR. RAJESH MISHRA,Madhya Pradesh,Inspect,District Authority,23.9,67,Marked completed but no photo evidence uploaded; No payment record yet — vendor pattern unverified,reactive
WS/MP18109/2024-2025/150203,DR. RAJESH MISHRA,Madhya Pradesh,Inspect,District Authority,23.9,67,Marked completed but no photo evidence uploaded; No payment record yet — vendor pattern unverified,reactive
WS/MP18109/2024-2025/150204,DR. RAJESH MISHRA,Madhya Pradesh,Inspect,District Authority,23.9,67,Marked completed but no photo evidence uploaded; No payment record yet — vendor pattern unverified,reactive
WS/MP761/2024-2025/146272,Arvind Dharmapuri,Telangana,Inspect,District Authority,23.9,67,Marked completed but no photo evidence uploaded; No payment record yet — vendor pattern unverified,reactive
WS/MP423/2024-2025/133969,Ramprit Mandal,Bihar,Inspect,District Authority,23.9,67,Marked completed but no photo evidence uploaded; No payment record yet — vendor pattern unverified,reactive
WS/MP423/2024-2025/133970,Ramprit Mandal,Bihar,Inspect,District Authority,23.9,67,Marked completed but no photo evidence uploaded; No payment record yet — vendor pattern unverified,reactive
WS/MP18152/2024-2025/133693,SARABJEET SINGH KHALSA,Punjab,Inspect,District Authority,23.9,67,Marked completed but no photo evidence uploaded; No payment record yet — vendor pattern unverified,reactive
WS/MP18152/2024-2025/133694,SARABJEET SINGH KHALSA,Punjab,Inspect,District Authority,23.9,67,Marked completed but no photo evidence uploaded; No payment record yet — vendor pattern unverified,reactive
WS/MP18069/2024-2025/154978,RAJEEV BHARDWAJ,Himachal Pradesh,Inspect,District Authority,23.9,67,Marked completed but no photo evidence uploaded; No payment record yet — vendor pattern unverified,reactive
WS/MP18391/2024-2025/140293,S SUPONGMEREN JAMIR,Nagaland,Inspect,District Authority,23.9,67,Marked completed but no photo evidence uploaded; No payment record yet — vendor pattern unverified,reactive
WS/MP18152/2024-2025/133686,SARABJEET SINGH KHALSA,Punjab,Inspect,District Authority,23.9,67,Marked completed but no photo evidence uploaded; No payment record yet — vendor pattern unverified,reactive
WS/MP18152/2024-2025/133687,SARABJEET SINGH KHALSA,Punjab,Inspect,District Authority,23.9,67,Marked completed but no photo evidence uploaded; No payment record yet — vendor pattern unverified,reactive
WS/MP18069/2024-2025/154934,RAJEEV BHARDWAJ,Himachal Pradesh,Inspect,District Authority,23.9,67,Marked completed but no photo evidence uploaded; No payment record yet — vendor pattern unverified,reactive
WS/MP18391/2024-2025/140310,S SUPONGMEREN JAMIR,Nagaland,Inspect,District Authority,23.9,67,Marked completed but no photo evidence uploaded; No payment record yet — vendor pattern unverified,reactive
