work_id,Hon'ble Members of Parliament,State,Constituency,work_type,recommended_amount,is_sanctioned,stuck_days,early_warning_score
WS/MP18338/2025-2026/152482,CHAMALA KIRAN KUMAR REDDY,Telangana,BHONGIR,Street lights,75000.0,False,647.0,99.7
WS/MP18338/2024-2025/152544,CHAMALA KIRAN KUMAR REDDY,Telangana,BHONGIR,Street lights,30000.0,False,647.0,99.7
WS/MP453/2025-2026/153930,Saptagiri Sankar Ulaka,Odisha,KORAPUT(ST),Construction of community centers and community halls,500000.0,False,639.0,98.2
WS/MP761/2024-2025/138982,Arvind Dharmapuri,Telangana,NIZAMABAD,Construction of community centers and community halls,400000.0,True,594.0,98.1
WS/MP761/2024-2025/138987,Arvind Dharmapuri,Telangana,NIZAMABAD,Construction of boundary walls of existing public and community buildings,399555.0,True,594.0,98.1
WS/MP761/2024-2025/139000,Arvind Dharmapuri,Telangana,NIZAMABAD,Construction of boundary walls of existing public and community buildings,400000.0,True,594.0,98.1
WS/MP18144/2024-2025/148056,MALVIKA DEVI,Odisha,KALAHANDI,Construction of common work sheds/ common covered sitting area,300000.0,True,596.0,97.7
WS/MP18144/2024-2025/148058,MALVIKA DEVI,Odisha,KALAHANDI,Construction of boundary walls of existing public and community buildings,200000.0,True,596.0,97.5
WS/MP761/2024-2025/138989,Arvind Dharmapuri,Telangana,NIZAMABAD,Construction of community centers and community halls,400000.0,True,592.0,97.4
WS/MP18144/2024-2025/148136,MALVIKA DEVI,Odisha,KALAHANDI,Construction of boundary walls of existing public and community buildings,200000.0,True,596.0,97.4
WS/MP18144/2024-2025/148134,MALVIKA DEVI,Odisha,KALAHANDI,Construction of boundary walls of existing public and community buildings,200000.0,True,596.0,97.4
WS/MP761/2024-2025/138983,Arvind Dharmapuri,Telangana,NIZAMABAD,Construction of community centers and community halls,300000.0,True,594.0,97.4
WS/MP435/2024-2025/147148,Sanjay Seth,Jharkhand,RANCHI,Construction of common work sheds/ common covered sitting area,463600.0,True,605.0,97.3
WS/MP435/2024-2025/145863,Sanjay Seth,Jharkhand,RANCHI,Construction of common work sheds/ common covered sitting area,436400.0,True,600.0,97.3
WS/MP435/2024-2025/145864,Sanjay Seth,Jharkhand,RANCHI,Construction of common work sheds/ common covered sitting area,345200.0,True,600.0,97.3
WS/MP18144/2024-2025/148054,MALVIKA DEVI,Odisha,KALAHANDI,Construction of community centers and community halls,400000.0,True,596.0,97.3
WS/MP18109/2024-2025/153243,DR. RAJESH MISHRA,Madhya Pradesh,SIDHI,Construction of rooms and halls in school and colleges,753000.0,False,642.0,97.0
WS/MP761/2024-2025/139007,Arvind Dharmapuri,Telangana,NIZAMABAD,Construction of community centers and community halls,495000.0,True,594.0,97.0
WS/MP18144/2024-2025/148057,MALVIKA DEVI,Odisha,KALAHANDI,Construction of community centers and community halls,200000.0,True,596.0,96.9
WS/MP435/2024-2025/145865,Sanjay Seth,Jharkhand,RANCHI,Construction of common work sheds/ common covered sitting area,287500.0,True,600.0,96.9
WS/MP18144/2024-2025/148064,MALVIKA DEVI,Odisha,KALAHANDI,Construction of community centers and community halls,200000.0,True,596.0,96.9
WS/MP18144/2024-2025/148131,MALVIKA DEVI,Odisha,KALAHANDI,Construction of community centers and community halls,200000.0,True,596.0,96.9
WS/MP435/2024-2025/146546,Sanjay Seth,Jharkhand,RANCHI,Construction of common work sheds/ common covered sitting area,255800.0,True,600.0,96.9
WS/MP641/2024-2025/153874,Gajendra Singh Patel,Madhya Pradesh,KHARGONE(ST),Construction of community centers and community halls,500000.0,False,639.0,96.8
WS/MP641/2024-2025/149500,Gajendra Singh Patel,Madhya Pradesh,KHARGONE(ST),Construction of community centers and community halls,500000.0,False,666.0,96.8
WS/MP641/2024-2025/149235,Gajendra Singh Patel,Madhya Pradesh,KHARGONE(ST),Construction of community centers and community halls,500000.0,False,668.0,96.8
WS/MP18144/2024-2025/148055,MALVIKA DEVI,Odisha,KALAHANDI,Construction of community centers and community halls,200000.0,True,596.0,96.8
WS/MP18144/2024-2025/148061,MALVIKA DEVI,Odisha,KALAHANDI,Construction of community centers and community halls,300000.0,True,596.0,96.7
WS/MP18144/2024-2025/141587,MALVIKA DEVI,Odisha,KALAHANDI,Construction of footpaths and pedestrian ways,600000.0,True,642.0,96.6
WS/MP435/2024-2025/146448,Sanjay Seth,Jharkhand,RANCHI,Construction of common work sheds/ common covered sitting area,505500.0,True,600.0,96.5
WS/MP435/2024-2025/146446,Sanjay Seth,Jharkhand,RANCHI,Construction of common work sheds/ common covered sitting area,505500.0,True,600.0,96.5
WS/MP435/2024-2025/146447,Sanjay Seth,Jharkhand,RANCHI,Construction of common work sheds/ common covered sitting area,505500.0,True,600.0,96.5
WS/MP435/2024-2025/146445,Sanjay Seth,Jharkhand,RANCHI,Construction of common work sheds/ common covered sitting area,505500.0,True,600.0,96.5
WS/MP435/2024-2025/146444,Sanjay Seth,Jharkhand,RANCHI,Construction of common work sheds/ common covered sitting area,505500.0,True,600.0,96.5
WS/MP18144/2024-2025/148132,MALVIKA DEVI,Odisha,KALAHANDI,Construction of water tanks,200000.0,True,596.0,96.2
WS/MP453/2024-2025/152907,Saptagiri Sankar Ulaka,Odisha,KORAPUT(ST),Installing tube-wells and borewells,700000.0,False,639.0,96.1
WS/MP435/2024-2025/147149,Sanjay Seth,Jharkhand,RANCHI,Construction of common work sheds/ common covered sitting area,967800.0,True,605.0,95.8
WS/MP544/2025-2026/155462,Mr Gopal Jee Thakur,Bihar,DARBHANGA,Street lights,495000.0,False,633.0,95.7
WS/MP544/2026-2027/155456,Mr Gopal Jee Thakur,Bihar,DARBHANGA,Street lights,495000.0,False,633.0,95.7
WS/MP544/2026-2027/154858,Mr Gopal Jee Thakur,Bihar,DARBHANGA,Street lights,495500.0,False,635.0,95.7
WS/MP544/2026-2027/154856,Mr Gopal Jee Thakur,Bihar,DARBHANGA,Street lights,495500.0,False,635.0,95.7
WS/MP435/2024-2025/145625,Sanjay Seth,Jharkhand,RANCHI,Construction of public staircase/ stair ghat for public convenience,791200.0,True,600.0,95.7
WS/MP544/2026-2027/155457,Mr Gopal Jee Thakur,Bihar,DARBHANGA,Street lights,495000.0,False,633.0,95.7
WS/MP544/2025-2026/155276,Mr Gopal Jee Thakur,Bihar,DARBHANGA,Street lights,495000.0,False,633.0,95.7
WS/MP544/2025-2026/155468,Mr Gopal Jee Thakur,Bihar,DARBHANGA,Street lights,495000.0,False,633.0,95.7
WS/MP544/2025-2026/155275,Mr Gopal Jee Thakur,Bihar,DARBHANGA,Street lights,495000.0,False,633.0,95.7
WS/MP544/2025-2026/155274,Mr Gopal Jee Thakur,Bihar,DARBHANGA,Street lights,495000.0,False,633.0,95.7
WS/MP544/2025-2026/155271,Mr Gopal Jee Thakur,Bihar,DARBHANGA,Street lights,495000.0,False,633.0,95.7
WS/MP544/2025-2026/155249,Mr Gopal Jee Thakur,Bihar,DARBHANGA,Street lights,495000.0,False,633.0,95.7
WS/MP544/2025-2026/155458,Mr Gopal Jee Thakur,Bihar,DARBHANGA,Street lights,495000.0,False,633.0,95.7
WS/MP544/2025-2026/155248,Mr Gopal Jee Thakur,Bihar,DARBHANGA,Street lights,495000.0,False,633.0,95.7
WS/MP544/2025-2026/155247,Mr Gopal Jee Thakur,Bihar,DARBHANGA,Street lights,495000.0,False,633.0,95.7
WS/MP544/2025-2026/155464,Mr Gopal Jee Thakur,Bihar,DARBHANGA,Street lights,495000.0,False,633.0,95.7
WS/MP544/2025-2026/155259,Mr Gopal Jee Thakur,Bihar,DARBHANGA,Street lights,495000.0,False,633.0,95.7
WS/MP544/2025-2026/155260,Mr Gopal Jee Thakur,Bihar,DARBHANGA,Street lights,495000.0,False,633.0,95.7
WS/MP544/2025-2026/155258,Mr Gopal Jee Thakur,Bihar,DARBHANGA,Street lights,495000.0,False,633.0,95.7
WS/MP544/2025-2026/155264,Mr Gopal Jee Thakur,Bihar,DARBHANGA,Street lights,495000.0,False,633.0,95.7
WS/MP544/2026-2027/154859,Mr Gopal Jee Thakur,Bihar,DARBHANGA,Street lights,495500.0,False,635.0,95.7
WS/MP544/2026-2027/154857,Mr Gopal Jee Thakur,Bihar,DARBHANGA,Street lights,495500.0,False,635.0,95.7
WS/MP18019/2024-2025/137597,AMARSING TISSO,Assam,Diphu (ST),Installing tube-wells and borewells,400000.0,True,667.0,95.4
WS/MP18074/2024-2025/138716,KALI CHARAN MUNDA,Jharkhand,KHUNTI(ST),Construction of buildings for community cultural activities,915000.0,True,695.0,95.2
WS/MP641/2024-2025/150917,Gajendra Singh Patel,Madhya Pradesh,KHARGONE(ST),Construction of common work sheds/ common covered sitting area,200000.0,False,656.0,95.1
WS/MP423/2026-2027/136934,Ramprit Mandal,Bihar,JHANJHARPUR,Installing community drinking water plants,200000.0,True,123.0,95.0
WS/MP435/2024-2025/147145,Sanjay Seth,Jharkhand,RANCHI,Construction of community centers and community halls,1461500.0,True,605.0,94.9
WS/MP435/2024-2025/146545,Sanjay Seth,Jharkhand,RANCHI,Construction of community centers and community halls,1461500.0,True,600.0,94.9
WS/MP435/2024-2025/146303,Sanjay Seth,Jharkhand,RANCHI,Construction of community centers and community halls,1461500.0,True,600.0,94.9
WS/MP435/2024-2025/145626,Sanjay Seth,Jharkhand,RANCHI,Construction of community centers and community halls,1461500.0,True,600.0,94.9
WS/MP435/2024-2025/146547,Sanjay Seth,Jharkhand,RANCHI,Construction of community centers and community halls,1478800.0,True,605.0,94.8
WS/MP641/2024-2025/155195,Gajendra Singh Patel,Madhya Pradesh,KHARGONE(ST),Construction of common work sheds/ common covered sitting area,300000.0,False,635.0,94.7
WS/MP18019/2024-2025/137593,AMARSING TISSO,Assam,Diphu (ST),Construction of community centers and community halls,800000.0,True,667.0,94.6
WS/MP761/2025-2026/138988,Arvind Dharmapuri,Telangana,NIZAMABAD,Construction of community centers and community halls,400000.0,True,358.0,94.6
WS/MP435/2024-2025/146457,Sanjay Seth,Jharkhand,RANCHI,Construction of common work sheds/ common covered sitting area,1499500.0,True,600.0,94.5
WS/MP416/2025-2026/150766,Ashok Kumar Yadav,Bihar,MADHUBANI,Street lights,495000.0,False,656.0,94.5
WS/MP416/2025-2026/150767,Ashok Kumar Yadav,Bihar,MADHUBANI,Street lights,495000.0,False,656.0,94.5
WS/MP18109/2025-2026/150117,DR. RAJESH MISHRA,Madhya Pradesh,SIDHI,Setting up of laboratories,35000.0,False,662.0,94.3
WS/MP641/2024-2025/147406,Gajendra Singh Patel,Madhya Pradesh,KHARGONE(ST),Construction of community centers and community halls,500000.0,True,514.0,94.2
WS/MP18180/2025-2026/149583,ARUN NEHRU,Tamil Nadu,PERAMBALUR,Construction of toilet blocks,785000.0,False,666.0,94.1
WS/MP18180/2025-2026/149581,ARUN NEHRU,Tamil Nadu,PERAMBALUR,Construction of toilet blocks,785000.0,False,666.0,94.1
WS/MP18180/2025-2026/149582,ARUN NEHRU,Tamil Nadu,PERAMBALUR,Construction of toilet blocks,785000.0,False,666.0,94.1
WS/MP18019/2024-2025/137519,AMARSING TISSO,Assam,Diphu (ST),Street lights,5000000.0,True,648.0,94.0
WS/MP641/2024-2025/133911,Gajendra Singh Patel,Madhya Pradesh,KHARGONE(ST),Construction of community centers and community halls,500000.0,True,671.0,94.0
WS/MP18144/2024-2025/148135,MALVIKA DEVI,Odisha,KALAHANDI,Lighting of public spaces,200000.0,True,596.0,93.9
WS/MP641/2024-2025/147742,Gajendra Singh Patel,Madhya Pradesh,KHARGONE(ST),Construction of community centers and community halls,500000.0,True,607.0,93.7
WS/MP18109/2024-2025/150115,DR. RAJESH MISHRA,Madhya Pradesh,SIDHI,Construction of culverts and bridges,500000.0,False,662.0,93.7
WS/MP641/2024-2025/147755,Gajendra Singh Patel,Madhya Pradesh,KHARGONE(ST),Construction of community centers and community halls,500000.0,True,607.0,93.7
WS/MP435/2024-2025/145973,Sanjay Seth,Jharkhand,RANCHI,Construction of community centers and community halls,1074900.0,True,600.0,93.6
,Saptagiri Sankar Ulaka,Odisha,KORAPUT(ST),Unknown,300000.0,False,639.0,93.6
,Saptagiri Sankar Ulaka,Odisha,KORAPUT(ST),Unknown,300000.0,False,639.0,93.6
WS/MP453/2025-2026/153906,Saptagiri Sankar Ulaka,Odisha,KORAPUT(ST),Construction of culverts and bridges,200000.0,False,639.0,93.5
,Saptagiri Sankar Ulaka,Odisha,KORAPUT(ST),Unknown,500000.0,False,639.0,93.3
,Saptagiri Sankar Ulaka,Odisha,KORAPUT(ST),Unknown,500000.0,False,639.0,93.3
,Saptagiri Sankar Ulaka,Odisha,KORAPUT(ST),Unknown,500000.0,False,639.0,93.3
WS/MP18032/2024-2025/137014,SUDHAKAR SINGH,Bihar,BUXAR,Construction of community centers and community halls,368347.0,True,622.0,93.2
WS/MP423/2024-2025/133941,Ramprit Mandal,Bihar,JHANJHARPUR,Construction of bus-sheds or bus-stops,1451000.0,True,548.0,93.0
WS/MP423/2024-2025/133940,Ramprit Mandal,Bihar,JHANJHARPUR,Construction of bus-sheds or bus-stops,1451000.0,True,548.0,93.0
WS/MP423/2024-2025/133964,Ramprit Mandal,Bihar,JHANJHARPUR,Construction of bus-sheds or bus-stops,1451000.0,True,548.0,93.0
WS/MP423/2024-2025/133960,Ramprit Mandal,Bihar,JHANJHARPUR,Construction of bus-sheds or bus-stops,1451000.0,True,548.0,93.0
WS/MP423/2024-2025/133949,Ramprit Mandal,Bihar,JHANJHARPUR,Construction of bus-sheds or bus-stops,1451000.0,True,548.0,93.0
WS/MP423/2024-2025/133946,Ramprit Mandal,Bihar,JHANJHARPUR,Construction of bus-sheds or bus-stops,1451000.0,True,548.0,93.0
WS/MP423/2024-2025/133959,Ramprit Mandal,Bihar,JHANJHARPUR,Construction of bus-sheds or bus-stops,1451000.0,True,548.0,93.0
WS/MP423/2024-2025/133955,Ramprit Mandal,Bihar,JHANJHARPUR,Construction of bus-sheds or bus-stops,1451000.0,True,548.0,93.0
WS/MP423/2024-2025/133945,Ramprit Mandal,Bihar,JHANJHARPUR,Construction of bus-sheds or bus-stops,1451000.0,True,548.0,93.0
WS/MP761/2026-2027/153979,Arvind Dharmapuri,Telangana,NIZAMABAD,Construction of community centers and community halls,400000.0,False,639.0,93.0
WS/MP423/2024-2025/133944,Ramprit Mandal,Bihar,JHANJHARPUR,Construction of bus-sheds or bus-stops,1451000.0,True,548.0,93.0
WS/MP18144/2024-2025/148067,MALVIKA DEVI,Odisha,KALAHANDI,Construction of additional rooms and halls in the existing public and community building,200000.0,True,596.0,92.9
WS/MP18144/2024-2025/148063,MALVIKA DEVI,Odisha,KALAHANDI,Construction of additional rooms and halls in the existing public and community building,200000.0,True,596.0,92.9
WS/MP552/2024-2025/154852,Radha Mohan Singh,Bihar,PURVI CHAMPARAN,Construction of boundary walls of existing public and community buildings,1495644.0,False,635.0,92.9
WS/MP761/2026-2027/153935,Arvind Dharmapuri,Telangana,NIZAMABAD,Construction of common work sheds/ common covered sitting area,300000.0,False,639.0,92.9
WS/MP761/2026-2027/153936,Arvind Dharmapuri,Telangana,NIZAMABAD,Construction of community centers and community halls,400000.0,False,639.0,92.9
WS/MP761/2024-2025/149047,Arvind Dharmapuri,Telangana,NIZAMABAD,Construction of community centers and community halls,495000.0,False,670.0,92.8
WS/MP761/2025-2026/153970,Arvind Dharmapuri,Telangana,NIZAMABAD,Construction of common work sheds/ common covered sitting area,300000.0,False,639.0,92.8
WS/MP641/2024-2025/147737,Gajendra Singh Patel,Madhya Pradesh,KHARGONE(ST),Construction of community centers and community halls,1100000.0,True,514.0,92.7
WS/MP641/2025-2026/133921,Gajendra Singh Patel,Madhya Pradesh,KHARGONE(ST),Construction of community centers and community halls,500000.0,True,475.0,92.7
WS/MP641/2025-2026/133920,Gajendra Singh Patel,Madhya Pradesh,KHARGONE(ST),Construction of community centers and community halls,500000.0,True,468.0,92.7
WS/MP761/2025-2026/153980,Arvind Dharmapuri,Telangana,NIZAMABAD,Construction of common work sheds/ common covered sitting area,350000.0,False,639.0,92.6
WS/MP761/2024-2025/139028,Arvind Dharmapuri,Telangana,NIZAMABAD,Construction of community centers and community halls,400000.0,True,674.0,92.6
WS/MP761/2025-2026/153927,Arvind Dharmapuri,Telangana,NIZAMABAD,Construction of community centers and community halls,350000.0,False,639.0,92.6
WS/MP761/2026-2027/153972,Arvind Dharmapuri,Telangana,NIZAMABAD,Construction of common work sheds/ common covered sitting area,350000.0,False,639.0,92.6
WS/MP641/2025-2026/147761,Gajendra Singh Patel,Madhya Pradesh,KHARGONE(ST),Construction of boundary walls of existing public and community buildings,200000.0,True,498.0,92.5
WS/MP641/2025-2026/147758,Gajendra Singh Patel,Madhya Pradesh,KHARGONE(ST),Construction of boundary walls of existing public and community buildings,200000.0,True,498.0,92.5
WS/MP761/2024-2025/139053,Arvind Dharmapuri,Telangana,NIZAMABAD,Construction of community centers and community halls,400000.0,True,674.0,92.5
WS/MP761/2024-2025/139056,Arvind Dharmapuri,Telangana,NIZAMABAD,Construction of community centers and community halls,495000.0,True,674.0,92.4
WS/MP641/2025-2026/147756,Gajendra Singh Patel,Madhya Pradesh,KHARGONE(ST),Construction of community centers and community halls,1000000.0,True,498.0,92.3
WS/MP641/2024-2025/147668,Gajendra Singh Patel,Madhya Pradesh,KHARGONE(ST),Construction of community centers and community halls,1000000.0,True,570.0,92.2
,Dileshwar Kamait,Bihar,SUPAUL,Unknown,925000.0,False,715.0,92.2
WS/MP641/2024-2025/137266,Gajendra Singh Patel,Madhya Pradesh,KHARGONE(ST),Construction of community centers and community halls,1000000.0,True,674.0,92.1
WS/MP761/2025-2026/153961,Arvind Dharmapuri,Telangana,NIZAMABAD,Construction of community centers and community halls,300000.0,False,639.0,92.1
WS/MP18019/2025-2026/143867,AMARSING TISSO,Assam,Diphu (ST),Construction of community centers and community halls,2000000.0,True,506.0,92.1
WS/MP641/2024-2025/133912,Gajendra Singh Patel,Madhya Pradesh,KHARGONE(ST),Construction of community centers and community halls,1000000.0,True,670.0,92.1
WS/MP761/2025-2026/153965,Arvind Dharmapuri,Telangana,NIZAMABAD,Construction of community centers and community halls,300000.0,False,639.0,92.1
WS/MP761/2024-2025/139055,Arvind Dharmapuri,Telangana,NIZAMABAD,Construction of community centers and community halls,350000.0,True,674.0,92.0
WS/MP552/2024-2025/149116,Radha Mohan Singh,Bihar,PURVI CHAMPARAN,Fitting of Sitting RCC Benches in Public Places,986540.0,False,669.0,92.0
WS/MP552/2024-2025/149114,Radha Mohan Singh,Bihar,PURVI CHAMPARAN,Construction of common work sheds/ common covered sitting area,1493533.0,False,669.0,92.0
WS/MP761/2025-2026/153967,Arvind Dharmapuri,Telangana,NIZAMABAD,Construction of community centers and community halls,291213.0,False,639.0,91.6
WS/MP761/2025-2026/153966,Arvind Dharmapuri,Telangana,NIZAMABAD,Construction of community centers and community halls,295405.0,False,639.0,91.6
WS/MP18155/2024-2025/141700,DR. RAJ KUMAR CHABBEWAL,Punjab,HOSHIARPUR(SC),Development of public parks,200000.0,True,699.0,91.4
WS/MP18155/2024-2025/141703,DR. RAJ KUMAR CHABBEWAL,Punjab,HOSHIARPUR(SC),Development of public parks,200000.0,True,699.0,91.4
WS/MP18109/2024-2025/146906,DR. RAJESH MISHRA,Madhya Pradesh,SIDHI,Construction of culverts and bridges,500000.0,True,572.0,91.4
WS/MP453/2025-2026/153915,Saptagiri Sankar Ulaka,Odisha,KORAPUT(ST),"Construction of roads, link roads, pathways or any other road with or without drainage system",200000.0,False,639.0,91.4
WS/MP18109/2024-2025/146901,DR. RAJESH MISHRA,Madhya Pradesh,SIDHI,Construction of culverts and bridges,500000.0,True,572.0,91.4
WS/MP18109/2024-2025/146900,DR. RAJESH MISHRA,Madhya Pradesh,SIDHI,Construction of culverts and bridges,500000.0,True,572.0,91.4
WS/MP18109/2024-2025/146898,DR. RAJESH MISHRA,Madhya Pradesh,SIDHI,Construction of culverts and bridges,500000.0,True,572.0,91.4
WS/MP453/2025-2026/153908,Saptagiri Sankar Ulaka,Odisha,KORAPUT(ST),"Construction of roads, link roads, pathways or any other road with or without drainage system",200000.0,False,639.0,91.4
WS/MP18109/2024-2025/146905,DR. RAJESH MISHRA,Madhya Pradesh,SIDHI,Construction of culverts and bridges,500000.0,True,572.0,91.4
WS/MP18155/2024-2025/141701,DR. RAJ KUMAR CHABBEWAL,Punjab,HOSHIARPUR(SC),Development of public parks,200000.0,True,699.0,91.3
WS/MP18069/2025-2026/150860,RAJEEV BHARDWAJ,Himachal Pradesh,KANGRA,Construction of buildings for community cultural activities,298065.0,False,633.0,91.3
WS/MP761/2025-2026/153983,Arvind Dharmapuri,Telangana,NIZAMABAD,Construction of community centers and community halls,250000.0,False,639.0,91.2
WS/MP598/2024-2025/151550,Suresh Kumar Kashyap,Himachal Pradesh,SHIMLA (SC),Construction of footpaths and pedestrian ways,300000.0,False,652.0,91.2
WS/MP18109/2024-2025/146897,DR. RAJESH MISHRA,Madhya Pradesh,SIDHI,Construction of culverts and bridges,300000.0,True,572.0,91.2
WS/MP18109/2024-2025/150122,DR. RAJESH MISHRA,Madhya Pradesh,SIDHI,"Construction of roads, link roads, pathways or any other road with or without drainage system",500000.0,False,662.0,91.1
WS/MP761/2024-2025/139052,Arvind Dharmapuri,Telangana,NIZAMABAD,Construction of common work sheds/ common covered sitting area,400000.0,True,674.0,91.1
WS/MP598/2025-2026/151540,Suresh Kumar Kashyap,Himachal Pradesh,SHIMLA (SC),Construction of foot over bridge (FOB),200000.0,False,652.0,91.1
WS/MP453/2025-2026/153905,Saptagiri Sankar Ulaka,Odisha,KORAPUT(ST),"Construction of roads, link roads, pathways or any other road with or without drainage system",300000.0,False,639.0,91.0
WS/MP453/2024-2025/152808,Saptagiri Sankar Ulaka,Odisha,KORAPUT(ST),"Construction of roads, link roads, pathways or any other road with or without drainage system",300000.0,False,639.0,91.0
WS/MP18176/2024-2025/139947,SACHITHANANTHAM R,Tamil Nadu,DINDIGUL,Construction of water tanks,1652052.0,True,706.0,90.8
WS/MP18144/2024-2025/148130,MALVIKA DEVI,Odisha,KALAHANDI,Development of playground,200000.0,True,596.0,90.7
WS/MP641/2024-2025/147367,Gajendra Singh Patel,Madhya Pradesh,KHARGONE(ST),Construction of additional rooms and halls in the existing public and community building,500000.0,True,607.0,90.7
WS/MP18074/2024-2025/138719,KALI CHARAN MUNDA,Jharkhand,KHUNTI(ST),Construction of culverts and bridges,793000.0,True,695.0,90.6
WS/MP18069/2024-2025/150884,RAJEEV BHARDWAJ,Himachal Pradesh,KANGRA,Crematoriums/energy efficient crematoriums or structures on burial/cremation ground,350000.0,False,633.0,90.5
WS/MP18155/2024-2025/141698,DR. RAJ KUMAR CHABBEWAL,Punjab,HOSHIARPUR(SC),Development of public parks,200000.0,True,697.0,90.5
WS/MP18176/2024-2025/140258,SACHITHANANTHAM R,Tamil Nadu,DINDIGUL,Providing supply pipelines for drinking water,499340.0,True,702.0,90.1
WS/MP381/2024-2025/153038,Shri Gurjeet Singh Aujla,Punjab,AMRITSAR,Improvement of electricity distribution infrastructure,110000.0,False,643.0,90.0
WS/MP18032/2024-2025/136950,SUDHAKAR SINGH,Bihar,BUXAR,Construction of community centers and community halls,799300.0,True,593.0,89.7
WS/MP18144/2024-2025/148137,MALVIKA DEVI,Odisha,KALAHANDI,"Construction of roads, link roads, pathways or any other road with or without drainage system",200000.0,True,596.0,89.6
WS/MP18144/2024-2025/148133,MALVIKA DEVI,Odisha,KALAHANDI,"Construction of roads, link roads, pathways or any other road with or without drainage system",200000.0,True,596.0,89.6
WS/MP18138/2024-2025/143320,RICHARD VANLALHMANGAIHA,Mizoram,MIZORAM (ST),"Construction of roads, link roads, pathways or any other road with or without drainage system",250000.0,True,586.0,89.5
WS/MP641/2024-2025/133910,Gajendra Singh Patel,Madhya Pradesh,KHARGONE(ST),Construction of common work sheds/ common covered sitting area,200000.0,True,667.0,89.4
WS/MP18109/2024-2025/150121,DR. RAJESH MISHRA,Madhya Pradesh,SIDHI,"Construction of roads, link roads, pathways or any other road with or without drainage system",1000000.0,False,662.0,89.3
WS/MP641/2024-2025/133909,Gajendra Singh Patel,Madhya Pradesh,KHARGONE(ST),Construction of common work sheds/ common covered sitting area,250000.0,True,670.0,89.3
WS/MP435/2024-2025/146460,Sanjay Seth,Jharkhand,RANCHI,Construction of culverts and bridges,1298900.0,True,600.0,89.2
WS/MP598/2024-2025/151551,Suresh Kumar Kashyap,Himachal Pradesh,SHIMLA (SC),Construction of community centers and community halls,500000.0,False,652.0,89.1
WS/MP18069/2025-2026/150889,RAJEEV BHARDWAJ,Himachal Pradesh,KANGRA,Development of playfields and sports grounds,99685.0,False,633.0,89.0
WS/MP18032/2024-2025/143624,SUDHAKAR SINGH,Bihar,BUXAR,Construction of common work sheds/ common covered sitting area,296036.0,True,564.0,89.0
WS/MP641/2025-2026/147403,Gajendra Singh Patel,Madhya Pradesh,KHARGONE(ST),Construction of common work sheds/ common covered sitting area,200000.0,True,356.0,88.9
WS/MP18144/2024-2025/141595,MALVIKA DEVI,Odisha,KALAHANDI,"Construction of roads, link roads, pathways or any other road with or without drainage system",400000.0,True,642.0,88.9
WS/MP641/2024-2025/133929,Gajendra Singh Patel,Madhya Pradesh,KHARGONE(ST),Construction of additional rooms and halls in the existing public and community building,200000.0,True,514.0,88.5
WS/MP18186/2025-2026/149102,Sasikanth Senthil,Tamil Nadu,TIRUVALLUR(SC),Purchase Books for Library,888000.0,False,669.0,88.3
WS/MP18109/2024-2025/146904,DR. RAJESH MISHRA,Madhya Pradesh,SIDHI,"Construction of roads, link roads, pathways or any other road with or without drainage system",500000.0,True,572.0,88.2
WS/MP18109/2024-2025/146899,DR. RAJESH MISHRA,Madhya Pradesh,SIDHI,"Construction of roads, link roads, pathways or any other road with or without drainage system",500000.0,True,572.0,88.2
WS/MP641/2024-2025/147352,Gajendra Singh Patel,Madhya Pradesh,KHARGONE(ST),Construction of common work sheds/ common covered sitting area,500000.0,True,607.0,88.2
WS/MP18144/2024-2025/141586,MALVIKA DEVI,Odisha,KALAHANDI,"Construction of roads, link roads, pathways or any other road with or without drainage system",800000.0,True,642.0,88.2
WS/MP18109/2024-2025/146903,DR. RAJESH MISHRA,Madhya Pradesh,SIDHI,"Construction of roads, link roads, pathways or any other road with or without drainage system",500000.0,True,572.0,88.2
WS/MP435/2024-2025/146549,Sanjay Seth,Jharkhand,RANCHI,"Construction of roads, link roads, pathways or any other road with or without drainage system",602100.0,True,605.0,88.1
WS/MP18019/2025-2026/143869,AMARSING TISSO,Assam,Diphu (ST),Construction of culverts and bridges,2500000.0,True,506.0,88.0
WS/MP18109/2024-2025/146895,DR. RAJESH MISHRA,Madhya Pradesh,SIDHI,"Construction of roads, link roads, pathways or any other road with or without drainage system",300000.0,True,572.0,87.8
WS/MP18109/2024-2025/146896,DR. RAJESH MISHRA,Madhya Pradesh,SIDHI,"Construction of roads, link roads, pathways or any other road with or without drainage system",300000.0,True,572.0,87.8
WS/MP435/2024-2025/145997,Sanjay Seth,Jharkhand,RANCHI,"Construction of roads, link roads, pathways or any other road with or without drainage system",888400.0,True,600.0,87.7
WS/MP641/2025-2026/147408,Gajendra Singh Patel,Madhya Pradesh,KHARGONE(ST),Construction of common work sheds/ common covered sitting area,800000.0,True,330.0,87.6
WS/MP641/2024-2025/147362,Gajendra Singh Patel,Madhya Pradesh,KHARGONE(ST),Construction of common work sheds/ common covered sitting area,500000.0,True,551.0,87.6
WS/MP18155/2024-2025/141567,DR. RAJ KUMAR CHABBEWAL,Punjab,HOSHIARPUR(SC),Crematoriums/energy efficient crematoriums or structures on burial/cremation ground,300000.0,True,697.0,87.5
,Mr Gopal Jee Thakur,Bihar,DARBHANGA,Unknown,495000.0,False,633.0,87.5
WS/MP598/2025-2026/151541,Suresh Kumar Kashyap,Himachal Pradesh,SHIMLA (SC),Construction of community centers and community halls,50000.0,False,652.0,87.5
WS/MP641/2024-2025/133913,Gajendra Singh Patel,Madhya Pradesh,KHARGONE(ST),Construction of common work sheds/ common covered sitting area,500000.0,True,514.0,87.4
WS/MP18019/2025-2026/143868,AMARSING TISSO,Assam,Diphu (ST),Development of playground,500000.0,True,506.0,87.4
WS/MP18176/2024-2025/139959,SACHITHANANTHAM R,Tamil Nadu,DINDIGUL,Construction of public toilets and bathrooms,1000000.0,True,698.0,87.1
WS/MP18176/2024-2025/140224,SACHITHANANTHAM R,Tamil Nadu,DINDIGUL,Construction of buildings for crèches and anganwadies,1655000.0,True,702.0,86.7
WS/MP422/2025-2026/141663,Dileshwar Kamait,Bihar,SUPAUL,"Construction of roads, link roads, pathways or any other road with or without drainage system",1462770.0,True,347.0,86.7
WS/MP18176/2024-2025/139742,SACHITHANANTHAM R,Tamil Nadu,DINDIGUL,Construction of buildings for crèches and anganwadies,1655000.0,True,706.0,86.6
,Arvind Dharmapuri,Telangana,NIZAMABAD,Unknown,350000.0,False,639.0,86.6
WS/MP598/2024-2025/155310,Suresh Kumar Kashyap,Himachal Pradesh,SHIMLA (SC),Construction of common work sheds/ common covered sitting area,200000.0,False,634.0,86.4
WS/MP761/2026-2027/139054,Arvind Dharmapuri,Telangana,NIZAMABAD,Construction of common work sheds/ common covered sitting area,400000.0,True,40.0,86.3
WS/MP761/2026-2027/153904,Arvind Dharmapuri,Telangana,NIZAMABAD,Construction of additional rooms and halls in the existing public and community building,495000.0,False,639.0,86.2
WS/MP761/2025-2026/153958,Arvind Dharmapuri,Telangana,NIZAMABAD,Construction of additional rooms and halls in the existing public and community building,495000.0,False,639.0,86.2
WS/MP761/2026-2027/139030,Arvind Dharmapuri,Telangana,NIZAMABAD,Construction of boundary walls of existing public and community buildings,350000.0,True,6.0,86.1
,Arvind Dharmapuri,Telangana,NIZAMABAD,Unknown,200000.0,False,682.0,86.0
WS/MP18176/2024-2025/139958,SACHITHANANTHAM R,Tamil Nadu,DINDIGUL,Construction of buildings for crèches and anganwadies,1698995.0,True,702.0,86.0
WS/MP18112/2024-2025/136982,BALWANT BASWANT WANKHADE,Maharashtra,AMRAVATI(SC),Crematoriums/energy efficient crematoriums or structures on burial/cremation ground,600000.0,True,678.0,85.9
WS/MP18112/2024-2025/136975,BALWANT BASWANT WANKHADE,Maharashtra,AMRAVATI(SC),Crematoriums/energy efficient crematoriums or structures on burial/cremation ground,600000.0,True,678.0,85.9
WS/MP641/2025-2026/137257,Gajendra Singh Patel,Madhya Pradesh,KHARGONE(ST),"Construction of roads, link roads, pathways or any other road with or without drainage system",500000.0,True,443.0,85.8
,Radha Mohan Singh,Bihar,PURVI CHAMPARAN,Unknown,1495500.0,False,748.0,85.5
WS/MP18019/2024-2025/154338,AMARSING TISSO,Assam,Diphu (ST),Development of playground,500000.0,False,638.0,85.5
WS/MP761/2026-2027/139031,Arvind Dharmapuri,Telangana,NIZAMABAD,Construction of community centers and community halls,300000.0,True,9.0,85.4
WS/MP18094/2025-2026/151735,VISHWESHWAR HEGDE KAGERI,Karnataka,UTTARA KANNADA,Development of playfields and sports grounds,900000.0,False,592.0,85.3
,Radha Mohan Singh,Bihar,PURVI CHAMPARAN,Unknown,1497500.0,False,748.0,85.3
WS/MP552/2024-2025/146419,Radha Mohan Singh,Bihar,PURVI CHAMPARAN,Fitting of Sitting RCC Benches in Public Places,1482448.0,True,577.0,85.2
WS/MP552/2024-2025/146418,Radha Mohan Singh,Bihar,PURVI CHAMPARAN,Fitting of Sitting RCC Benches in Public Places,1484378.0,True,577.0,85.1
WS/MP18094/2026-2027/151546,VISHWESHWAR HEGDE KAGERI,Karnataka,UTTARA KANNADA,Construction of community centers and community halls,700000.0,False,592.0,85.1
WS/MP18186/2025-2026/149096,Sasikanth Senthil,Tamil Nadu,TIRUVALLUR(SC),Lighting of public spaces,640161.0,False,669.0,84.9
WS/MP18094/2025-2026/151736,VISHWESHWAR HEGDE KAGERI,Karnataka,UTTARA KANNADA,Construction of community centers and community halls,1000000.0,False,592.0,84.9
WS/MP598/2025-2026/151548,Suresh Kumar Kashyap,Himachal Pradesh,SHIMLA (SC),Construction of common work sheds/ common covered sitting area,100000.0,False,652.0,84.8
WS/MP18112/2024-2025/136983,BALWANT BASWANT WANKHADE,Maharashtra,AMRAVATI(SC),Crematoriums/energy efficient crematoriums or structures on burial/cremation ground,600000.0,True,618.0,84.7
WS/MP761/2025-2026/146633,Arvind Dharmapuri,Telangana,NIZAMABAD,Construction of community centers and community halls,250000.0,True,249.0,84.3
WS/MP761/2025-2026/146645,Arvind Dharmapuri,Telangana,NIZAMABAD,Construction of community centers and community halls,250000.0,True,249.0,84.3
WS/MP18176/2024-2025/139719,SACHITHANANTHAM R,Tamil Nadu,DINDIGUL,Construction of buildings for community cultural activities,847547.0,True,529.0,84.2
WS/MP18155/2024-2025/141574,DR. RAJ KUMAR CHABBEWAL,Punjab,HOSHIARPUR(SC),Crematoriums/energy efficient crematoriums or structures on burial/cremation ground,400000.0,True,648.0,84.1
WS/MP18112/2024-2025/143947,BALWANT BASWANT WANKHADE,Maharashtra,AMRAVATI(SC),Construction of community centers and community halls,1441000.0,True,678.0,83.9
WS/MP761/2025-2026/153917,Arvind Dharmapuri,Telangana,NIZAMABAD,"Construction of roads, link roads, pathways or any other road with or without drainage system",495000.0,False,639.0,83.5
WS/MP18155/2024-2025/141721,DR. RAJ KUMAR CHABBEWAL,Punjab,HOSHIARPUR(SC),Lighting of public spaces,200000.0,True,633.0,83.5
WS/MP18024/2025-2026/149798,GAURAV GOGOI,Assam,JORHAT,Crematoriums/energy efficient crematoriums or structures on burial/cremation ground,250000.0,False,663.0,83.4
WS/MP598/2025-2026/155304,Suresh Kumar Kashyap,Himachal Pradesh,SHIMLA (SC),Setting up of kitchen and pantries,500000.0,False,634.0,82.8
WS/MP18155/2024-2025/141775,DR. RAJ KUMAR CHABBEWAL,Punjab,HOSHIARPUR(SC),"Construction of roads, link roads, pathways or any other road with or without drainage system",200000.0,True,699.0,82.7
WS/MP598/2025-2026/151553,Suresh Kumar Kashyap,Himachal Pradesh,SHIMLA (SC),Setting up of kitchen and pantries,200000.0,False,652.0,82.7
WS/MP18112/2024-2025/136967,BALWANT BASWANT WANKHADE,Maharashtra,AMRAVATI(SC),Construction of community centers and community halls,1200000.0,True,678.0,82.7
WS/MP18252/2025-2026/151042,ADHIKARI SOUMENDU,West Bengal,KANTHI,Lighting of public spaces,1349724.0,False,655.0,82.6
WS/MP18155/2024-2025/141714,DR. RAJ KUMAR CHABBEWAL,Punjab,HOSHIARPUR(SC),"Construction of roads, link roads, pathways or any other road with or without drainage system",200000.0,True,699.0,82.2
WS/MP18155/2024-2025/141706,DR. RAJ KUMAR CHABBEWAL,Punjab,HOSHIARPUR(SC),"Construction of roads, link roads, pathways or any other road with or without drainage system",200000.0,True,699.0,82.2
WS/MP18176/2024-2025/140272,SACHITHANANTHAM R,Tamil Nadu,DINDIGUL,"Construction of Government office buildings (Post office, Police station, Police chauki, etc.)",1000000.0,True,529.0,82.1
WS/MP18155/2024-2025/141566,DR. RAJ KUMAR CHABBEWAL,Punjab,HOSHIARPUR(SC),"Construction of roads, link roads, pathways or any other road with or without drainage system",200000.0,True,699.0,82.0
WS/MP598/2024-2025/147189,Suresh Kumar Kashyap,Himachal Pradesh,SHIMLA (SC),Construction of footpaths and pedestrian ways,100000.0,True,610.0,82.0
WS/MP18112/2024-2025/136984,BALWANT BASWANT WANKHADE,Maharashtra,AMRAVATI(SC),Construction of community centers and community halls,1500000.0,True,678.0,82.0
,VISHWESHWAR HEGDE KAGERI,Karnataka,UTTARA KANNADA,Unknown,500000.0,False,592.0,81.9
,VISHWESHWAR HEGDE KAGERI,Karnataka,UTTARA KANNADA,Unknown,1000000.0,False,592.0,81.7
,Sasikanth Senthil,Tamil Nadu,TIRUVALLUR(SC),Unknown,1800000.0,False,669.0,81.4
WS/MP013/2024-2025/143927,Indra Hang Subba,Sikkim,SIKKIM,"Construction of flood control embankments/ protection walls along riverbanks, hilltops, roadsides",3000000.0,True,535.0,81.1
WS/MP18112/2024-2025/145333,BALWANT BASWANT WANKHADE,Maharashtra,AMRAVATI(SC),Construction of community centers and community halls,1500000.0,True,618.0,80.9
WS/MP18205/2024-2025/148344,SANATAN PANDEY,Uttar Pradesh,BALLIA,Street lights,216470.0,True,521.0,80.8
WS/MP18205/2024-2025/148339,SANATAN PANDEY,Uttar Pradesh,BALLIA,Street lights,216470.0,True,521.0,80.8
WS/MP18205/2024-2025/148352,SANATAN PANDEY,Uttar Pradesh,BALLIA,Street lights,216470.0,True,521.0,80.8
WS/MP18205/2024-2025/148353,SANATAN PANDEY,Uttar Pradesh,BALLIA,Street lights,216470.0,True,521.0,80.8
WS/MP18205/2024-2025/148359,SANATAN PANDEY,Uttar Pradesh,BALLIA,Street lights,216470.0,True,521.0,80.8
WS/MP598/2024-2025/155311,Suresh Kumar Kashyap,Himachal Pradesh,SHIMLA (SC),"Construction of roads, link roads, pathways or any other road with or without drainage system",200000.0,False,634.0,80.8
WS/MP18205/2024-2025/148357,SANATAN PANDEY,Uttar Pradesh,BALLIA,Street lights,216470.0,True,521.0,80.8
WS/MP18205/2024-2025/148358,SANATAN PANDEY,Uttar Pradesh,BALLIA,Street lights,216470.0,True,521.0,80.8
WS/MP18205/2024-2025/148361,SANATAN PANDEY,Uttar Pradesh,BALLIA,Street lights,216470.0,True,521.0,80.8
WS/MP18205/2024-2025/148360,SANATAN PANDEY,Uttar Pradesh,BALLIA,Street lights,216470.0,True,521.0,80.8
WS/MP18205/2024-2025/148340,SANATAN PANDEY,Uttar Pradesh,BALLIA,Street lights,216470.0,True,521.0,80.8
WS/MP18205/2024-2025/148338,SANATAN PANDEY,Uttar Pradesh,BALLIA,Street lights,216470.0,True,521.0,80.8
WS/MP18205/2024-2025/148369,SANATAN PANDEY,Uttar Pradesh,BALLIA,Street lights,216470.0,True,521.0,80.8
WS/MP18205/2024-2025/148370,SANATAN PANDEY,Uttar Pradesh,BALLIA,Street lights,216470.0,True,521.0,80.8
WS/MP18205/2024-2025/148713,SANATAN PANDEY,Uttar Pradesh,BALLIA,Street lights,216470.0,True,521.0,80.8
WS/MP18205/2024-2025/148712,SANATAN PANDEY,Uttar Pradesh,BALLIA,Street lights,216470.0,True,521.0,80.8
WS/MP18205/2024-2025/148341,SANATAN PANDEY,Uttar Pradesh,BALLIA,Street lights,216470.0,True,521.0,80.8
WS/MP18205/2024-2025/148714,SANATAN PANDEY,Uttar Pradesh,BALLIA,Street lights,216470.0,True,521.0,80.8
WS/MP18205/2024-2025/148343,SANATAN PANDEY,Uttar Pradesh,BALLIA,Street lights,216470.0,True,521.0,80.8
WS/MP18205/2024-2025/148342,SANATAN PANDEY,Uttar Pradesh,BALLIA,Street lights,216470.0,True,521.0,80.8
WS/MP18205/2024-2025/148719,SANATAN PANDEY,Uttar Pradesh,BALLIA,Street lights,216470.0,True,521.0,80.8
WS/MP18205/2024-2025/148718,SANATAN PANDEY,Uttar Pradesh,BALLIA,Street lights,216470.0,True,521.0,80.8
WS/MP18112/2024-2025/136532,BALWANT BASWANT WANKHADE,Maharashtra,AMRAVATI(SC),Construction of community centers and community halls,1500000.0,True,618.0,80.8
WS/MP18205/2024-2025/148368,SANATAN PANDEY,Uttar Pradesh,BALLIA,Street lights,216470.0,True,521.0,80.8
WS/MP18205/2024-2025/148715,SANATAN PANDEY,Uttar Pradesh,BALLIA,Street lights,216470.0,True,521.0,80.8
WS/MP18205/2024-2025/148716,SANATAN PANDEY,Uttar Pradesh,BALLIA,Street lights,216470.0,True,521.0,80.8
WS/MP598/2025-2026/151547,Suresh Kumar Kashyap,Himachal Pradesh,SHIMLA (SC),"Construction of roads, link roads, pathways or any other road with or without drainage system",200000.0,False,652.0,80.8
WS/MP18205/2024-2025/148717,SANATAN PANDEY,Uttar Pradesh,BALLIA,Street lights,216470.0,True,521.0,80.8
WS/MP18205/2024-2025/148348,SANATAN PANDEY,Uttar Pradesh,BALLIA,Street lights,216470.0,True,521.0,80.8
WS/MP18205/2024-2025/148371,SANATAN PANDEY,Uttar Pradesh,BALLIA,Street lights,216470.0,True,521.0,80.8
WS/MP18205/2024-2025/148372,SANATAN PANDEY,Uttar Pradesh,BALLIA,Street lights,216470.0,True,521.0,80.8
WS/MP18205/2024-2025/148373,SANATAN PANDEY,Uttar Pradesh,BALLIA,Street lights,216470.0,True,521.0,80.8
WS/MP18205/2024-2025/148346,SANATAN PANDEY,Uttar Pradesh,BALLIA,Street lights,216470.0,True,521.0,80.8
WS/MP18205/2024-2025/148374,SANATAN PANDEY,Uttar Pradesh,BALLIA,Street lights,216470.0,True,521.0,80.8
WS/MP18205/2024-2025/148345,SANATAN PANDEY,Uttar Pradesh,BALLIA,Street lights,216470.0,True,521.0,80.8
WS/MP18205/2024-2025/148364,SANATAN PANDEY,Uttar Pradesh,BALLIA,Street lights,216470.0,True,521.0,80.8
WS/MP18205/2024-2025/148354,SANATAN PANDEY,Uttar Pradesh,BALLIA,Street lights,216470.0,True,521.0,80.8
WS/MP18205/2024-2025/148356,SANATAN PANDEY,Uttar Pradesh,BALLIA,Street lights,216470.0,True,521.0,80.8
WS/MP18205/2024-2025/148349,SANATAN PANDEY,Uttar Pradesh,BALLIA,Street lights,216470.0,True,521.0,80.8
WS/MP18205/2024-2025/148351,SANATAN PANDEY,Uttar Pradesh,BALLIA,Street lights,216470.0,True,521.0,80.8
WS/MP18205/2024-2025/148367,SANATAN PANDEY,Uttar Pradesh,BALLIA,Street lights,216470.0,True,521.0,80.8
WS/MP18205/2024-2025/148366,SANATAN PANDEY,Uttar Pradesh,BALLIA,Street lights,216470.0,True,521.0,80.8
WS/MP18205/2024-2025/148350,SANATAN PANDEY,Uttar Pradesh,BALLIA,Street lights,216470.0,True,521.0,80.8
WS/MP18205/2024-2025/148362,SANATAN PANDEY,Uttar Pradesh,BALLIA,Street lights,216470.0,True,521.0,80.8
WS/MP18205/2024-2025/148363,SANATAN PANDEY,Uttar Pradesh,BALLIA,Street lights,216470.0,True,521.0,80.7
WS/MP598/2024-2025/146970,Suresh Kumar Kashyap,Himachal Pradesh,SHIMLA (SC),Construction of footpaths and pedestrian ways,200000.0,True,556.0,80.6
WS/MP18069/2024-2025/150910,RAJEEV BHARDWAJ,Himachal Pradesh,KANGRA,"Construction of roads, link roads, pathways or any other road with or without drainage system",75000.0,False,633.0,80.5
WS/MP18112/2024-2025/136716,BALWANT BASWANT WANKHADE,Maharashtra,AMRAVATI(SC),Construction of boundary walls of existing public and community buildings,1000000.0,True,579.0,80.5
WS/MP598/2024-2025/145391,Suresh Kumar Kashyap,Himachal Pradesh,SHIMLA (SC),Construction of community centers and community halls,300000.0,True,570.0,80.5
WS/MP18069/2024-2025/150891,RAJEEV BHARDWAJ,Himachal Pradesh,KANGRA,"Construction of roads, link roads, pathways or any other road with or without drainage system",100000.0,False,633.0,80.1
WS/MP18186/2025-2026/141740,Sasikanth Senthil,Tamil Nadu,TIRUVALLUR(SC),Lighting of public spaces,434216.0,True,474.0,79.7
WS/MP598/2024-2025/145392,Suresh Kumar Kashyap,Himachal Pradesh,SHIMLA (SC),Construction of community centers and community halls,500000.0,True,594.0,79.6
WS/MP18252/2025-2026/151047,ADHIKARI SOUMENDU,West Bengal,KANTHI,Installing community drinking water plants,1560000.0,False,655.0,79.2
WS/MP18252/2025-2026/151046,ADHIKARI SOUMENDU,West Bengal,KANTHI,Installing community drinking water plants,2340000.0,False,655.0,79.1
WS/MP598/2024-2025/145388,Suresh Kumar Kashyap,Himachal Pradesh,SHIMLA (SC),Construction of community centers and community halls,300000.0,True,554.0,79.0
WS/MP598/2025-2026/155309,Suresh Kumar Kashyap,Himachal Pradesh,SHIMLA (SC),"Construction of roads, link roads, pathways or any other road with or without drainage system",50000.0,False,634.0,78.8
WS/MP18234/2024-2025/154081,DR. S P SINGH,Uttar Pradesh,PRATAPGARH,Lighting of public spaces,185900.0,False,639.0,78.8
WS/MP18032/2025-2026/137005,SUDHAKAR SINGH,Bihar,BUXAR,Construction of boundary walls of existing public and community buildings,1397011.0,True,353.0,78.8
WS/MP386/2024-2025/145063,Shri Hanuman Beniwal,Rajasthan,NAGAUR,Street lights,60000.0,True,622.0,78.7
WS/MP386/2024-2025/145064,Shri Hanuman Beniwal,Rajasthan,NAGAUR,Street lights,60000.0,True,622.0,78.7
WS/MP598/2024-2025/151552,Suresh Kumar Kashyap,Himachal Pradesh,SHIMLA (SC),"Construction of roads, link roads, pathways or any other road with or without drainage system",100000.0,False,652.0,78.6
WS/MP598/2025-2026/145401,Suresh Kumar Kashyap,Himachal Pradesh,SHIMLA (SC),Construction of community centers and community halls,250000.0,True,333.0,78.5
WS/MP598/2025-2026/145400,Suresh Kumar Kashyap,Himachal Pradesh,SHIMLA (SC),Construction of community centers and community halls,250000.0,True,333.0,78.5
WS/MP598/2025-2026/145402,Suresh Kumar Kashyap,Himachal Pradesh,SHIMLA (SC),Construction of community centers and community halls,250000.0,True,333.0,78.5
WS/MP18043/2024-2025/140523,MANOJ KUMAR,Bihar,SASARAM(SC),Construction of public libraries and reading rooms,697300.0,True,614.0,78.5
WS/MP18094/2025-2026/151575,VISHWESHWAR HEGDE KAGERI,Karnataka,UTTARA KANNADA,"Construction of roads, link roads, pathways or any other road with or without drainage system",800000.0,False,592.0,78.5
WS/MP18043/2024-2025/140417,MANOJ KUMAR,Bihar,SASARAM(SC),Construction of public libraries and reading rooms,697300.0,True,605.0,78.4
WS/MP598/2024-2025/146118,Suresh Kumar Kashyap,Himachal Pradesh,SHIMLA (SC),Construction of community centers and community halls,300000.0,True,556.0,78.4
WS/MP18043/2024-2025/140424,MANOJ KUMAR,Bihar,SASARAM(SC),Construction of toilet blocks,500000.0,True,622.0,78.1
WS/MP18032/2025-2026/134031,SUDHAKAR SINGH,Bihar,BUXAR,Construction of buildings for crèches and anganwadies,487094.0,True,274.0,77.8
WS/MP18109/2025-2026/150116,DR. RAJESH MISHRA,Madhya Pradesh,SIDHI,Installing community drinking water plants,17000.0,False,662.0,77.6
WS/MP18112/2024-2025/145331,BALWANT BASWANT WANKHADE,Maharashtra,AMRAVATI(SC),"Construction of roads, link roads, pathways or any other road with or without drainage system",700000.0,True,513.0,77.6
WS/MP18100/2024-2025/151650,BUNTY VIVEK SAHU,Madhya Pradesh,CHHINDWARA,Construction of common work sheds/ common covered sitting area,150000.0,False,651.0,77.4
WS/MP18188/2025-2026/154695,KONDA VISHWESHWAR REDDY,Telangana,CHELVELLA,Installing tube-wells and borewells,200000.0,False,636.0,77.1
WS/MP18188/2025-2026/154699,KONDA VISHWESHWAR REDDY,Telangana,CHELVELLA,Installing tube-wells and borewells,200000.0,False,636.0,77.1
WS/MP341/2025-2026/152196,Shri LS Tejasvi Surya,Karnataka,BANGALORE SOUTH,Lighting of public spaces,1999934.0,False,649.0,76.8
WS/MP18234/2024-2025/154104,DR. S P SINGH,Uttar Pradesh,PRATAPGARH,"Construction of roads, link roads, pathways or any other road with or without drainage system",445000.0,False,639.0,76.7
WS/MP18234/2024-2025/154124,DR. S P SINGH,Uttar Pradesh,PRATAPGARH,"Construction of roads, link roads, pathways or any other road with or without drainage system",440000.0,False,639.0,76.7
WS/MP18112/2025-2026/144100,BALWANT BASWANT WANKHADE,Maharashtra,AMRAVATI(SC),"Construction of roads, link roads, pathways or any other road with or without drainage system",700000.0,True,465.0,76.7
WS/MP18234/2024-2025/154107,DR. S P SINGH,Uttar Pradesh,PRATAPGARH,"Construction of roads, link roads, pathways or any other road with or without drainage system",405000.0,False,639.0,76.7
WS/MP18234/2024-2025/154109,DR. S P SINGH,Uttar Pradesh,PRATAPGARH,"Construction of roads, link roads, pathways or any other road with or without drainage system",337553.0,False,639.0,76.6
WS/MP18234/2024-2025/154091,DR. S P SINGH,Uttar Pradesh,PRATAPGARH,"Construction of roads, link roads, pathways or any other road with or without drainage system",324626.0,False,639.0,76.6
WS/MP18234/2024-2025/154128,DR. S P SINGH,Uttar Pradesh,PRATAPGARH,"Construction of roads, link roads, pathways or any other road with or without drainage system",344309.0,False,639.0,76.6
WS/MP18234/2024-2025/154117,DR. S P SINGH,Uttar Pradesh,PRATAPGARH,"Construction of roads, link roads, pathways or any other road with or without drainage system",339535.0,False,639.0,76.6
WS/MP18234/2024-2025/154061,DR. S P SINGH,Uttar Pradesh,PRATAPGARH,"Construction of roads, link roads, pathways or any other road with or without drainage system",306483.0,False,639.0,76.6
WS/MP18234/2024-2025/154063,DR. S P SINGH,Uttar Pradesh,PRATAPGARH,"Construction of roads, link roads, pathways or any other road with or without drainage system",269000.0,False,639.0,76.6
WS/MP18234/2024-2025/154064,DR. S P SINGH,Uttar Pradesh,PRATAPGARH,"Construction of roads, link roads, pathways or any other road with or without drainage system",300000.0,False,639.0,76.6
WS/MP18234/2024-2025/154130,DR. S P SINGH,Uttar Pradesh,PRATAPGARH,"Construction of roads, link roads, pathways or any other road with or without drainage system",339433.0,False,639.0,76.6
WS/MP18234/2024-2025/154103,DR. S P SINGH,Uttar Pradesh,PRATAPGARH,"Construction of roads, link roads, pathways or any other road with or without drainage system",322495.0,False,639.0,76.6
WS/MP18234/2024-2025/154099,DR. S P SINGH,Uttar Pradesh,PRATAPGARH,"Construction of roads, link roads, pathways or any other road with or without drainage system",286370.0,False,639.0,76.6
WS/MP18234/2024-2025/154110,DR. S P SINGH,Uttar Pradesh,PRATAPGARH,"Construction of roads, link roads, pathways or any other road with or without drainage system",340000.0,False,639.0,76.6
WS/MP18234/2024-2025/154092,DR. S P SINGH,Uttar Pradesh,PRATAPGARH,"Construction of roads, link roads, pathways or any other road with or without drainage system",339522.0,False,639.0,76.6
WS/MP18234/2024-2025/154113,DR. S P SINGH,Uttar Pradesh,PRATAPGARH,"Construction of roads, link roads, pathways or any other road with or without drainage system",335625.0,False,639.0,76.6
WS/MP18234/2024-2025/154066,DR. S P SINGH,Uttar Pradesh,PRATAPGARH,"Construction of roads, link roads, pathways or any other road with or without drainage system",303865.0,False,639.0,76.6
WS/MP18234/2024-2025/154114,DR. S P SINGH,Uttar Pradesh,PRATAPGARH,"Construction of roads, link roads, pathways or any other road with or without drainage system",382393.0,False,639.0,76.5
WS/MP18234/2024-2025/154127,DR. S P SINGH,Uttar Pradesh,PRATAPGARH,"Construction of roads, link roads, pathways or any other road with or without drainage system",385000.0,False,639.0,76.5
WS/MP18234/2024-2025/154062,DR. S P SINGH,Uttar Pradesh,PRATAPGARH,"Construction of roads, link roads, pathways or any other road with or without drainage system",385000.0,False,639.0,76.5
WS/MP18234/2024-2025/154096,DR. S P SINGH,Uttar Pradesh,PRATAPGARH,"Construction of roads, link roads, pathways or any other road with or without drainage system",385000.0,False,639.0,76.5
WS/MP18188/2025-2026/155204,KONDA VISHWESHWAR REDDY,Telangana,CHELVELLA,Installing tube-wells and borewells,150000.0,False,635.0,76.4
WS/MP18234/2024-2025/154116,DR. S P SINGH,Uttar Pradesh,PRATAPGARH,"Construction of roads, link roads, pathways or any other road with or without drainage system",367349.0,False,639.0,76.4
WS/MP18234/2024-2025/154119,DR. S P SINGH,Uttar Pradesh,PRATAPGARH,"Construction of roads, link roads, pathways or any other road with or without drainage system",360603.0,False,639.0,76.4
WS/MP18234/2024-2025/154129,DR. S P SINGH,Uttar Pradesh,PRATAPGARH,"Construction of roads, link roads, pathways or any other road with or without drainage system",360000.0,False,639.0,76.4
WS/MP18188/2025-2026/154694,KONDA VISHWESHWAR REDDY,Telangana,CHELVELLA,Installing tube-wells and borewells,150000.0,False,636.0,76.4
WS/MP18188/2025-2026/149968,KONDA VISHWESHWAR REDDY,Telangana,CHELVELLA,Installing tube-wells and borewells,150000.0,False,663.0,76.4
WS/MP18234/2024-2025/154086,DR. S P SINGH,Uttar Pradesh,PRATAPGARH,"Construction of roads, link roads, pathways or any other road with or without drainage system",380000.0,False,639.0,76.4
WS/MP18188/2025-2026/149967,KONDA VISHWESHWAR REDDY,Telangana,CHELVELLA,Installing tube-wells and borewells,150000.0,False,663.0,76.4
WS/MP18234/2024-2025/154082,DR. S P SINGH,Uttar Pradesh,PRATAPGARH,"Construction of roads, link roads, pathways or any other road with or without drainage system",363686.0,False,639.0,76.4
WS/MP18234/2024-2025/154068,DR. S P SINGH,Uttar Pradesh,PRATAPGARH,"Construction of roads, link roads, pathways or any other road with or without drainage system",371000.0,False,639.0,76.4
WS/MP18234/2024-2025/154106,DR. S P SINGH,Uttar Pradesh,PRATAPGARH,"Construction of roads, link roads, pathways or any other road with or without drainage system",355445.0,False,639.0,76.4
WS/MP18234/2024-2025/154095,DR. S P SINGH,Uttar Pradesh,PRATAPGARH,"Construction of roads, link roads, pathways or any other road with or without drainage system",377466.0,False,639.0,76.4
WS/MP18186/2025-2026/141737,Sasikanth Senthil,Tamil Nadu,TIRUVALLUR(SC),Construction of additional rooms and halls in the existing public and community building,2400000.0,True,482.0,75.8
WS/MP18144/2024-2025/148128,MALVIKA DEVI,Odisha,KALAHANDI,Construction of rooms and halls in school and colleges,200000.0,True,622.0,75.8
WS/MP386/2024-2025/145034,Shri Hanuman Beniwal,Rajasthan,NAGAUR,Improvement of electricity distribution infrastructure,226000.0,True,627.0,75.6
WS/MP18024/2025-2026/148522,GAURAV GOGOI,Assam,JORHAT,Construction of community centers and community halls,250000.0,True,446.0,75.6
WS/MP18024/2025-2026/148307,GAURAV GOGOI,Assam,JORHAT,Construction of community centers and community halls,200000.0,True,374.0,75.5
WS/MP18024/2025-2026/148305,GAURAV GOGOI,Assam,JORHAT,Construction of community centers and community halls,200000.0,True,464.0,75.5
WS/MP18024/2025-2026/148527,GAURAV GOGOI,Assam,JORHAT,Construction of community centers and community halls,200000.0,True,446.0,75.5
WS/MP18024/2025-2026/148298,GAURAV GOGOI,Assam,JORHAT,Construction of community centers and community halls,200000.0,True,464.0,75.5
WS/MP18024/2025-2026/148299,GAURAV GOGOI,Assam,JORHAT,Construction of community centers and community halls,200000.0,True,464.0,75.5
WS/MP18024/2025-2026/148302,GAURAV GOGOI,Assam,JORHAT,Construction of community centers and community halls,200000.0,True,464.0,75.5
WS/MP18024/2025-2026/148295,GAURAV GOGOI,Assam,JORHAT,Construction of community centers and community halls,200000.0,True,464.0,75.5
WS/MP18024/2025-2026/148303,GAURAV GOGOI,Assam,JORHAT,Construction of community centers and community halls,200000.0,True,464.0,75.5
WS/MP18024/2025-2026/148521,GAURAV GOGOI,Assam,JORHAT,Construction of community centers and community halls,200000.0,True,446.0,75.5
WS/MP18024/2025-2026/148523,GAURAV GOGOI,Assam,JORHAT,Construction of community centers and community halls,200000.0,True,446.0,75.5
WS/MP18172/2025-2026/144452,MANNA LAL RAWAT,Rajasthan,UDAIPUR(ST),Construction of common work sheds/ common covered sitting area,500000.0,True,401.0,75.3
WS/MP18043/2024-2025/140457,MANOJ KUMAR,Bihar,SASARAM(SC),Construction of public libraries and reading rooms,700000.0,True,540.0,75.2
WS/MP18199/2024-2025/145093,LALJI VERMA,Uttar Pradesh,AMBEDKAR NAGAR,Providing drains and gutters for public drainage,1292807.0,True,556.0,75.0
WS/MP18112/2024-2025/136991,BALWANT BASWANT WANKHADE,Maharashtra,AMRAVATI(SC),"Construction of roads, link roads, pathways or any other road with or without drainage system",1200000.0,True,530.0,74.9
WS/MP18188/2025-2026/149992,KONDA VISHWESHWAR REDDY,Telangana,CHELVELLA,Providing drains and gutters for public drainage,500000.0,False,663.0,74.8
WS/MP416/2025-2026/148841,Ashok Kumar Yadav,Bihar,MADHUBANI,Street lights,495000.0,True,241.0,74.6
WS/MP416/2025-2026/148842,Ashok Kumar Yadav,Bihar,MADHUBANI,Street lights,495000.0,True,241.0,74.6
WS/MP386/2024-2025/142497,Shri Hanuman Beniwal,Rajasthan,NAGAUR,Street lights,60000.0,True,622.0,74.1
WS/MP18024/2025-2026/148304,GAURAV GOGOI,Assam,JORHAT,Construction of boundary walls of existing public and community buildings,200000.0,True,464.0,74.1
WS/MP18024/2025-2026/148300,GAURAV GOGOI,Assam,JORHAT,Construction of boundary walls of existing public and community buildings,200000.0,True,374.0,74.1
WS/MP18024/2025-2026/148525,GAURAV GOGOI,Assam,JORHAT,Construction of boundary walls of existing public and community buildings,200000.0,True,446.0,74.1
WS/MP18024/2025-2026/148519,GAURAV GOGOI,Assam,JORHAT,Construction of boundary walls of existing public and community buildings,200000.0,True,446.0,74.1
WS/MP386/2024-2025/142495,Shri Hanuman Beniwal,Rajasthan,NAGAUR,Street lights,60000.0,True,622.0,74.1
WS/MP386/2024-2025/142496,Shri Hanuman Beniwal,Rajasthan,NAGAUR,Street lights,60000.0,True,622.0,74.1
WS/MP18377/2024-2025/153061,CHHATRA PAL SINGH GANGWAR,Uttar Pradesh,BAREILLY,"Construction of roads, link roads, pathways or any other road with or without drainage system",1141132.0,False,643.0,74.0
WS/MP386/2024-2025/142483,Shri Hanuman Beniwal,Rajasthan,NAGAUR,Street lights,60000.0,True,619.0,73.9
WS/MP386/2024-2025/142484,Shri Hanuman Beniwal,Rajasthan,NAGAUR,Street lights,60000.0,True,619.0,73.9
WS/MP341/2025-2026/136723,Shri LS Tejasvi Surya,Karnataka,BANGALORE SOUTH,Providing CCTV camera system for security of public areas,500000.0,True,495.0,73.5
WS/MP799/2024-2025/154613,Pankaj Chowdhary,Uttar Pradesh,MAHARAJGANJ_UP,Improvement of electricity distribution infrastructure,337732.0,False,635.0,73.5
WS/MP341/2025-2026/152627,Shri LS Tejasvi Surya,Karnataka,BANGALORE SOUTH,Purchase of immovable sports equipment,500000.0,False,646.0,72.8
WS/MP18162/2024-2025/147233,DAMODAR AGARWAL,Rajasthan,BHILWARA,Construction of community centers and community halls,500000.0,True,579.0,72.7
WS/MP18241/2025-2026/145630,RAKESH RATHOR,Uttar Pradesh,SITAPUR,Construction of water tanks,488000.0,True,486.0,72.3
WS/MP18277/2025-2026/150713,AZAD KIRTI JHA,West Bengal,BARDHAMAN-DURGAPUR,Construction of common work sheds/ common covered sitting area,861205.0,False,657.0,72.1
WS/MP386/2024-2025/142543,Shri Hanuman Beniwal,Rajasthan,NAGAUR,Providing supply pipelines for drinking water,150000.0,True,619.0,71.7
WS/MP386/2024-2025/142467,Shri Hanuman Beniwal,Rajasthan,NAGAUR,Street lights,150000.0,True,619.0,71.4
WS/MP386/2024-2025/142498,Shri Hanuman Beniwal,Rajasthan,NAGAUR,Construction of water tanks,200000.0,True,622.0,71.3
WS/MP18199/2024-2025/140420,LALJI VERMA,Uttar Pradesh,AMBEDKAR NAGAR,"Construction of roads, link roads, pathways or any other road with or without drainage system",796000.0,True,604.0,71.2
WS/MP334/2024-2025/136627,Shri Chandra Prakash Choudhary,Jharkhand,GIRIDIH,Lighting of public spaces,149710.0,True,559.0,71.2
WS/MP334/2024-2025/136641,Shri Chandra Prakash Choudhary,Jharkhand,GIRIDIH,Lighting of public spaces,149710.0,True,559.0,71.2
WS/MP334/2024-2025/136630,Shri Chandra Prakash Choudhary,Jharkhand,GIRIDIH,Lighting of public spaces,149710.0,True,559.0,71.2
WS/MP334/2024-2025/136629,Shri Chandra Prakash Choudhary,Jharkhand,GIRIDIH,Lighting of public spaces,149710.0,True,559.0,71.2
WS/MP334/2024-2025/136639,Shri Chandra Prakash Choudhary,Jharkhand,GIRIDIH,Lighting of public spaces,149710.0,True,559.0,71.2
WS/MP386/2024-2025/142499,Shri Hanuman Beniwal,Rajasthan,NAGAUR,Providing supply pipelines for drinking water,300000.0,True,622.0,71.0
WS/MP598/2024-2025/146969,Suresh Kumar Kashyap,Himachal Pradesh,SHIMLA (SC),"Construction of roads, link roads, pathways or any other road with or without drainage system",300000.0,True,537.0,70.7
,Shri LS Tejasvi Surya,Karnataka,BANGALORE SOUTH,Unknown,2000000.0,False,646.0,70.6
WS/MP18199/2024-2025/136958,LALJI VERMA,Uttar Pradesh,AMBEDKAR NAGAR,"Construction of roads, link roads, pathways or any other road with or without drainage system",862692.0,True,694.0,70.5
WS/MP334/2024-2025/144896,Shri Chandra Prakash Choudhary,Jharkhand,GIRIDIH,Lighting of public spaces,149710.0,True,559.0,70.5
WS/MP334/2024-2025/144883,Shri Chandra Prakash Choudhary,Jharkhand,GIRIDIH,Lighting of public spaces,150000.0,True,540.0,70.4
WS/MP334/2024-2025/144879,Shri Chandra Prakash Choudhary,Jharkhand,GIRIDIH,Lighting of public spaces,300000.0,True,559.0,70.3
WS/MP334/2024-2025/144892,Shri Chandra Prakash Choudhary,Jharkhand,GIRIDIH,Lighting of public spaces,150000.0,True,592.0,70.3
WS/MP334/2024-2025/144889,Shri Chandra Prakash Choudhary,Jharkhand,GIRIDIH,Lighting of public spaces,300000.0,True,559.0,70.3
WS/MP334/2024-2025/144878,Shri Chandra Prakash Choudhary,Jharkhand,GIRIDIH,Lighting of public spaces,300000.0,True,559.0,70.3
WS/MP334/2024-2025/144898,Shri Chandra Prakash Choudhary,Jharkhand,GIRIDIH,Lighting of public spaces,300000.0,True,559.0,70.3
WS/MP334/2024-2025/144874,Shri Chandra Prakash Choudhary,Jharkhand,GIRIDIH,Lighting of public spaces,300000.0,True,559.0,70.3
WS/MP334/2024-2025/144884,Shri Chandra Prakash Choudhary,Jharkhand,GIRIDIH,Lighting of public spaces,300000.0,True,559.0,70.3
WS/MP334/2024-2025/144886,Shri Chandra Prakash Choudhary,Jharkhand,GIRIDIH,Lighting of public spaces,150000.0,True,592.0,70.3
WS/MP334/2024-2025/144893,Shri Chandra Prakash Choudhary,Jharkhand,GIRIDIH,Lighting of public spaces,300000.0,True,559.0,70.3
WS/MP334/2024-2025/144899,Shri Chandra Prakash Choudhary,Jharkhand,GIRIDIH,Lighting of public spaces,300000.0,True,559.0,70.3
WS/MP334/2024-2025/136619,Shri Chandra Prakash Choudhary,Jharkhand,GIRIDIH,Lighting of public spaces,150000.0,True,559.0,70.3
WS/MP334/2024-2025/144880,Shri Chandra Prakash Choudhary,Jharkhand,GIRIDIH,Lighting of public spaces,300000.0,True,559.0,70.3
WS/MP334/2024-2025/136626,Shri Chandra Prakash Choudhary,Jharkhand,GIRIDIH,Lighting of public spaces,150000.0,True,559.0,70.3
WS/MP334/2024-2025/144881,Shri Chandra Prakash Choudhary,Jharkhand,GIRIDIH,Lighting of public spaces,300000.0,True,559.0,70.3
WS/MP334/2024-2025/136618,Shri Chandra Prakash Choudhary,Jharkhand,GIRIDIH,Lighting of public spaces,150000.0,True,559.0,70.3
WS/MP334/2024-2025/136622,Shri Chandra Prakash Choudhary,Jharkhand,GIRIDIH,Lighting of public spaces,150000.0,True,559.0,70.3
WS/MP334/2024-2025/136625,Shri Chandra Prakash Choudhary,Jharkhand,GIRIDIH,Lighting of public spaces,150000.0,True,559.0,70.3
WS/MP334/2024-2025/136620,Shri Chandra Prakash Choudhary,Jharkhand,GIRIDIH,Lighting of public spaces,150000.0,True,559.0,70.3
WS/MP334/2024-2025/136640,Shri Chandra Prakash Choudhary,Jharkhand,GIRIDIH,Lighting of public spaces,150000.0,True,559.0,70.3
WS/MP334/2024-2025/136616,Shri Chandra Prakash Choudhary,Jharkhand,GIRIDIH,Lighting of public spaces,150000.0,True,559.0,70.3
WS/MP334/2024-2025/136632,Shri Chandra Prakash Choudhary,Jharkhand,GIRIDIH,Lighting of public spaces,150000.0,True,559.0,70.3
WS/MP334/2024-2025/136628,Shri Chandra Prakash Choudhary,Jharkhand,GIRIDIH,Lighting of public spaces,150000.0,True,559.0,70.3
WS/MP334/2024-2025/136633,Shri Chandra Prakash Choudhary,Jharkhand,GIRIDIH,Lighting of public spaces,150000.0,True,559.0,70.3
WS/MP334/2024-2025/136615,Shri Chandra Prakash Choudhary,Jharkhand,GIRIDIH,Lighting of public spaces,150000.0,True,559.0,70.3
WS/MP334/2024-2025/136642,Shri Chandra Prakash Choudhary,Jharkhand,GIRIDIH,Lighting of public spaces,150000.0,True,559.0,70.3
WS/MP334/2024-2025/136631,Shri Chandra Prakash Choudhary,Jharkhand,GIRIDIH,Lighting of public spaces,150000.0,True,559.0,70.3
WS/MP334/2024-2025/144894,Shri Chandra Prakash Choudhary,Jharkhand,GIRIDIH,Lighting of public spaces,300000.0,True,559.0,70.3
WS/MP18238/2025-2026/153079,RAMASHANKAR RAJBHAR,Uttar Pradesh,SALEMPUR,Street lights,270000.0,False,643.0,70.2
WS/MP18238/2025-2026/153078,RAMASHANKAR RAJBHAR,Uttar Pradesh,SALEMPUR,Street lights,270000.0,False,643.0,70.2
WS/MP334/2024-2025/136590,Shri Chandra Prakash Choudhary,Jharkhand,GIRIDIH,Lighting of public spaces,150000.0,True,592.0,70.0
WS/MP334/2024-2025/136570,Shri Chandra Prakash Choudhary,Jharkhand,GIRIDIH,Lighting of public spaces,150000.0,True,592.0,70.0
WS/MP334/2024-2025/136574,Shri Chandra Prakash Choudhary,Jharkhand,GIRIDIH,Lighting of public spaces,150000.0,True,592.0,70.0
WS/MP334/2024-2025/136585,Shri Chandra Prakash Choudhary,Jharkhand,GIRIDIH,Lighting of public spaces,150000.0,True,592.0,70.0
WS/MP334/2024-2025/136581,Shri Chandra Prakash Choudhary,Jharkhand,GIRIDIH,Lighting of public spaces,150000.0,True,592.0,70.0
WS/MP334/2024-2025/136602,Shri Chandra Prakash Choudhary,Jharkhand,GIRIDIH,Lighting of public spaces,150000.0,True,592.0,70.0
WS/MP334/2024-2025/136586,Shri Chandra Prakash Choudhary,Jharkhand,GIRIDIH,Lighting of public spaces,150000.0,True,592.0,70.0
WS/MP334/2024-2025/136617,Shri Chandra Prakash Choudhary,Jharkhand,GIRIDIH,Lighting of public spaces,150000.0,True,592.0,70.0
WS/MP334/2024-2025/136573,Shri Chandra Prakash Choudhary,Jharkhand,GIRIDIH,Lighting of public spaces,150000.0,True,592.0,70.0
WS/MP334/2024-2025/136614,Shri Chandra Prakash Choudhary,Jharkhand,GIRIDIH,Lighting of public spaces,150000.0,True,592.0,70.0
WS/MP334/2024-2025/136601,Shri Chandra Prakash Choudhary,Jharkhand,GIRIDIH,Lighting of public spaces,150000.0,True,592.0,70.0
WS/MP334/2024-2025/136568,Shri Chandra Prakash Choudhary,Jharkhand,GIRIDIH,Lighting of public spaces,150000.0,True,592.0,70.0
WS/MP334/2024-2025/136558,Shri Chandra Prakash Choudhary,Jharkhand,GIRIDIH,Lighting of public spaces,150000.0,True,592.0,70.0
WS/MP334/2024-2025/144887,Shri Chandra Prakash Choudhary,Jharkhand,GIRIDIH,Lighting of public spaces,150000.0,True,613.0,70.0
WS/MP334/2024-2025/136571,Shri Chandra Prakash Choudhary,Jharkhand,GIRIDIH,Lighting of public spaces,150000.0,True,592.0,70.0
WS/MP405/2024-2025/140141,Balashowry Vallabbhaneni,Andhra Pradesh,MACHILIPATNAM,Improvement of electricity distribution infrastructure,297000.0,True,580.0,70.0
WS/MP334/2024-2025/136569,Shri Chandra Prakash Choudhary,Jharkhand,GIRIDIH,Lighting of public spaces,150000.0,True,592.0,70.0
WS/MP334/2024-2025/136611,Shri Chandra Prakash Choudhary,Jharkhand,GIRIDIH,Lighting of public spaces,150000.0,True,592.0,69.9
WS/MP334/2024-2025/136591,Shri Chandra Prakash Choudhary,Jharkhand,GIRIDIH,Lighting of public spaces,150000.0,True,592.0,69.9
WS/MP334/2024-2025/144871,Shri Chandra Prakash Choudhary,Jharkhand,GIRIDIH,Lighting of public spaces,150000.0,True,613.0,69.9
WS/MP334/2024-2025/144872,Shri Chandra Prakash Choudhary,Jharkhand,GIRIDIH,Lighting of public spaces,150000.0,True,613.0,69.9
WS/MP334/2024-2025/144877,Shri Chandra Prakash Choudhary,Jharkhand,GIRIDIH,Lighting of public spaces,150000.0,True,613.0,69.9
WS/MP334/2024-2025/144888,Shri Chandra Prakash Choudhary,Jharkhand,GIRIDIH,Lighting of public spaces,150000.0,True,613.0,69.9
WS/MP334/2024-2025/144876,Shri Chandra Prakash Choudhary,Jharkhand,GIRIDIH,Lighting of public spaces,150000.0,True,613.0,69.9
WS/MP334/2024-2025/144873,Shri Chandra Prakash Choudhary,Jharkhand,GIRIDIH,Lighting of public spaces,150000.0,True,613.0,69.9
WS/MP334/2024-2025/136599,Shri Chandra Prakash Choudhary,Jharkhand,GIRIDIH,Lighting of public spaces,150000.0,True,592.0,69.9
WS/MP334/2024-2025/136598,Shri Chandra Prakash Choudhary,Jharkhand,GIRIDIH,Lighting of public spaces,150000.0,True,592.0,69.9
WS/MP334/2024-2025/136572,Shri Chandra Prakash Choudhary,Jharkhand,GIRIDIH,Lighting of public spaces,150000.0,True,592.0,69.9
WS/MP334/2024-2025/136587,Shri Chandra Prakash Choudhary,Jharkhand,GIRIDIH,Lighting of public spaces,150000.0,True,592.0,69.9
WS/MP334/2024-2025/136583,Shri Chandra Prakash Choudhary,Jharkhand,GIRIDIH,Lighting of public spaces,150000.0,True,592.0,69.9
WS/MP334/2024-2025/136613,Shri Chandra Prakash Choudhary,Jharkhand,GIRIDIH,Lighting of public spaces,150000.0,True,592.0,69.9
WS/MP334/2024-2025/136612,Shri Chandra Prakash Choudhary,Jharkhand,GIRIDIH,Lighting of public spaces,150000.0,True,592.0,69.9
WS/MP334/2024-2025/136584,Shri Chandra Prakash Choudhary,Jharkhand,GIRIDIH,Lighting of public spaces,150000.0,True,592.0,69.9
WS/MP334/2024-2025/136600,Shri Chandra Prakash Choudhary,Jharkhand,GIRIDIH,Lighting of public spaces,150000.0,True,592.0,69.9
WS/MP334/2024-2025/136588,Shri Chandra Prakash Choudhary,Jharkhand,GIRIDIH,Lighting of public spaces,150000.0,True,592.0,69.9
WS/MP334/2024-2025/136589,Shri Chandra Prakash Choudhary,Jharkhand,GIRIDIH,Lighting of public spaces,150000.0,True,592.0,69.9
WS/MP334/2024-2025/136582,Shri Chandra Prakash Choudhary,Jharkhand,GIRIDIH,Lighting of public spaces,150000.0,True,592.0,69.9
WS/MP719/2024-2025/153102,Bhagirath Chaudhary,Rajasthan,AJMER,Construction of community centers and community halls,1498958.0,False,642.0,69.8
WS/MP386/2024-2025/147117,Shri Hanuman Beniwal,Rajasthan,NAGAUR,Construction of public libraries and reading rooms,1500000.0,True,622.0,69.8
WS/MP18023/2024-2025/147030,BIJULI KALITA MEDHI,Assam,GUWAHATI,Construction of bus-sheds or bus-stops,250000.0,True,531.0,69.7
WS/MP18023/2024-2025/147026,BIJULI KALITA MEDHI,Assam,GUWAHATI,Construction of bus-sheds or bus-stops,250000.0,True,531.0,69.7
WS/MP18023/2024-2025/147032,BIJULI KALITA MEDHI,Assam,GUWAHATI,Construction of bus-sheds or bus-stops,250000.0,True,531.0,69.7
WS/MP18328/2024-2025/148154,Kangana Ranaut,Himachal Pradesh,MANDI,Construction of common work sheds/ common covered sitting area,500000.0,True,624.0,69.7
WS/MP386/2024-2025/142464,Shri Hanuman Beniwal,Rajasthan,NAGAUR,Construction of rooms and halls in school and colleges,600000.0,True,625.0,69.6
WS/MP18199/2024-2025/136955,LALJI VERMA,Uttar Pradesh,AMBEDKAR NAGAR,"Construction of roads, link roads, pathways or any other road with or without drainage system",925886.0,True,694.0,69.5
WS/MP334/2024-2025/144882,Shri Chandra Prakash Choudhary,Jharkhand,GIRIDIH,Lighting of public spaces,450000.0,True,559.0,69.4
WS/MP334/2024-2025/144875,Shri Chandra Prakash Choudhary,Jharkhand,GIRIDIH,Lighting of public spaces,450000.0,True,559.0,69.4
WS/MP334/2024-2025/144897,Shri Chandra Prakash Choudhary,Jharkhand,GIRIDIH,Lighting of public spaces,450000.0,True,559.0,69.4
WS/MP334/2024-2025/144891,Shri Chandra Prakash Choudhary,Jharkhand,GIRIDIH,Lighting of public spaces,450000.0,True,559.0,69.4
WS/MP334/2024-2025/144895,Shri Chandra Prakash Choudhary,Jharkhand,GIRIDIH,Lighting of public spaces,450000.0,True,559.0,69.4
WS/MP334/2024-2025/144885,Shri Chandra Prakash Choudhary,Jharkhand,GIRIDIH,Lighting of public spaces,450000.0,True,559.0,69.4
WS/MP18024/2025-2026/148524,GAURAV GOGOI,Assam,JORHAT,"Construction of roads, link roads, pathways or any other road with or without drainage system",200000.0,True,446.0,69.0
WS/MP353/2024-2025/145372,Adv Dean Kuriakose,Kerala,IDUKKI,Construction of bus-sheds or bus-stops,500000.0,True,621.0,69.0
WS/MP18023/2025-2026/154156,BIJULI KALITA MEDHI,Assam,GUWAHATI,Construction of additional rooms and halls in the existing public and community building,250000.0,False,639.0,69.0
WS/MP386/2024-2025/145025,Shri Hanuman Beniwal,Rajasthan,NAGAUR,Construction of rooms and halls in school and colleges,1500000.0,True,620.0,69.0
WS/MP719/2025-2026/151460,Bhagirath Chaudhary,Rajasthan,AJMER,Construction of community centers and community halls,5100000.0,False,653.0,69.0
WS/MP18024/2025-2026/148526,GAURAV GOGOI,Assam,JORHAT,"Construction of roads, link roads, pathways or any other road with or without drainage system",200000.0,True,446.0,69.0
WS/MP18024/2025-2026/148520,GAURAV GOGOI,Assam,JORHAT,"Construction of roads, link roads, pathways or any other road with or without drainage system",200000.0,True,446.0,69.0
WS/MP18199/2024-2025/145094,LALJI VERMA,Uttar Pradesh,AMBEDKAR NAGAR,"Construction of roads, link roads, pathways or any other road with or without drainage system",948444.0,True,556.0,68.7
WS/MP405/2025-2026/140142,Balashowry Vallabbhaneni,Andhra Pradesh,MACHILIPATNAM,Improvement of electricity distribution infrastructure,381000.0,True,198.0,68.6
WS/MP18199/2024-2025/140422,LALJI VERMA,Uttar Pradesh,AMBEDKAR NAGAR,"Construction of roads, link roads, pathways or any other road with or without drainage system",1037000.0,True,604.0,68.6
WS/MP541/2025-2026/153743,Pradyut Bordoloi,Assam,NOWGONG,Construction of toilet blocks,500000.0,False,640.0,68.6
WS/MP386/2024-2025/142494,Shri Hanuman Beniwal,Rajasthan,NAGAUR,Construction of rooms and halls in school and colleges,500000.0,True,620.0,68.5
WS/MP18188/2025-2026/154681,KONDA VISHWESHWAR REDDY,Telangana,CHELVELLA,"Construction of roads, link roads, pathways or any other road with or without drainage system",150000.0,False,636.0,68.5
WS/MP405/2024-2025/140143,Balashowry Vallabbhaneni,Andhra Pradesh,MACHILIPATNAM,"Construction of rooms and facilities for hospitals, FWC , PHC Centers and ANM centers",499986.0,True,580.0,68.4
WS/MP18199/2024-2025/140419,LALJI VERMA,Uttar Pradesh,AMBEDKAR NAGAR,"Construction of roads, link roads, pathways or any other road with or without drainage system",1516682.0,True,604.0,68.2
WS/MP719/2024-2025/153214,Bhagirath Chaudhary,Rajasthan,AJMER,Construction of water tanks,993407.0,False,642.0,68.1
WS/MP18188/2025-2026/154677,KONDA VISHWESHWAR REDDY,Telangana,CHELVELLA,"Construction of roads, link roads, pathways or any other road with or without drainage system",200000.0,False,636.0,67.9
WS/MP341/2025-2026/146452,Shri LS Tejasvi Surya,Karnataka,BANGALORE SOUTH,Installing community drinking water plants,1199899.0,True,501.0,67.8
WS/MP341/2025-2026/146451,Shri LS Tejasvi Surya,Karnataka,BANGALORE SOUTH,Installing community drinking water plants,1199943.0,True,501.0,67.8
WS/MP18257/2024-2025/141684,ABHIJIT GANGOPADHYAY,West Bengal,TAMLUK,Providing drains and gutters for public drainage,280000.0,True,622.0,67.6
WS/MP727/2024-2025/142175,Om Birla,Rajasthan,KOTA,"Purchase of IT systems, including hardware and software for educational purposes",1500000.0,True,628.0,67.6
WS/MP386/2024-2025/142545,Shri Hanuman Beniwal,Rajasthan,NAGAUR,Construction of rooms and halls in school and colleges,600000.0,True,623.0,67.2
WS/MP18335/2024-2025/150940,RADHE SHYAM RATHIYA,Chhattisgarh,RAIGARH(ST),Installing tube-wells and borewells,500000.0,False,655.0,67.2
WS/MP18335/2024-2025/150941,RADHE SHYAM RATHIYA,Chhattisgarh,RAIGARH(ST),Installing tube-wells and borewells,500000.0,False,655.0,67.2
WS/MP18335/2024-2025/150943,RADHE SHYAM RATHIYA,Chhattisgarh,RAIGARH(ST),Installing tube-wells and borewells,500000.0,False,655.0,67.2
WS/MP18335/2024-2025/150942,RADHE SHYAM RATHIYA,Chhattisgarh,RAIGARH(ST),Installing tube-wells and borewells,500000.0,False,655.0,67.2
WS/MP18335/2024-2025/150939,RADHE SHYAM RATHIYA,Chhattisgarh,RAIGARH(ST),Installing tube-wells and borewells,500000.0,False,655.0,67.2
WS/MP18335/2024-2025/150944,RADHE SHYAM RATHIYA,Chhattisgarh,RAIGARH(ST),Installing tube-wells and borewells,500000.0,False,655.0,67.2
WS/MP18228/2024-2025/152973,PRIYA SAROJ,Uttar Pradesh,MACHHLISHAHR(SC),Street lights,20900.0,False,640.0,67.1
WS/MP18228/2024-2025/150402,PRIYA SAROJ,Uttar Pradesh,MACHHLISHAHR(SC),Street lights,20900.0,False,640.0,67.1
WS/MP18328/2026-2027/148155,Kangana Ranaut,Himachal Pradesh,MANDI,Purchase Books for Library,50000.0,True,33.0,67.1
WS/MP18056/2024-2025/141637,PARSHOTTAMBHAI RUPALA,Gujarat,RAJKOT,Providing drains and gutters for public drainage,400000.0,True,596.0,66.9
WS/MP18238/2024-2025/142943,RAMASHANKAR RAJBHAR,Uttar Pradesh,SALEMPUR,Street lights,259042.0,True,521.0,66.8
WS/MP405/2025-2026/140144,Balashowry Vallabbhaneni,Andhra Pradesh,MACHILIPATNAM,Purchase of hospital equipment,896000.0,True,255.0,66.8
WS/MP18238/2024-2025/142940,RAMASHANKAR RAJBHAR,Uttar Pradesh,SALEMPUR,Street lights,259041.0,True,521.0,66.8
WS/MP18238/2024-2025/142945,RAMASHANKAR RAJBHAR,Uttar Pradesh,SALEMPUR,Street lights,259042.0,True,521.0,66.8
WS/MP18238/2024-2025/142948,RAMASHANKAR RAJBHAR,Uttar Pradesh,SALEMPUR,Street lights,259042.0,True,521.0,66.8
WS/MP18238/2024-2025/142944,RAMASHANKAR RAJBHAR,Uttar Pradesh,SALEMPUR,Street lights,259042.0,True,521.0,66.8
WS/MP18238/2024-2025/145097,RAMASHANKAR RAJBHAR,Uttar Pradesh,SALEMPUR,Street lights,259634.0,True,521.0,66.6
WS/MP18238/2024-2025/142959,RAMASHANKAR RAJBHAR,Uttar Pradesh,SALEMPUR,Street lights,259634.0,True,521.0,66.6
WS/MP18238/2024-2025/142938,RAMASHANKAR RAJBHAR,Uttar Pradesh,SALEMPUR,Street lights,259776.0,True,521.0,66.6
WS/MP18238/2024-2025/142961,RAMASHANKAR RAJBHAR,Uttar Pradesh,SALEMPUR,Street lights,259634.0,True,521.0,66.6
WS/MP18238/2024-2025/142967,RAMASHANKAR RAJBHAR,Uttar Pradesh,SALEMPUR,Street lights,259634.0,True,521.0,66.6
WS/MP18238/2024-2025/142964,RAMASHANKAR RAJBHAR,Uttar Pradesh,SALEMPUR,Street lights,259634.0,True,521.0,66.6
WS/MP18238/2024-2025/142963,RAMASHANKAR RAJBHAR,Uttar Pradesh,SALEMPUR,Street lights,259634.0,True,521.0,66.6
WS/MP18238/2024-2025/142992,RAMASHANKAR RAJBHAR,Uttar Pradesh,SALEMPUR,Street lights,259634.0,True,521.0,66.6
WS/MP18238/2024-2025/142988,RAMASHANKAR RAJBHAR,Uttar Pradesh,SALEMPUR,Street lights,259634.0,True,521.0,66.6
WS/MP18238/2024-2025/142989,RAMASHANKAR RAJBHAR,Uttar Pradesh,SALEMPUR,Street lights,259634.0,True,521.0,66.6
WS/MP18238/2024-2025/142990,RAMASHANKAR RAJBHAR,Uttar Pradesh,SALEMPUR,Street lights,259634.0,True,521.0,66.6
WS/MP18238/2024-2025/142991,RAMASHANKAR RAJBHAR,Uttar Pradesh,SALEMPUR,Street lights,259634.0,True,521.0,66.6
WS/MP18238/2024-2025/142960,RAMASHANKAR RAJBHAR,Uttar Pradesh,SALEMPUR,Street lights,259634.0,True,521.0,66.6
WS/MP18328/2024-2025/149978,Kangana Ranaut,Himachal Pradesh,MANDI,Setting up of kitchen and pantries,400000.0,False,663.0,66.4
WS/MP386/2024-2025/142506,Shri Hanuman Beniwal,Rajasthan,NAGAUR,Installing tube-wells and borewells,300000.0,True,619.0,66.0
,Bhagirath Chaudhary,Rajasthan,AJMER,Unknown,657000.0,False,653.0,66.0
WS/MP584/2024-2025/136563,Vinod Chavda,Gujarat,KACHCHH(SC),Construction of common work sheds/ common covered sitting area,500000.0,True,514.0,65.9
WS/MP584/2024-2025/136564,Vinod Chavda,Gujarat,KACHCHH(SC),Construction of common work sheds/ common covered sitting area,500000.0,True,514.0,65.9
WS/MP18228/2024-2025/151590,PRIYA SAROJ,Uttar Pradesh,MACHHLISHAHR(SC),Street lights,62700.0,False,640.0,65.8
WS/MP18277/2025-2026/150716,AZAD KIRTI JHA,West Bengal,BARDHAMAN-DURGAPUR,"Purchase of ambulances (Four, three and two wheelers)",1800000.0,False,657.0,65.6
WS/MP353/2024-2025/144276,Adv Dean Kuriakose,Kerala,IDUKKI,Lighting of public spaces,215496.0,True,524.0,65.6
WS/MP353/2024-2025/144277,Adv Dean Kuriakose,Kerala,IDUKKI,Lighting of public spaces,215496.0,True,540.0,65.6
WS/MP353/2024-2025/144271,Adv Dean Kuriakose,Kerala,IDUKKI,Lighting of public spaces,215496.0,True,527.0,65.6
WS/MP353/2024-2025/144182,Adv Dean Kuriakose,Kerala,IDUKKI,Lighting of public spaces,215496.0,True,541.0,65.6
WS/MP353/2024-2025/144758,Adv Dean Kuriakose,Kerala,IDUKKI,Lighting of public spaces,215496.0,True,515.0,65.6
WS/MP353/2024-2025/144751,Adv Dean Kuriakose,Kerala,IDUKKI,Lighting of public spaces,215496.0,True,515.0,65.6
WS/MP353/2024-2025/145779,Adv Dean Kuriakose,Kerala,IDUKKI,Lighting of public spaces,215496.0,True,524.0,65.6
WS/MP353/2024-2025/144175,Adv Dean Kuriakose,Kerala,IDUKKI,Lighting of public spaces,215496.0,True,515.0,65.5
WS/MP18238/2025-2026/142947,RAMASHANKAR RAJBHAR,Uttar Pradesh,SALEMPUR,Street lights,270000.0,True,403.0,65.5
WS/MP18238/2025-2026/142942,RAMASHANKAR RAJBHAR,Uttar Pradesh,SALEMPUR,Street lights,270000.0,True,403.0,65.5
WS/MP727/2024-2025/137803,Om Birla,Rajasthan,KOTA,Crematoriums/energy efficient crematoriums or structures on burial/cremation ground,699924.0,True,624.0,65.5
WS/MP18238/2025-2026/142939,RAMASHANKAR RAJBHAR,Uttar Pradesh,SALEMPUR,Street lights,270000.0,True,403.0,65.5
WS/MP353/2024-2025/144724,Adv Dean Kuriakose,Kerala,IDUKKI,Lighting of public spaces,215496.0,True,540.0,65.5
WS/MP353/2024-2025/144730,Adv Dean Kuriakose,Kerala,IDUKKI,Lighting of public spaces,215496.0,True,540.0,65.5
WS/MP353/2024-2025/144166,Adv Dean Kuriakose,Kerala,IDUKKI,Lighting of public spaces,215496.0,True,513.0,65.5
WS/MP353/2024-2025/144756,Adv Dean Kuriakose,Kerala,IDUKKI,Lighting of public spaces,215496.0,True,541.0,65.5
WS/MP18277/2024-2025/150715,AZAD KIRTI JHA,West Bengal,BARDHAMAN-DURGAPUR,Construction of community centers and community halls,1500000.0,False,657.0,65.5
WS/MP18188/2025-2026/150032,KONDA VISHWESHWAR REDDY,Telangana,CHELVELLA,"Construction of roads, link roads, pathways or any other road with or without drainage system",500000.0,False,653.0,65.4
WS/MP18188/2025-2026/154630,KONDA VISHWESHWAR REDDY,Telangana,CHELVELLA,"Construction of roads, link roads, pathways or any other road with or without drainage system",500000.0,False,636.0,65.4
WS/MP353/2024-2025/144752,Adv Dean Kuriakose,Kerala,IDUKKI,Lighting of public spaces,215496.0,True,564.0,65.1
WS/MP353/2024-2025/144167,Adv Dean Kuriakose,Kerala,IDUKKI,Lighting of public spaces,215496.0,True,566.0,65.1
WS/MP353/2024-2025/144732,Adv Dean Kuriakose,Kerala,IDUKKI,Lighting of public spaces,215496.0,True,564.0,65.1
WS/MP353/2024-2025/144723,Adv Dean Kuriakose,Kerala,IDUKKI,Lighting of public spaces,215496.0,True,566.0,65.1
WS/MP353/2025-2026/144725,Adv Dean Kuriakose,Kerala,IDUKKI,Lighting of public spaces,215496.0,True,507.0,65.1
WS/MP353/2024-2025/145772,Adv Dean Kuriakose,Kerala,IDUKKI,Lighting of public spaces,215496.0,True,541.0,65.0
WS/MP353/2024-2025/145753,Adv Dean Kuriakose,Kerala,IDUKKI,Lighting of public spaces,215496.0,True,541.0,65.0
WS/MP353/2024-2025/145773,Adv Dean Kuriakose,Kerala,IDUKKI,Lighting of public spaces,215496.0,True,541.0,65.0
WS/MP353/2024-2025/145774,Adv Dean Kuriakose,Kerala,IDUKKI,Lighting of public spaces,215496.0,True,541.0,65.0
WS/MP353/2024-2025/145306,Adv Dean Kuriakose,Kerala,IDUKKI,"Purchase of IT systems, including hardware and software for educational purposes",70414.0,True,576.0,65.0
WS/MP18328/2024-2025/148186,Kangana Ranaut,Himachal Pradesh,MANDI,Construction of culverts and bridges,500000.0,True,611.0,64.9
WS/MP799/2024-2025/154645,Pankaj Chowdhary,Uttar Pradesh,MAHARAJGANJ_UP,Construction of additional rooms and halls in the existing public and community building,2335000.0,False,635.0,64.9
WS/MP18328/2024-2025/138241,Kangana Ranaut,Himachal Pradesh,MANDI,Construction of additional rooms and halls in the existing public and community building,1400000.0,True,681.0,64.9
WS/MP799/2024-2025/154647,Pankaj Chowdhary,Uttar Pradesh,MAHARAJGANJ_UP,Construction of additional rooms and halls in the existing public and community building,2340000.0,False,635.0,64.8
WS/MP799/2024-2025/154637,Pankaj Chowdhary,Uttar Pradesh,MAHARAJGANJ_UP,Construction of additional rooms and halls in the existing public and community building,2338000.0,False,635.0,64.8
WS/MP18188/2025-2026/149990,KONDA VISHWESHWAR REDDY,Telangana,CHELVELLA,"Construction of roads, link roads, pathways or any other road with or without drainage system",1300000.0,False,663.0,64.7
WS/MP353/2024-2025/144755,Adv Dean Kuriakose,Kerala,IDUKKI,Lighting of public spaces,215496.0,True,558.0,64.7
WS/MP353/2024-2025/144753,Adv Dean Kuriakose,Kerala,IDUKKI,Lighting of public spaces,215496.0,True,558.0,64.7
WS/MP353/2024-2025/144754,Adv Dean Kuriakose,Kerala,IDUKKI,Lighting of public spaces,215496.0,True,558.0,64.7
WS/MP353/2024-2025/144757,Adv Dean Kuriakose,Kerala,IDUKKI,Lighting of public spaces,215496.0,True,558.0,64.7
WS/MP353/2025-2026/144269,Adv Dean Kuriakose,Kerala,IDUKKI,Lighting of public spaces,215496.0,True,507.0,64.6
WS/MP353/2025-2026/144274,Adv Dean Kuriakose,Kerala,IDUKKI,Lighting of public spaces,215496.0,True,507.0,64.6
WS/MP353/2025-2026/145763,Adv Dean Kuriakose,Kerala,IDUKKI,Lighting of public spaces,215496.0,True,303.0,64.6
WS/MP18257/2024-2025/141692,ABHIJIT GANGOPADHYAY,West Bengal,TAMLUK,Construction of rooms and halls in school and colleges,797917.0,True,639.0,64.6
WS/MP353/2024-2025/144179,Adv Dean Kuriakose,Kerala,IDUKKI,Lighting of public spaces,215496.0,True,556.0,64.5
WS/MP353/2024-2025/144183,Adv Dean Kuriakose,Kerala,IDUKKI,Lighting of public spaces,215496.0,True,556.0,64.5
WS/MP353/2024-2025/144173,Adv Dean Kuriakose,Kerala,IDUKKI,Lighting of public spaces,215496.0,True,556.0,64.5
WS/MP18277/2024-2025/150083,AZAD KIRTI JHA,West Bengal,BARDHAMAN-DURGAPUR,Lighting of public spaces,420000.0,False,662.0,64.5
WS/MP18277/2024-2025/150076,AZAD KIRTI JHA,West Bengal,BARDHAMAN-DURGAPUR,Lighting of public spaces,420000.0,False,662.0,64.5
WS/MP18277/2024-2025/150085,AZAD KIRTI JHA,West Bengal,BARDHAMAN-DURGAPUR,Lighting of public spaces,420000.0,False,662.0,64.5
WS/MP353/2024-2025/144181,Adv Dean Kuriakose,Kerala,IDUKKI,Lighting of public spaces,215496.0,True,556.0,64.5
WS/MP353/2024-2025/144180,Adv Dean Kuriakose,Kerala,IDUKKI,Lighting of public spaces,215496.0,True,556.0,64.5
WS/MP18023/2024-2025/147018,BIJULI KALITA MEDHI,Assam,GUWAHATI,Construction of additional rooms and halls in the existing public and community building,300000.0,True,530.0,64.4
WS/MP18228/2024-2025/148757,PRIYA SAROJ,Uttar Pradesh,MACHHLISHAHR(SC),Street lights,20900.0,True,625.0,64.4
WS/MP18238/2025-2026/145095,RAMASHANKAR RAJBHAR,Uttar Pradesh,SALEMPUR,Improvement of electricity distribution infrastructure,636000.0,True,403.0,63.8
WS/MP353/2024-2025/145775,Adv Dean Kuriakose,Kerala,IDUKKI,Lighting of public spaces,207949.0,True,524.0,63.0
WS/MP353/2024-2025/145754,Adv Dean Kuriakose,Kerala,IDUKKI,Lighting of public spaces,207949.0,True,513.0,63.0
WS/MP353/2024-2025/145768,Adv Dean Kuriakose,Kerala,IDUKKI,Lighting of public spaces,207949.0,True,527.0,63.0
WS/MP353/2024-2025/145777,Adv Dean Kuriakose,Kerala,IDUKKI,Lighting of public spaces,207949.0,True,526.0,63.0
WS/MP18277/2025-2026/150717,AZAD KIRTI JHA,West Bengal,BARDHAMAN-DURGAPUR,"Purchase of hearse van (Four, three and two wheelers)",1500000.0,False,657.0,63.0
WS/MP353/2024-2025/144279,Adv Dean Kuriakose,Kerala,IDUKKI,Lighting of public spaces,207949.0,True,540.0,63.0
WS/MP740/2026-2027/140339,Andimuthu Raja,Tamil Nadu,NILGIRIS(SC),Construction of water tanks,1399943.0,True,39.0,63.0
WS/MP353/2024-2025/144178,Adv Dean Kuriakose,Kerala,IDUKKI,Lighting of public spaces,207949.0,True,515.0,62.9
WS/MP353/2024-2025/144731,Adv Dean Kuriakose,Kerala,IDUKKI,Lighting of public spaces,207949.0,True,575.0,62.9
WS/MP353/2024-2025/144278,Adv Dean Kuriakose,Kerala,IDUKKI,Lighting of public spaces,207949.0,True,576.0,62.9
WS/MP353/2025-2026/145767,Adv Dean Kuriakose,Kerala,IDUKKI,Lighting of public spaces,207949.0,True,506.0,62.9
WS/MP353/2024-2025/144759,Adv Dean Kuriakose,Kerala,IDUKKI,Lighting of public spaces,207949.0,True,541.0,62.9
WS/MP353/2024-2025/144168,Adv Dean Kuriakose,Kerala,IDUKKI,Lighting of public spaces,207949.0,True,544.0,62.9
,Pradyut Bordoloi,Assam,NOWGONG,Unknown,200000.0,False,629.0,62.9
,Pradyut Bordoloi,Assam,NOWGONG,Unknown,200000.0,False,702.0,62.9
,Omprakash Bhupalsinh Alias Pawan Rajenimbalkar,Maharashtra,OSMANABAD,Unknown,1000000.0,False,681.0,62.8
WS/MP353/2024-2025/144171,Adv Dean Kuriakose,Kerala,IDUKKI,Lighting of public spaces,207949.0,True,566.0,62.8
WS/MP353/2024-2025/144273,Adv Dean Kuriakose,Kerala,IDUKKI,Lighting of public spaces,207949.0,True,566.0,62.8
,Omprakash Bhupalsinh Alias Pawan Rajenimbalkar,Maharashtra,OSMANABAD,Unknown,1000000.0,False,681.0,62.8
WS/MP673/2025-2026/145399,Omprakash Bhupalsinh Alias Pawan Rajenimbalkar,Maharashtra,OSMANABAD,Installing tube-wells and borewells,299674.0,True,321.0,62.6
WS/MP18023/2024-2025/147006,BIJULI KALITA MEDHI,Assam,GUWAHATI,Construction of additional rooms and halls in the existing public and community building,350000.0,True,530.0,62.5
WS/MP18023/2024-2025/146994,BIJULI KALITA MEDHI,Assam,GUWAHATI,Construction of additional rooms and halls in the existing public and community building,350000.0,True,530.0,62.5
WS/MP353/2024-2025/145778,Adv Dean Kuriakose,Kerala,IDUKKI,Lighting of public spaces,207949.0,True,541.0,62.3
WS/MP18023/2024-2025/147019,BIJULI KALITA MEDHI,Assam,GUWAHATI,Construction of additional rooms and halls in the existing public and community building,600000.0,True,531.0,62.3
WS/MP353/2024-2025/144270,Adv Dean Kuriakose,Kerala,IDUKKI,Lighting of public spaces,207949.0,True,556.0,62.2
WS/MP353/2024-2025/144235,Adv Dean Kuriakose,Kerala,IDUKKI,Lighting of public spaces,207949.0,True,556.0,62.2
WS/MP353/2025-2026/144275,Adv Dean Kuriakose,Kerala,IDUKKI,Lighting of public spaces,207949.0,True,507.0,62.0
WS/MP18023/2024-2025/146993,BIJULI KALITA MEDHI,Assam,GUWAHATI,Construction of community centers and community halls,350000.0,True,530.0,61.9
WS/MP18023/2024-2025/147000,BIJULI KALITA MEDHI,Assam,GUWAHATI,Construction of community centers and community halls,350000.0,True,530.0,61.9
WS/MP18023/2024-2025/146991,BIJULI KALITA MEDHI,Assam,GUWAHATI,Construction of community centers and community halls,350000.0,True,530.0,61.9
WS/MP827/2024-2025/152967,Shatrughan Sinha,West Bengal,ASANSOL,Renovation of ponds and lakes,900000.0,False,644.0,61.9
WS/MP18023/2024-2025/146987,BIJULI KALITA MEDHI,Assam,GUWAHATI,Construction of community centers and community halls,350000.0,True,531.0,61.8
WS/MP18023/2024-2025/146988,BIJULI KALITA MEDHI,Assam,GUWAHATI,Construction of community centers and community halls,350000.0,True,531.0,61.8
WS/MP18023/2024-2025/146992,BIJULI KALITA MEDHI,Assam,GUWAHATI,Construction of community centers and community halls,350000.0,True,531.0,61.8
WS/MP352/2024-2025/142693,Shri Hibi Eden,Kerala,ERNAKULAM,"Purchase of IT systems, including hardware and software for educational purposes",352070.0,True,531.0,61.8
WS/MP352/2024-2025/142687,Shri Hibi Eden,Kerala,ERNAKULAM,"Purchase of IT systems, including hardware and software for educational purposes",352070.0,True,531.0,61.8
WS/MP18023/2024-2025/146995,BIJULI KALITA MEDHI,Assam,GUWAHATI,Construction of community centers and community halls,350000.0,True,531.0,61.8
WS/MP352/2024-2025/142692,Shri Hibi Eden,Kerala,ERNAKULAM,"Purchase of IT systems, including hardware and software for educational purposes",352070.0,True,531.0,61.8
WS/MP405/2024-2025/140145,Balashowry Vallabbhaneni,Andhra Pradesh,MACHILIPATNAM,"Construction of roads, link roads, pathways or any other road with or without drainage system",1500000.0,True,670.0,61.7
WS/MP541/2026-2027/153742,Pradyut Bordoloi,Assam,NOWGONG,Construction of public libraries and reading rooms,500000.0,False,640.0,61.6
WS/MP453/2025-2026/153992,Saptagiri Sankar Ulaka,Odisha,KORAPUT(ST),Construction of community centers and community halls,1000000.0,False,639.0,61.5
WS/MP18228/2024-2025/147754,PRIYA SAROJ,Uttar Pradesh,MACHHLISHAHR(SC),Street lights,20900.0,True,657.0,61.5
WS/MP18277/2024-2025/150714,AZAD KIRTI JHA,West Bengal,BARDHAMAN-DURGAPUR,Purchase of furniture and fixtures for educational purposes,700000.0,False,657.0,61.5
WS/MP18228/2024-2025/148003,PRIYA SAROJ,Uttar Pradesh,MACHHLISHAHR(SC),Street lights,20900.0,True,657.0,61.5
WS/MP719/2024-2025/140155,Bhagirath Chaudhary,Rajasthan,AJMER,Construction of community centers and community halls,200000.0,True,624.0,61.4
WS/MP18049/2024-2025/152243,TOKHAN SAHU,Chhattisgarh,BILASPUR,Construction of buildings for community cultural activities,2500000.0,False,648.0,61.4
WS/MP719/2024-2025/140154,Bhagirath Chaudhary,Rajasthan,AJMER,Construction of community centers and community halls,299612.0,True,633.0,61.3
WS/MP353/2024-2025/153109,Adv Dean Kuriakose,Kerala,IDUKKI,Purchase of vans and buses for educational institutions,1622000.0,False,642.0,61.3
WS/MP673/2025-2026/147093,Omprakash Bhupalsinh Alias Pawan Rajenimbalkar,Maharashtra,OSMANABAD,Construction of community centers and community halls,699164.0,True,366.0,61.2
WS/MP453/2024-2025/153977,Saptagiri Sankar Ulaka,Odisha,KORAPUT(ST),Construction of community centers and community halls,200000.0,False,639.0,61.1
,PARSHOTTAMBHAI RUPALA,Gujarat,RAJKOT,Unknown,300000.0,False,703.0,61.0
WS/MP18328/2024-2025/144153,Kangana Ranaut,Himachal Pradesh,MANDI,"Construction of roads, link roads, pathways or any other road with or without drainage system",200000.0,True,631.0,60.5
WS/MP673/2026-2027/145737,Omprakash Bhupalsinh Alias Pawan Rajenimbalkar,Maharashtra,OSMANABAD,Development of public parks,750000.0,True,20.0,60.4
,Omprakash Bhupalsinh Alias Pawan Rajenimbalkar,Maharashtra,OSMANABAD,Unknown,700000.0,False,691.0,60.2
,Omprakash Bhupalsinh Alias Pawan Rajenimbalkar,Maharashtra,OSMANABAD,Unknown,700000.0,False,681.0,60.2
,Omprakash Bhupalsinh Alias Pawan Rajenimbalkar,Maharashtra,OSMANABAD,Unknown,700000.0,False,683.0,60.2
WS/MP453/2024-2025/153962,Saptagiri Sankar Ulaka,Odisha,KORAPUT(ST),Construction of community centers and community halls,250000.0,False,639.0,60.1
WS/MP453/2024-2025/153963,Saptagiri Sankar Ulaka,Odisha,KORAPUT(ST),Construction of community centers and community halls,250000.0,False,639.0,60.1
WS/MP673/2026-2027/145234,Omprakash Bhupalsinh Alias Pawan Rajenimbalkar,Maharashtra,OSMANABAD,Development of public parks,1000000.0,True,20.0,60.0
WS/MP755/2025-2026/152825,Thalikkottai Rajuthevar Baalu,Tamil Nadu,SRIPERUMBUDUR,Setting up of kitchen and pantries,2500000.0,False,645.0,59.9
WS/MP405/2024-2025/149698,Balashowry Vallabbhaneni,Andhra Pradesh,MACHILIPATNAM,"Construction of roads, link roads, pathways or any other road with or without drainage system",482850.0,False,664.0,59.8
WS/MP405/2024-2025/149697,Balashowry Vallabbhaneni,Andhra Pradesh,MACHILIPATNAM,"Construction of roads, link roads, pathways or any other road with or without drainage system",482850.0,False,664.0,59.8
WS/MP18023/2025-2026/146990,BIJULI KALITA MEDHI,Assam,GUWAHATI,Construction of community centers and community halls,350000.0,True,332.0,59.7
WS/MP453/2024-2025/153974,Saptagiri Sankar Ulaka,Odisha,KORAPUT(ST),Construction of community centers and community halls,300000.0,False,639.0,59.6
WS/MP453/2024-2025/153971,Saptagiri Sankar Ulaka,Odisha,KORAPUT(ST),Construction of community centers and community halls,300000.0,False,639.0,59.6
WS/MP18023/2024-2025/136758,BIJULI KALITA MEDHI,Assam,GUWAHATI,Construction of common work sheds/ common covered sitting area,1200000.0,True,531.0,59.4
WS/MP453/2024-2025/153947,Saptagiri Sankar Ulaka,Odisha,KORAPUT(ST),Construction of community centers and community halls,500000.0,False,639.0,59.4
WS/MP18257/2024-2025/141685,ABHIJIT GANGOPADHYAY,West Bengal,TAMLUK,Construction of community centers and community halls,700000.0,True,622.0,59.3
,Omprakash Bhupalsinh Alias Pawan Rajenimbalkar,Maharashtra,OSMANABAD,Unknown,250000.0,False,698.0,59.2
WS/MP18023/2024-2025/146998,BIJULI KALITA MEDHI,Assam,GUWAHATI,Construction of boundary walls of existing public and community buildings,350000.0,True,530.0,59.2
,Omprakash Bhupalsinh Alias Pawan Rajenimbalkar,Maharashtra,OSMANABAD,Unknown,250000.0,False,687.0,59.2
WS/MP18023/2024-2025/136756,BIJULI KALITA MEDHI,Assam,GUWAHATI,Construction of toilet blocks,400000.0,True,594.0,59.0
WS/MP18181/2026-2027/151265,ESWARASAMY K,Tamil Nadu,POLLACHI,Construction of water tanks,1229625.0,False,654.0,58.8
WS/MP453/2025-2026/153990,Saptagiri Sankar Ulaka,Odisha,KORAPUT(ST),Development of public parks,700000.0,False,639.0,58.7
WS/MP18313/2024-2025/152806,RAJ KUMAR ROAT,Rajasthan,BANSWARA(ST),Construction of community centers and community halls,1000000.0,False,645.0,58.5
WS/MP541/2025-2026/153744,Pradyut Bordoloi,Assam,NOWGONG,"Construction of roads, link roads, pathways or any other road with or without drainage system",500000.0,False,640.0,58.4
WS/MP352/2024-2025/142694,Shri Hibi Eden,Kerala,ERNAKULAM,"Purchase of IT systems, including hardware and software for educational purposes",70414.0,True,531.0,58.2
WS/MP18236/2024-2025/139453,CHHOTELAL,Uttar Pradesh,ROBERTSGANJ(SC),Construction of common work sheds/ common covered sitting area,800000.0,True,558.0,58.2
WS/MP827/2024-2025/152396,Shatrughan Sinha,West Bengal,ASANSOL,Lighting of public spaces,1496000.0,False,647.0,58.0
WS/MP18346/2024-2025/142476,RAHUL GANDHI,Uttar Pradesh,RAE BARELI,Construction of rooms and halls in school and colleges,500000.0,True,638.0,58.0
WS/MP18346/2024-2025/142468,RAHUL GANDHI,Uttar Pradesh,RAE BARELI,Construction of rooms and halls in school and colleges,700000.0,True,638.0,57.9
WS/MP405/2024-2025/149699,Balashowry Vallabbhaneni,Andhra Pradesh,MACHILIPATNAM,"Construction of roads, link roads, pathways or any other road with or without drainage system",287229.0,False,664.0,57.8
WS/MP18056/2024-2025/141634,PARSHOTTAMBHAI RUPALA,Gujarat,RAJKOT,Construction of community centers and community halls,838978.0,True,568.0,57.7
WS/MP18313/2024-2025/152807,RAJ KUMAR ROAT,Rajasthan,BANSWARA(ST),Development of playfields and sports grounds,1500000.0,False,645.0,57.2
WS/MP405/2024-2025/149701,Balashowry Vallabbhaneni,Andhra Pradesh,MACHILIPATNAM,"Construction of roads, link roads, pathways or any other road with or without drainage system",348135.0,False,664.0,57.2
WS/MP405/2024-2025/149702,Balashowry Vallabbhaneni,Andhra Pradesh,MACHILIPATNAM,"Construction of roads, link roads, pathways or any other road with or without drainage system",349394.0,False,664.0,57.2
WS/MP18228/2024-2025/147033,PRIYA SAROJ,Uttar Pradesh,MACHHLISHAHR(SC),Street lights,20900.0,True,656.0,57.2
WS/MP18228/2024-2025/147158,PRIYA SAROJ,Uttar Pradesh,MACHHLISHAHR(SC),Street lights,20900.0,True,656.0,57.2
WS/MP18228/2024-2025/147003,PRIYA SAROJ,Uttar Pradesh,MACHHLISHAHR(SC),Street lights,20900.0,True,656.0,57.2
WS/MP18228/2024-2025/147017,PRIYA SAROJ,Uttar Pradesh,MACHHLISHAHR(SC),Street lights,20900.0,True,656.0,57.2
WS/MP405/2024-2025/149700,Balashowry Vallabbhaneni,Andhra Pradesh,MACHILIPATNAM,"Construction of roads, link roads, pathways or any other road with or without drainage system",309818.0,False,664.0,57.2
WS/MP18228/2024-2025/147557,PRIYA SAROJ,Uttar Pradesh,MACHHLISHAHR(SC),Street lights,20900.0,True,656.0,57.2
WS/MP352/2024-2025/142700,Shri Hibi Eden,Kerala,ERNAKULAM,"Purchase of IT systems, including hardware and software for educational purposes",140828.0,True,531.0,57.0
WS/MP352/2025-2026/142707,Shri Hibi Eden,Kerala,ERNAKULAM,"Purchase of IT systems, including hardware and software for educational purposes",172076.0,True,335.0,57.0
WS/MP18228/2024-2025/147685,PRIYA SAROJ,Uttar Pradesh,MACHHLISHAHR(SC),Street lights,41800.0,True,656.0,56.9
WS/MP352/2024-2025/142706,Shri Hibi Eden,Kerala,ERNAKULAM,"Purchase of IT systems, including hardware and software for educational purposes",176035.0,True,531.0,56.9
WS/MP352/2024-2025/142703,Shri Hibi Eden,Kerala,ERNAKULAM,"Purchase of IT systems, including hardware and software for educational purposes",176035.0,True,531.0,56.9
WS/MP18228/2024-2025/147057,PRIYA SAROJ,Uttar Pradesh,MACHHLISHAHR(SC),Street lights,41800.0,True,656.0,56.9
WS/MP18238/2025-2026/153080,RAMASHANKAR RAJBHAR,Uttar Pradesh,SALEMPUR,"Construction of roads, link roads, pathways or any other road with or without drainage system",700000.0,False,643.0,56.8
WS/MP352/2024-2025/142697,Shri Hibi Eden,Kerala,ERNAKULAM,"Purchase of IT systems, including hardware and software for educational purposes",172076.0,True,531.0,56.7
WS/MP740/2025-2026/140338,Andimuthu Raja,Tamil Nadu,NILGIRIS(SC),Construction of bus-sheds or bus-stops,499977.0,True,208.0,56.6
WS/MP18212/2024-2025/146890,ANAND BHADAURIYA,Uttar Pradesh,DHAURAHRA,Construction of additional rooms and halls in the existing public and community building,1000000.0,True,552.0,56.6
WS/MP410/2025-2026/148377,Pradan Baruah,Assam,LAKHIMPUR,"Construction of rooms and facilities for hospitals, FWC , PHC Centers and ANM centers",1000000.0,True,446.0,56.4
WS/MP410/2025-2026/148378,Pradan Baruah,Assam,LAKHIMPUR,"Construction of rooms and facilities for hospitals, FWC , PHC Centers and ANM centers",1000000.0,True,453.0,56.4
WS/MP18238/2024-2025/142950,RAMASHANKAR RAJBHAR,Uttar Pradesh,SALEMPUR,"Construction of roads, link roads, pathways or any other road with or without drainage system",487189.0,True,521.0,56.3
WS/MP453/2024-2025/154004,Saptagiri Sankar Ulaka,Odisha,KORAPUT(ST),Construction of culverts and bridges,200000.0,False,639.0,55.9
WS/MP494/2024-2025/142914,Prof SP Singh Baghel,Uttar Pradesh,AGRA(SC),Installing community drinking water plants,208617.0,True,604.0,55.8
WS/MP453/2024-2025/153968,Saptagiri Sankar Ulaka,Odisha,KORAPUT(ST),Construction of culverts and bridges,500000.0,False,639.0,55.6
WS/MP18257/2024-2025/141683,ABHIJIT GANGOPADHYAY,West Bengal,TAMLUK,"Construction of roads, link roads, pathways or any other road with or without drainage system",220000.0,True,622.0,55.6
WS/MP18313/2024-2025/147446,RAJ KUMAR ROAT,Rajasthan,BANSWARA(ST),Construction of stadiums,1500000.0,True,622.0,55.2
WS/MP18238/2025-2026/154855,RAMASHANKAR RAJBHAR,Uttar Pradesh,SALEMPUR,"Construction of roads, link roads, pathways or any other road with or without drainage system",1314028.0,False,635.0,55.1
WS/MP18238/2025-2026/145009,RAMASHANKAR RAJBHAR,Uttar Pradesh,SALEMPUR,"Construction of roads, link roads, pathways or any other road with or without drainage system",699671.0,True,403.0,55.0
WS/MP18238/2025-2026/142926,RAMASHANKAR RAJBHAR,Uttar Pradesh,SALEMPUR,"Construction of roads, link roads, pathways or any other road with or without drainage system",700000.0,True,403.0,55.0
WS/MP18238/2025-2026/142958,RAMASHANKAR RAJBHAR,Uttar Pradesh,SALEMPUR,"Construction of roads, link roads, pathways or any other road with or without drainage system",600000.0,True,403.0,55.0
WS/MP18238/2025-2026/142952,RAMASHANKAR RAJBHAR,Uttar Pradesh,SALEMPUR,"Construction of roads, link roads, pathways or any other road with or without drainage system",600000.0,True,403.0,55.0
WS/MP18238/2025-2026/145010,RAMASHANKAR RAJBHAR,Uttar Pradesh,SALEMPUR,"Construction of roads, link roads, pathways or any other road with or without drainage system",597361.0,True,403.0,55.0
WS/MP18238/2025-2026/142955,RAMASHANKAR RAJBHAR,Uttar Pradesh,SALEMPUR,"Construction of roads, link roads, pathways or any other road with or without drainage system",600000.0,True,403.0,55.0
WS/MP18238/2025-2026/142956,RAMASHANKAR RAJBHAR,Uttar Pradesh,SALEMPUR,"Construction of roads, link roads, pathways or any other road with or without drainage system",600000.0,True,403.0,55.0
WS/MP18238/2025-2026/142954,RAMASHANKAR RAJBHAR,Uttar Pradesh,SALEMPUR,"Construction of roads, link roads, pathways or any other road with or without drainage system",600000.0,True,403.0,55.0
WS/MP18238/2025-2026/142953,RAMASHANKAR RAJBHAR,Uttar Pradesh,SALEMPUR,"Construction of roads, link roads, pathways or any other road with or without drainage system",600000.0,True,400.0,55.0
WS/MP18238/2025-2026/145008,RAMASHANKAR RAJBHAR,Uttar Pradesh,SALEMPUR,"Construction of roads, link roads, pathways or any other road with or without drainage system",600000.0,True,403.0,55.0
WS/MP18238/2025-2026/142951,RAMASHANKAR RAJBHAR,Uttar Pradesh,SALEMPUR,"Construction of roads, link roads, pathways or any other road with or without drainage system",575000.0,True,403.0,55.0
WS/MP18238/2025-2026/142928,RAMASHANKAR RAJBHAR,Uttar Pradesh,SALEMPUR,"Construction of roads, link roads, pathways or any other road with or without drainage system",700000.0,True,403.0,55.0
WS/MP453/2024-2025/154002,Saptagiri Sankar Ulaka,Odisha,KORAPUT(ST),Construction of culverts and bridges,300000.0,False,639.0,54.8
WS/MP18229/2024-2025/143079,ARUN GOVIL,Uttar Pradesh,MEERUT,"Construction of roads, link roads, pathways or any other road with or without drainage system",834000.0,True,642.0,54.7
WS/MP18311/2024-2025/153875,MALVINDER SINGH KANG,Punjab,ANANDPUR SAHIB,Construction of rooms and halls in school and colleges,500000.0,False,601.0,54.7
WS/MP18180/2025-2026/143525,ARUN NEHRU,Tamil Nadu,PERAMBALUR,Construction of rooms and halls in school and colleges,3460000.0,True,423.0,54.6
WS/MP453/2024-2025/154133,Saptagiri Sankar Ulaka,Odisha,KORAPUT(ST),Construction of culverts and bridges,250000.0,False,639.0,54.6
WS/MP353/2024-2025/145308,Adv Dean Kuriakose,Kerala,IDUKKI,"Construction of roads, link roads, pathways or any other road with or without drainage system",435725.0,True,621.0,54.5
WS/MP18257/2024-2025/141682,ABHIJIT GANGOPADHYAY,West Bengal,TAMLUK,"Construction of roads, link roads, pathways or any other road with or without drainage system",330000.0,True,622.0,54.3
WS/MP18076/2025-2026/145726,DR C N MANJUNATH,Karnataka,BANGALORE RURAL,Construction of bus-sheds or bus-stops,500000.0,True,501.0,54.3
WS/MP18076/2025-2026/145725,DR C N MANJUNATH,Karnataka,BANGALORE RURAL,Construction of bus-sheds or bus-stops,500000.0,True,501.0,54.3
WS/MP827/2024-2025/152964,Shatrughan Sinha,West Bengal,ASANSOL,Construction of common work sheds/ common covered sitting area,900000.0,False,644.0,54.3
WS/MP18076/2025-2026/145724,DR C N MANJUNATH,Karnataka,BANGALORE RURAL,Construction of bus-sheds or bus-stops,499204.0,True,428.0,54.2
WS/MP18257/2024-2025/141681,ABHIJIT GANGOPADHYAY,West Bengal,TAMLUK,"Construction of roads, link roads, pathways or any other road with or without drainage system",270000.0,True,622.0,54.2
WS/MP18076/2025-2026/145727,DR C N MANJUNATH,Karnataka,BANGALORE RURAL,Construction of bus-sheds or bus-stops,499204.0,True,501.0,53.9
WS/MP18313/2024-2025/140386,RAJ KUMAR ROAT,Rajasthan,BANSWARA(ST),Construction of rooms and halls in school and colleges,1500000.0,True,666.0,53.9
WS/MP18076/2025-2026/145728,DR C N MANJUNATH,Karnataka,BANGALORE RURAL,Construction of bus-sheds or bus-stops,499204.0,True,501.0,53.9
WS/MP453/2024-2025/154137,Saptagiri Sankar Ulaka,Odisha,KORAPUT(ST),"Construction of roads, link roads, pathways or any other road with or without drainage system",300000.0,False,639.0,53.8
WS/MP453/2024-2025/153975,Saptagiri Sankar Ulaka,Odisha,KORAPUT(ST),"Construction of roads, link roads, pathways or any other road with or without drainage system",300000.0,False,639.0,53.8
WS/MP18311/2024-2025/149538,MALVINDER SINGH KANG,Punjab,ANANDPUR SAHIB,Construction of community centers and community halls,1000000.0,False,647.0,53.8
WS/MP18311/2024-2025/149556,MALVINDER SINGH KANG,Punjab,ANANDPUR SAHIB,Construction of community centers and community halls,1000000.0,False,664.0,53.8
WS/MP18056/2024-2025/141641,PARSHOTTAMBHAI RUPALA,Gujarat,RAJKOT,"Construction of roads, link roads, pathways or any other road with or without drainage system",450000.0,True,599.0,53.7
WS/MP453/2024-2025/154132,Saptagiri Sankar Ulaka,Odisha,KORAPUT(ST),"Construction of roads, link roads, pathways or any other road with or without drainage system",250000.0,False,639.0,53.7
WS/MP453/2024-2025/154134,Saptagiri Sankar Ulaka,Odisha,KORAPUT(ST),"Construction of roads, link roads, pathways or any other road with or without drainage system",250000.0,False,639.0,53.7
WS/MP453/2024-2025/154003,Saptagiri Sankar Ulaka,Odisha,KORAPUT(ST),"Construction of roads, link roads, pathways or any other road with or without drainage system",250000.0,False,639.0,53.7
WS/MP453/2024-2025/154136,Saptagiri Sankar Ulaka,Odisha,KORAPUT(ST),"Construction of roads, link roads, pathways or any other road with or without drainage system",500000.0,False,639.0,53.6
WS/MP18056/2024-2025/141635,PARSHOTTAMBHAI RUPALA,Gujarat,RAJKOT,"Construction of roads, link roads, pathways or any other road with or without drainage system",499951.0,True,596.0,53.5
WS/MP18109/2024-2025/150127,DR. RAJESH MISHRA,Madhya Pradesh,SIDHI,Construction of culverts and bridges,500000.0,False,662.0,53.5
WS/MP541/2026-2027/141491,Pradyut Bordoloi,Assam,NOWGONG,Construction of public libraries and reading rooms,200000.0,True,18.0,53.4
WS/MP18067/2025-2026/134321,SATPAL BRAHAMCHARI,Haryana,SONEPAT,Construction of water tanks,545000.0,True,187.0,53.1
WS/MP18181/2025-2026/151263,ESWARASAMY K,Tamil Nadu,POLLACHI,Construction of bus-sheds or bus-stops,551287.0,False,654.0,53.0
WS/MP18214/2025-2026/153324,JITENDRA KUMAR DOHARE,Uttar Pradesh,ETAWAH(SC),Street lights,270000.0,False,641.0,53.0
WS/MP18214/2025-2026/153323,JITENDRA KUMAR DOHARE,Uttar Pradesh,ETAWAH(SC),Street lights,270000.0,False,641.0,53.0
WS/MP18214/2025-2026/153310,JITENDRA KUMAR DOHARE,Uttar Pradesh,ETAWAH(SC),Street lights,270000.0,False,641.0,53.0
WS/MP18214/2025-2026/153317,JITENDRA KUMAR DOHARE,Uttar Pradesh,ETAWAH(SC),Street lights,270000.0,False,641.0,53.0
WS/MP18214/2025-2026/153316,JITENDRA KUMAR DOHARE,Uttar Pradesh,ETAWAH(SC),Street lights,270000.0,False,641.0,53.0
WS/MP18214/2025-2026/153315,JITENDRA KUMAR DOHARE,Uttar Pradesh,ETAWAH(SC),Street lights,270000.0,False,641.0,53.0
WS/MP18214/2025-2026/153314,JITENDRA KUMAR DOHARE,Uttar Pradesh,ETAWAH(SC),Street lights,270000.0,False,641.0,53.0
WS/MP18214/2025-2026/153311,JITENDRA KUMAR DOHARE,Uttar Pradesh,ETAWAH(SC),Street lights,270000.0,False,641.0,53.0
WS/MP18214/2025-2026/153312,JITENDRA KUMAR DOHARE,Uttar Pradesh,ETAWAH(SC),Street lights,270000.0,False,641.0,53.0
WS/MP18214/2025-2026/153305,JITENDRA KUMAR DOHARE,Uttar Pradesh,ETAWAH(SC),Street lights,270000.0,False,641.0,53.0
WS/MP18214/2025-2026/153308,JITENDRA KUMAR DOHARE,Uttar Pradesh,ETAWAH(SC),Street lights,270000.0,False,641.0,53.0
WS/MP18214/2025-2026/153307,JITENDRA KUMAR DOHARE,Uttar Pradesh,ETAWAH(SC),Street lights,270000.0,False,641.0,53.0
WS/MP18214/2025-2026/153306,JITENDRA KUMAR DOHARE,Uttar Pradesh,ETAWAH(SC),Street lights,270000.0,False,641.0,53.0
WS/MP18214/2025-2026/153309,JITENDRA KUMAR DOHARE,Uttar Pradesh,ETAWAH(SC),Street lights,270000.0,False,641.0,53.0
WS/MP18214/2025-2026/153322,JITENDRA KUMAR DOHARE,Uttar Pradesh,ETAWAH(SC),Street lights,270000.0,False,641.0,53.0
WS/MP18214/2025-2026/153321,JITENDRA KUMAR DOHARE,Uttar Pradesh,ETAWAH(SC),Street lights,270000.0,False,641.0,53.0
WS/MP18214/2025-2026/153320,JITENDRA KUMAR DOHARE,Uttar Pradesh,ETAWAH(SC),Street lights,270000.0,False,641.0,53.0
WS/MP18214/2025-2026/153319,JITENDRA KUMAR DOHARE,Uttar Pradesh,ETAWAH(SC),Street lights,270000.0,False,641.0,53.0
WS/MP18214/2025-2026/153318,JITENDRA KUMAR DOHARE,Uttar Pradesh,ETAWAH(SC),Street lights,270000.0,False,641.0,53.0
WS/MP18214/2025-2026/153313,JITENDRA KUMAR DOHARE,Uttar Pradesh,ETAWAH(SC),Street lights,270000.0,False,641.0,53.0
WS/MP18214/2025-2026/149929,JITENDRA KUMAR DOHARE,Uttar Pradesh,ETAWAH(SC),Street lights,270000.0,False,663.0,53.0
WS/MP18214/2025-2026/149930,JITENDRA KUMAR DOHARE,Uttar Pradesh,ETAWAH(SC),Street lights,270000.0,False,663.0,53.0
WS/MP18214/2025-2026/149926,JITENDRA KUMAR DOHARE,Uttar Pradesh,ETAWAH(SC),Street lights,270000.0,False,663.0,53.0
WS/MP18214/2025-2026/149925,JITENDRA KUMAR DOHARE,Uttar Pradesh,ETAWAH(SC),Street lights,270000.0,False,663.0,53.0
WS/MP18214/2025-2026/149928,JITENDRA KUMAR DOHARE,Uttar Pradesh,ETAWAH(SC),Street lights,270000.0,False,663.0,53.0
WS/MP18214/2025-2026/149927,JITENDRA KUMAR DOHARE,Uttar Pradesh,ETAWAH(SC),Street lights,270000.0,False,663.0,53.0
WS/MP18214/2025-2026/149915,JITENDRA KUMAR DOHARE,Uttar Pradesh,ETAWAH(SC),Street lights,270000.0,False,663.0,53.0
WS/MP18214/2025-2026/149916,JITENDRA KUMAR DOHARE,Uttar Pradesh,ETAWAH(SC),Street lights,270000.0,False,663.0,53.0
WS/MP18214/2025-2026/149917,JITENDRA KUMAR DOHARE,Uttar Pradesh,ETAWAH(SC),Street lights,270000.0,False,663.0,53.0
WS/MP18214/2025-2026/149918,JITENDRA KUMAR DOHARE,Uttar Pradesh,ETAWAH(SC),Street lights,270000.0,False,663.0,53.0
WS/MP18214/2025-2026/149919,JITENDRA KUMAR DOHARE,Uttar Pradesh,ETAWAH(SC),Street lights,270000.0,False,663.0,53.0
WS/MP18214/2025-2026/149920,JITENDRA KUMAR DOHARE,Uttar Pradesh,ETAWAH(SC),Street lights,270000.0,False,663.0,53.0
WS/MP18214/2025-2026/149921,JITENDRA KUMAR DOHARE,Uttar Pradesh,ETAWAH(SC),Street lights,270000.0,False,663.0,53.0
WS/MP18214/2025-2026/149922,JITENDRA KUMAR DOHARE,Uttar Pradesh,ETAWAH(SC),Street lights,270000.0,False,663.0,53.0
WS/MP18214/2025-2026/149923,JITENDRA KUMAR DOHARE,Uttar Pradesh,ETAWAH(SC),Street lights,270000.0,False,663.0,53.0
WS/MP18214/2025-2026/149924,JITENDRA KUMAR DOHARE,Uttar Pradesh,ETAWAH(SC),Street lights,270000.0,False,663.0,53.0
WS/MP18214/2025-2026/149912,JITENDRA KUMAR DOHARE,Uttar Pradesh,ETAWAH(SC),Street lights,270000.0,False,663.0,53.0
WS/MP18214/2025-2026/149914,JITENDRA KUMAR DOHARE,Uttar Pradesh,ETAWAH(SC),Street lights,270000.0,False,663.0,53.0
WS/MP18214/2025-2026/149900,JITENDRA KUMAR DOHARE,Uttar Pradesh,ETAWAH(SC),Street lights,270000.0,False,663.0,53.0
WS/MP18214/2025-2026/149899,JITENDRA KUMAR DOHARE,Uttar Pradesh,ETAWAH(SC),Street lights,270000.0,False,663.0,53.0
WS/MP18214/2025-2026/149898,JITENDRA KUMAR DOHARE,Uttar Pradesh,ETAWAH(SC),Street lights,270000.0,False,663.0,53.0
WS/MP18214/2025-2026/149913,JITENDRA KUMAR DOHARE,Uttar Pradesh,ETAWAH(SC),Street lights,270000.0,False,663.0,53.0
WS/MP18214/2025-2026/149909,JITENDRA KUMAR DOHARE,Uttar Pradesh,ETAWAH(SC),Street lights,270000.0,False,663.0,53.0
WS/MP18214/2025-2026/149910,JITENDRA KUMAR DOHARE,Uttar Pradesh,ETAWAH(SC),Street lights,270000.0,False,663.0,53.0
WS/MP18214/2025-2026/149911,JITENDRA KUMAR DOHARE,Uttar Pradesh,ETAWAH(SC),Street lights,270000.0,False,663.0,53.0
WS/MP18214/2025-2026/149893,JITENDRA KUMAR DOHARE,Uttar Pradesh,ETAWAH(SC),Street lights,270000.0,False,663.0,53.0
WS/MP18214/2025-2026/149895,JITENDRA KUMAR DOHARE,Uttar Pradesh,ETAWAH(SC),Street lights,270000.0,False,663.0,53.0
WS/MP18214/2025-2026/149894,JITENDRA KUMAR DOHARE,Uttar Pradesh,ETAWAH(SC),Street lights,270000.0,False,663.0,53.0
WS/MP18214/2025-2026/149896,JITENDRA KUMAR DOHARE,Uttar Pradesh,ETAWAH(SC),Street lights,270000.0,False,663.0,53.0
WS/MP18214/2025-2026/149897,JITENDRA KUMAR DOHARE,Uttar Pradesh,ETAWAH(SC),Street lights,270000.0,False,663.0,53.0
WS/MP18214/2025-2026/149901,JITENDRA KUMAR DOHARE,Uttar Pradesh,ETAWAH(SC),Street lights,270000.0,False,663.0,53.0
WS/MP18214/2025-2026/149902,JITENDRA KUMAR DOHARE,Uttar Pradesh,ETAWAH(SC),Street lights,270000.0,False,663.0,53.0
WS/MP18214/2025-2026/149904,JITENDRA KUMAR DOHARE,Uttar Pradesh,ETAWAH(SC),Street lights,270000.0,False,663.0,53.0
WS/MP18214/2025-2026/149903,JITENDRA KUMAR DOHARE,Uttar Pradesh,ETAWAH(SC),Street lights,270000.0,False,663.0,53.0
WS/MP18214/2025-2026/149907,JITENDRA KUMAR DOHARE,Uttar Pradesh,ETAWAH(SC),Street lights,270000.0,False,663.0,53.0
WS/MP18214/2025-2026/149906,JITENDRA KUMAR DOHARE,Uttar Pradesh,ETAWAH(SC),Street lights,270000.0,False,663.0,53.0
WS/MP18214/2025-2026/149908,JITENDRA KUMAR DOHARE,Uttar Pradesh,ETAWAH(SC),Street lights,270000.0,False,663.0,53.0
WS/MP18214/2025-2026/149905,JITENDRA KUMAR DOHARE,Uttar Pradesh,ETAWAH(SC),Street lights,270000.0,False,663.0,53.0
WS/MP18313/2024-2025/147434,RAJ KUMAR ROAT,Rajasthan,BANSWARA(ST),Development of playground,1000000.0,True,620.0,52.8
WS/MP18229/2024-2025/143083,ARUN GOVIL,Uttar Pradesh,MEERUT,"Construction of roads, link roads, pathways or any other road with or without drainage system",977000.0,True,642.0,52.8
WS/MP18056/2024-2025/141636,PARSHOTTAMBHAI RUPALA,Gujarat,RAJKOT,"Construction of roads, link roads, pathways or any other road with or without drainage system",297783.0,True,596.0,52.8
WS/MP18313/2024-2025/146765,RAJ KUMAR ROAT,Rajasthan,BANSWARA(ST),Construction of public libraries and reading rooms,1500000.0,True,619.0,52.8
WS/MP18183/2025-2026/145899,MURASOLI S,Tamil Nadu,THANJAVUR,Construction of bus-sheds or bus-stops,1500000.0,True,440.0,52.6
WS/MP18346/2024-2025/142474,RAHUL GANDHI,Uttar Pradesh,RAE BARELI,Construction of rooms and halls in school and colleges,500000.0,True,572.0,52.5
WS/MP18346/2024-2025/142482,RAHUL GANDHI,Uttar Pradesh,RAE BARELI,Construction of rooms and halls in school and colleges,500000.0,True,572.0,52.5
WS/MP334/2024-2025/143402,Shri Chandra Prakash Choudhary,Jharkhand,GIRIDIH,Street lights,66000.0,True,688.0,52.4
WS/MP334/2024-2025/143401,Shri Chandra Prakash Choudhary,Jharkhand,GIRIDIH,Street lights,66000.0,True,688.0,52.4
WS/MP18311/2024-2025/149554,MALVINDER SINGH KANG,Punjab,ANANDPUR SAHIB,Development of playground,500000.0,False,664.0,52.4
WS/MP18155/2024-2025/149131,DR. RAJ KUMAR CHABBEWAL,Punjab,HOSHIARPUR(SC),"Construction of roads, link roads, pathways or any other road with or without drainage system",798000.0,False,669.0,52.4
WS/MP348/2024-2025/147144,Shri Benny Behanan,Kerala,CHALAKUDY,Purchase of vans and buses for educational institutions,2257000.0,True,562.0,52.4
WS/MP352/2025-2026/135862,Shri Hibi Eden,Kerala,ERNAKULAM,Construction of buildings for crèches and anganwadies,2362903.0,True,334.0,52.3
WS/MP641/2024-2025/133904,Gajendra Singh Patel,Madhya Pradesh,KHARGONE(ST),"Construction of flood control embankments/ protection walls along riverbanks, hilltops, roadsides",1000000.0,True,579.0,52.3
WS/MP352/2025-2026/140055,Shri Hibi Eden,Kerala,ERNAKULAM,Purchase of vans and buses for educational institutions,2257000.0,True,334.0,52.2
WS/MP18236/2024-2025/139454,CHHOTELAL,Uttar Pradesh,ROBERTSGANJ(SC),"Construction of roads, link roads, pathways or any other road with or without drainage system",500000.0,True,558.0,52.2
WS/MP334/2024-2025/144848,Shri Chandra Prakash Choudhary,Jharkhand,GIRIDIH,Street lights,66000.0,True,683.0,52.1
WS/MP18311/2024-2025/153729,MALVINDER SINGH KANG,Punjab,ANANDPUR SAHIB,Crematoriums/energy efficient crematoriums or structures on burial/cremation ground,300000.0,False,601.0,51.8
WS/MP431/2024-2025/135774,Rao Inderjit Singh,Haryana,GURGAON,Construction of buildings for community cultural activities,1500000.0,True,615.0,51.8
,Shri Hibi Eden,Kerala,ERNAKULAM,Unknown,1500000.0,False,737.0,51.7
WS/MP18311/2024-2025/153732,MALVINDER SINGH KANG,Punjab,ANANDPUR SAHIB,Crematoriums/energy efficient crematoriums or structures on burial/cremation ground,250000.0,False,601.0,51.6
WS/MP18181/2025-2026/151264,ESWARASAMY K,Tamil Nadu,POLLACHI,Construction of bus-sheds or bus-stops,519180.0,False,654.0,51.6
WS/MP598/2025-2026/145404,Suresh Kumar Kashyap,Himachal Pradesh,SHIMLA (SC),Construction of community centers and community halls,250000.0,True,416.0,51.5
WS/MP18327/2025-2026/137670,PRANITI SUSHILKUMAR SHINDE,Maharashtra,SOLAPUR(SC),Street lights,499880.0,True,167.0,51.5
WS/MP598/2025-2026/145403,Suresh Kumar Kashyap,Himachal Pradesh,SHIMLA (SC),Construction of community centers and community halls,250000.0,True,279.0,51.5
WS/MP18236/2024-2025/139452,CHHOTELAL,Uttar Pradesh,ROBERTSGANJ(SC),Development of playground,1650000.0,True,558.0,51.4
WS/MP352/2025-2026/140054,Shri Hibi Eden,Kerala,ERNAKULAM,Purchase of vans and buses for educational institutions,2472799.0,True,334.0,51.2
WS/MP18309/2024-2025/153889,SALENG A SANGMA,Meghalaya,TURA,Construction of common work sheds/ common covered sitting area,300000.0,False,639.0,51.1
WS/MP18309/2025-2026/155243,SALENG A SANGMA,Meghalaya,TURA,Construction of common work sheds/ common covered sitting area,300000.0,False,635.0,51.1
WS/MP18309/2024-2025/153890,SALENG A SANGMA,Meghalaya,TURA,Construction of common work sheds/ common covered sitting area,300000.0,False,639.0,51.1
WS/MP352/2025-2026/138758,Shri Hibi Eden,Kerala,ERNAKULAM,Construction of public libraries and reading rooms,5000000.0,True,228.0,51.1
WS/MP18346/2024-2025/142477,RAHUL GANDHI,Uttar Pradesh,RAE BARELI,Construction of public libraries and reading rooms,500000.0,True,642.0,50.9
WS/MP541/2026-2027/141501,Pradyut Bordoloi,Assam,NOWGONG,Construction of community centers and community halls,200000.0,True,37.0,50.8
WS/MP541/2026-2027/141492,Pradyut Bordoloi,Assam,NOWGONG,Construction of community centers and community halls,200000.0,True,38.0,50.8
WS/MP541/2026-2027/141495,Pradyut Bordoloi,Assam,NOWGONG,Construction of community centers and community halls,200000.0,True,37.0,50.8
WS/MP541/2025-2026/147184,Pradyut Bordoloi,Assam,NOWGONG,Construction of community centers and community halls,200000.0,True,201.0,50.8
WS/MP18230/2024-2025/147317,R.K. CHAUDHARY,Uttar Pradesh,MOHANLALGANJ(SC),Lighting of public spaces,107985.0,True,614.0,50.6
WS/MP18230/2024-2025/148495,R.K. CHAUDHARY,Uttar Pradesh,MOHANLALGANJ(SC),Lighting of public spaces,107985.0,True,614.0,50.6
WS/MP18230/2024-2025/148656,R.K. CHAUDHARY,Uttar Pradesh,MOHANLALGANJ(SC),Lighting of public spaces,107985.0,True,614.0,50.6
WS/MP18230/2024-2025/148649,R.K. CHAUDHARY,Uttar Pradesh,MOHANLALGANJ(SC),Lighting of public spaces,107985.0,True,614.0,50.6
WS/MP18230/2024-2025/148541,R.K. CHAUDHARY,Uttar Pradesh,MOHANLALGANJ(SC),Lighting of public spaces,107985.0,True,614.0,50.6
WS/MP18230/2024-2025/148540,R.K. CHAUDHARY,Uttar Pradesh,MOHANLALGANJ(SC),Lighting of public spaces,107985.0,True,614.0,50.6
WS/MP18230/2024-2025/148534,R.K. CHAUDHARY,Uttar Pradesh,MOHANLALGANJ(SC),Lighting of public spaces,107985.0,True,614.0,50.6
WS/MP18230/2024-2025/147321,R.K. CHAUDHARY,Uttar Pradesh,MOHANLALGANJ(SC),Lighting of public spaces,107985.0,True,614.0,50.6
WS/MP18230/2024-2025/147322,R.K. CHAUDHARY,Uttar Pradesh,MOHANLALGANJ(SC),Lighting of public spaces,107985.0,True,614.0,50.6
WS/MP18230/2024-2025/147320,R.K. CHAUDHARY,Uttar Pradesh,MOHANLALGANJ(SC),Lighting of public spaces,107985.0,True,614.0,50.6
WS/MP18230/2024-2025/147334,R.K. CHAUDHARY,Uttar Pradesh,MOHANLALGANJ(SC),Lighting of public spaces,107985.0,True,614.0,50.6
WS/MP18230/2024-2025/148536,R.K. CHAUDHARY,Uttar Pradesh,MOHANLALGANJ(SC),Lighting of public spaces,107985.0,True,614.0,50.6
WS/MP18230/2024-2025/148537,R.K. CHAUDHARY,Uttar Pradesh,MOHANLALGANJ(SC),Lighting of public spaces,107985.0,True,614.0,50.6
WS/MP18230/2024-2025/148532,R.K. CHAUDHARY,Uttar Pradesh,MOHANLALGANJ(SC),Lighting of public spaces,107985.0,True,614.0,50.6
WS/MP18230/2024-2025/148657,R.K. CHAUDHARY,Uttar Pradesh,MOHANLALGANJ(SC),Lighting of public spaces,107985.0,True,614.0,50.6
WS/MP18230/2024-2025/147318,R.K. CHAUDHARY,Uttar Pradesh,MOHANLALGANJ(SC),Lighting of public spaces,107985.0,True,614.0,50.6
WS/MP18230/2024-2025/147316,R.K. CHAUDHARY,Uttar Pradesh,MOHANLALGANJ(SC),Lighting of public spaces,107985.0,True,614.0,50.6
WS/MP18230/2024-2025/147315,R.K. CHAUDHARY,Uttar Pradesh,MOHANLALGANJ(SC),Lighting of public spaces,107985.0,True,614.0,50.6
WS/MP18230/2024-2025/147312,R.K. CHAUDHARY,Uttar Pradesh,MOHANLALGANJ(SC),Lighting of public spaces,107985.0,True,614.0,50.6
WS/MP18230/2024-2025/147308,R.K. CHAUDHARY,Uttar Pradesh,MOHANLALGANJ(SC),Lighting of public spaces,107985.0,True,614.0,50.6
WS/MP18230/2024-2025/147309,R.K. CHAUDHARY,Uttar Pradesh,MOHANLALGANJ(SC),Lighting of public spaces,107985.0,True,614.0,50.6
WS/MP18230/2024-2025/148504,R.K. CHAUDHARY,Uttar Pradesh,MOHANLALGANJ(SC),Lighting of public spaces,107985.0,True,614.0,50.6
WS/MP18230/2024-2025/148500,R.K. CHAUDHARY,Uttar Pradesh,MOHANLALGANJ(SC),Lighting of public spaces,107985.0,True,614.0,50.6
WS/MP18230/2024-2025/148501,R.K. CHAUDHARY,Uttar Pradesh,MOHANLALGANJ(SC),Lighting of public spaces,107985.0,True,614.0,50.6
WS/MP18230/2024-2025/148503,R.K. CHAUDHARY,Uttar Pradesh,MOHANLALGANJ(SC),Lighting of public spaces,107985.0,True,614.0,50.6
WS/MP348/2025-2026/149704,Shri Benny Behanan,Kerala,CHALAKUDY,Construction of additional rooms and halls in the existing public and community building,3500000.0,False,664.0,50.6
WS/MP18321/2025-2026/145741,SHOBHANABEN MAHENDRASINH BARAIYA,Gujarat,SABARKANTHA,Construction of toilet blocks,600000.0,True,263.0,50.6
WS/MP18230/2024-2025/148535,R.K. CHAUDHARY,Uttar Pradesh,MOHANLALGANJ(SC),Lighting of public spaces,107985.0,True,614.0,50.6
WS/MP18230/2024-2025/148533,R.K. CHAUDHARY,Uttar Pradesh,MOHANLALGANJ(SC),Lighting of public spaces,107985.0,True,614.0,50.6
WS/MP18230/2024-2025/148505,R.K. CHAUDHARY,Uttar Pradesh,MOHANLALGANJ(SC),Lighting of public spaces,107985.0,True,614.0,50.6
WS/MP18230/2024-2025/148499,R.K. CHAUDHARY,Uttar Pradesh,MOHANLALGANJ(SC),Lighting of public spaces,107985.0,True,614.0,50.6
WS/MP18230/2024-2025/148498,R.K. CHAUDHARY,Uttar Pradesh,MOHANLALGANJ(SC),Lighting of public spaces,107985.0,True,614.0,50.6
WS/MP18230/2024-2025/148497,R.K. CHAUDHARY,Uttar Pradesh,MOHANLALGANJ(SC),Lighting of public spaces,107985.0,True,614.0,50.6
WS/MP18230/2024-2025/147328,R.K. CHAUDHARY,Uttar Pradesh,MOHANLALGANJ(SC),Lighting of public spaces,107985.0,True,614.0,50.6
WS/MP18230/2024-2025/147327,R.K. CHAUDHARY,Uttar Pradesh,MOHANLALGANJ(SC),Lighting of public spaces,107985.0,True,614.0,50.6
WS/MP18230/2024-2025/147326,R.K. CHAUDHARY,Uttar Pradesh,MOHANLALGANJ(SC),Lighting of public spaces,107985.0,True,614.0,50.6
WS/MP18230/2024-2025/147332,R.K. CHAUDHARY,Uttar Pradesh,MOHANLALGANJ(SC),Lighting of public spaces,107985.0,True,614.0,50.6
WS/MP18230/2024-2025/147323,R.K. CHAUDHARY,Uttar Pradesh,MOHANLALGANJ(SC),Lighting of public spaces,107985.0,True,614.0,50.6
WS/MP18230/2024-2025/147333,R.K. CHAUDHARY,Uttar Pradesh,MOHANLALGANJ(SC),Lighting of public spaces,107985.0,True,614.0,50.6
WS/MP18230/2024-2025/147331,R.K. CHAUDHARY,Uttar Pradesh,MOHANLALGANJ(SC),Lighting of public spaces,107985.0,True,614.0,50.6
WS/MP18230/2024-2025/147329,R.K. CHAUDHARY,Uttar Pradesh,MOHANLALGANJ(SC),Lighting of public spaces,107985.0,True,614.0,50.6
WS/MP18230/2024-2025/147330,R.K. CHAUDHARY,Uttar Pradesh,MOHANLALGANJ(SC),Lighting of public spaces,107985.0,True,614.0,50.6
WS/MP18230/2024-2025/147324,R.K. CHAUDHARY,Uttar Pradesh,MOHANLALGANJ(SC),Lighting of public spaces,107985.0,True,614.0,50.6
WS/MP18230/2024-2025/147325,R.K. CHAUDHARY,Uttar Pradesh,MOHANLALGANJ(SC),Lighting of public spaces,107985.0,True,614.0,50.6
WS/MP18230/2024-2025/147311,R.K. CHAUDHARY,Uttar Pradesh,MOHANLALGANJ(SC),Lighting of public spaces,107985.0,True,614.0,50.6
WS/MP18230/2024-2025/147319,R.K. CHAUDHARY,Uttar Pradesh,MOHANLALGANJ(SC),Lighting of public spaces,107985.0,True,614.0,50.6
WS/MP18230/2024-2025/147310,R.K. CHAUDHARY,Uttar Pradesh,MOHANLALGANJ(SC),Lighting of public spaces,107985.0,True,614.0,50.6
WS/MP18230/2024-2025/147314,R.K. CHAUDHARY,Uttar Pradesh,MOHANLALGANJ(SC),Lighting of public spaces,107985.0,True,614.0,50.6
WS/MP18230/2024-2025/147313,R.K. CHAUDHARY,Uttar Pradesh,MOHANLALGANJ(SC),Lighting of public spaces,107985.0,True,614.0,50.6
WS/MP600/2024-2025/148231,Jitendra Singh,Jammu And Kashmir,UDHAMPUR,Installing hand pumps,179271.0,True,601.0,50.5
WS/MP410/2024-2025/139571,Pradan Baruah,Assam,LAKHIMPUR,Construction of culverts and bridges,3600000.0,True,522.0,50.5
WS/MP334/2024-2025/143362,Shri Chandra Prakash Choudhary,Jharkhand,GIRIDIH,Street lights,176000.0,True,688.0,50.4
,Shri Benny Behanan,Kerala,CHALAKUDY,Unknown,1650000.0,False,664.0,50.3
WS/MP18236/2024-2025/138951,CHHOTELAL,Uttar Pradesh,ROBERTSGANJ(SC),Lighting of public spaces,592984.0,True,517.0,50.1
WS/MP334/2024-2025/143361,Shri Chandra Prakash Choudhary,Jharkhand,GIRIDIH,Street lights,132000.0,True,688.0,50.1
WS/MP334/2024-2025/143388,Shri Chandra Prakash Choudhary,Jharkhand,GIRIDIH,Street lights,198000.0,True,688.0,50.1
WS/MP334/2024-2025/143398,Shri Chandra Prakash Choudhary,Jharkhand,GIRIDIH,Street lights,132000.0,True,688.0,50.1
WS/MP334/2024-2025/143389,Shri Chandra Prakash Choudhary,Jharkhand,GIRIDIH,Street lights,132000.0,True,688.0,50.1
WS/MP18236/2024-2025/138953,CHHOTELAL,Uttar Pradesh,ROBERTSGANJ(SC),Lighting of public spaces,592984.0,True,517.0,50.1
WS/MP18236/2024-2025/138950,CHHOTELAL,Uttar Pradesh,ROBERTSGANJ(SC),Lighting of public spaces,592984.0,True,517.0,50.1
WS/MP18236/2024-2025/138948,CHHOTELAL,Uttar Pradesh,ROBERTSGANJ(SC),Lighting of public spaces,592984.0,True,517.0,50.1
WS/MP18236/2024-2025/138949,CHHOTELAL,Uttar Pradesh,ROBERTSGANJ(SC),Lighting of public spaces,592984.0,True,517.0,50.1
WS/MP18236/2024-2025/138952,CHHOTELAL,Uttar Pradesh,ROBERTSGANJ(SC),Lighting of public spaces,592984.0,True,517.0,50.1
WS/MP18321/2024-2025/152553,SHOBHANABEN MAHENDRASINH BARAIYA,Gujarat,SABARKANTHA,Construction of common work sheds/ common covered sitting area,400000.0,False,647.0,50.0
WS/MP18076/2026-2027/154326,DR C N MANJUNATH,Karnataka,BANGALORE RURAL,Purchase of other aids / devices required for P/ M/ V/ H impaired for differently abled persons,250000.0,False,638.0,50.0
WS/MP352/2025-2026/143151,Shri Hibi Eden,Kerala,ERNAKULAM,Purchase of vans and buses for educational institutions,2196400.0,True,332.0,49.9
WS/MP334/2024-2025/144857,Shri Chandra Prakash Choudhary,Jharkhand,GIRIDIH,Street lights,154000.0,True,683.0,49.8
WS/MP334/2024-2025/143360,Shri Chandra Prakash Choudhary,Jharkhand,GIRIDIH,Street lights,242000.0,True,688.0,49.8
WS/MP18309/2024-2025/153891,SALENG A SANGMA,Meghalaya,TURA,Construction of footpaths and pedestrian ways,500000.0,False,639.0,49.8
WS/MP18309/2024-2025/153916,SALENG A SANGMA,Meghalaya,TURA,Construction of footpaths and pedestrian ways,500000.0,False,639.0,49.8
WS/MP334/2024-2025/143354,Shri Chandra Prakash Choudhary,Jharkhand,GIRIDIH,Street lights,264000.0,True,687.0,49.7
WS/MP334/2024-2025/144867,Shri Chandra Prakash Choudhary,Jharkhand,GIRIDIH,Street lights,198000.0,True,683.0,49.7
WS/MP18309/2025-2026/155238,SALENG A SANGMA,Meghalaya,TURA,Construction of footpaths and pedestrian ways,200000.0,False,635.0,49.7
WS/MP18309/2025-2026/155234,SALENG A SANGMA,Meghalaya,TURA,Construction of footpaths and pedestrian ways,200000.0,False,635.0,49.7
WS/MP18309/2025-2026/155236,SALENG A SANGMA,Meghalaya,TURA,Construction of footpaths and pedestrian ways,200000.0,False,635.0,49.7
WS/MP18309/2026-2027/155237,SALENG A SANGMA,Meghalaya,TURA,Construction of footpaths and pedestrian ways,200000.0,False,635.0,49.7
WS/MP18309/2025-2026/155235,SALENG A SANGMA,Meghalaya,TURA,Construction of footpaths and pedestrian ways,200000.0,False,635.0,49.7
WS/MP18311/2024-2025/153725,MALVINDER SINGH KANG,Punjab,ANANDPUR SAHIB,Crematoriums/energy efficient crematoriums or structures on burial/cremation ground,150000.0,False,601.0,49.7
WS/MP334/2024-2025/143960,Shri Chandra Prakash Choudhary,Jharkhand,GIRIDIH,Street lights,220000.0,True,683.0,49.6
WS/MP334/2024-2025/143965,Shri Chandra Prakash Choudhary,Jharkhand,GIRIDIH,Street lights,220000.0,True,683.0,49.6
WS/MP334/2024-2025/143356,Shri Chandra Prakash Choudhary,Jharkhand,GIRIDIH,Street lights,286000.0,True,687.0,49.6
WS/MP334/2024-2025/143963,Shri Chandra Prakash Choudhary,Jharkhand,GIRIDIH,Street lights,220000.0,True,683.0,49.6
WS/MP334/2024-2025/143964,Shri Chandra Prakash Choudhary,Jharkhand,GIRIDIH,Street lights,220000.0,True,683.0,49.6
WS/MP334/2024-2025/144843,Shri Chandra Prakash Choudhary,Jharkhand,GIRIDIH,Street lights,220000.0,True,683.0,49.5
WS/MP334/2024-2025/144864,Shri Chandra Prakash Choudhary,Jharkhand,GIRIDIH,Street lights,220000.0,True,683.0,49.5
WS/MP334/2024-2025/144855,Shri Chandra Prakash Choudhary,Jharkhand,GIRIDIH,Street lights,220000.0,True,683.0,49.5
WS/MP334/2024-2025/144869,Shri Chandra Prakash Choudhary,Jharkhand,GIRIDIH,Street lights,220000.0,True,683.0,49.5
WS/MP334/2024-2025/144868,Shri Chandra Prakash Choudhary,Jharkhand,GIRIDIH,Street lights,220000.0,True,683.0,49.5
WS/MP334/2024-2025/144856,Shri Chandra Prakash Choudhary,Jharkhand,GIRIDIH,Street lights,220000.0,True,683.0,49.5
WS/MP334/2024-2025/144866,Shri Chandra Prakash Choudhary,Jharkhand,GIRIDIH,Street lights,220000.0,True,683.0,49.5
WS/MP334/2024-2025/144845,Shri Chandra Prakash Choudhary,Jharkhand,GIRIDIH,Street lights,220000.0,True,683.0,49.5
WS/MP334/2024-2025/144846,Shri Chandra Prakash Choudhary,Jharkhand,GIRIDIH,Street lights,220000.0,True,683.0,49.5
WS/MP334/2024-2025/144854,Shri Chandra Prakash Choudhary,Jharkhand,GIRIDIH,Street lights,220000.0,True,683.0,49.5
WS/MP334/2024-2025/144847,Shri Chandra Prakash Choudhary,Jharkhand,GIRIDIH,Street lights,220000.0,True,683.0,49.5
WS/MP334/2024-2025/144844,Shri Chandra Prakash Choudhary,Jharkhand,GIRIDIH,Street lights,220000.0,True,683.0,49.5
WS/MP334/2024-2025/144860,Shri Chandra Prakash Choudhary,Jharkhand,GIRIDIH,Street lights,220000.0,True,683.0,49.5
WS/MP334/2024-2025/144863,Shri Chandra Prakash Choudhary,Jharkhand,GIRIDIH,Street lights,220000.0,True,683.0,49.5
WS/MP334/2024-2025/144861,Shri Chandra Prakash Choudhary,Jharkhand,GIRIDIH,Street lights,220000.0,True,683.0,49.5
WS/MP18236/2024-2025/139356,CHHOTELAL,Uttar Pradesh,ROBERTSGANJ(SC),Lighting of public spaces,176999.0,True,517.0,49.4
WS/MP18236/2024-2025/139355,CHHOTELAL,Uttar Pradesh,ROBERTSGANJ(SC),Lighting of public spaces,176999.0,True,517.0,49.4
WS/MP18236/2024-2025/139357,CHHOTELAL,Uttar Pradesh,ROBERTSGANJ(SC),Lighting of public spaces,176999.0,True,517.0,49.4
WS/MP334/2024-2025/144865,Shri Chandra Prakash Choudhary,Jharkhand,GIRIDIH,Street lights,242000.0,True,683.0,49.4
WS/MP18236/2024-2025/139354,CHHOTELAL,Uttar Pradesh,ROBERTSGANJ(SC),Lighting of public spaces,176999.0,True,517.0,49.4
WS/MP18236/2024-2025/139353,CHHOTELAL,Uttar Pradesh,ROBERTSGANJ(SC),Lighting of public spaces,176999.0,True,517.0,49.4
WS/MP18236/2024-2025/139352,CHHOTELAL,Uttar Pradesh,ROBERTSGANJ(SC),Lighting of public spaces,176999.0,True,517.0,49.4
WS/MP18236/2024-2025/139351,CHHOTELAL,Uttar Pradesh,ROBERTSGANJ(SC),Lighting of public spaces,176999.0,True,517.0,49.4
WS/MP18236/2024-2025/139350,CHHOTELAL,Uttar Pradesh,ROBERTSGANJ(SC),Lighting of public spaces,176999.0,True,517.0,49.4
WS/MP18236/2024-2025/139349,CHHOTELAL,Uttar Pradesh,ROBERTSGANJ(SC),Lighting of public spaces,176999.0,True,517.0,49.4
WS/MP18236/2024-2025/139348,CHHOTELAL,Uttar Pradesh,ROBERTSGANJ(SC),Lighting of public spaces,176999.0,True,517.0,49.4
WS/MP18236/2024-2025/139361,CHHOTELAL,Uttar Pradesh,ROBERTSGANJ(SC),Lighting of public spaces,176999.0,True,517.0,49.4
WS/MP18236/2024-2025/139358,CHHOTELAL,Uttar Pradesh,ROBERTSGANJ(SC),Lighting of public spaces,176999.0,True,517.0,49.4
WS/MP334/2024-2025/143968,Shri Chandra Prakash Choudhary,Jharkhand,GIRIDIH,Street lights,264000.0,True,683.0,49.4
WS/MP18236/2024-2025/139359,CHHOTELAL,Uttar Pradesh,ROBERTSGANJ(SC),Lighting of public spaces,176999.0,True,517.0,49.4
WS/MP18236/2024-2025/139360,CHHOTELAL,Uttar Pradesh,ROBERTSGANJ(SC),Lighting of public spaces,176999.0,True,517.0,49.4
WS/MP334/2024-2025/144870,Shri Chandra Prakash Choudhary,Jharkhand,GIRIDIH,Street lights,242000.0,True,683.0,49.4
WS/MP334/2024-2025/143392,Shri Chandra Prakash Choudhary,Jharkhand,GIRIDIH,Street lights,110000.0,True,688.0,49.4
WS/MP334/2024-2025/143364,Shri Chandra Prakash Choudhary,Jharkhand,GIRIDIH,Street lights,110000.0,True,688.0,49.4
WS/MP334/2024-2025/143384,Shri Chandra Prakash Choudhary,Jharkhand,GIRIDIH,Street lights,110000.0,True,688.0,49.4
WS/MP334/2024-2025/144858,Shri Chandra Prakash Choudhary,Jharkhand,GIRIDIH,Street lights,242000.0,True,683.0,49.4
WS/MP334/2024-2025/144859,Shri Chandra Prakash Choudhary,Jharkhand,GIRIDIH,Street lights,242000.0,True,683.0,49.4
WS/MP334/2024-2025/144862,Shri Chandra Prakash Choudhary,Jharkhand,GIRIDIH,Street lights,264000.0,True,683.0,49.3
WS/MP334/2024-2025/143946,Shri Chandra Prakash Choudhary,Jharkhand,GIRIDIH,Street lights,330000.0,True,683.0,49.2
WS/MP18236/2025-2026/139409,CHHOTELAL,Uttar Pradesh,ROBERTSGANJ(SC),Lighting of public spaces,256000.0,True,432.0,49.1
WS/MP18236/2025-2026/139410,CHHOTELAL,Uttar Pradesh,ROBERTSGANJ(SC),Lighting of public spaces,256000.0,True,432.0,49.1
WS/MP18236/2025-2026/139408,CHHOTELAL,Uttar Pradesh,ROBERTSGANJ(SC),Lighting of public spaces,256000.0,True,432.0,49.1
WS/MP18019/2026-2027/139500,AMARSING TISSO,Assam,Diphu (ST),Construction of community centers and community halls,5000000.0,True,23.0,49.1
WS/MP18236/2025-2026/139411,CHHOTELAL,Uttar Pradesh,ROBERTSGANJ(SC),Lighting of public spaces,256000.0,True,432.0,49.1
WS/MP18236/2025-2026/139394,CHHOTELAL,Uttar Pradesh,ROBERTSGANJ(SC),Lighting of public spaces,256000.0,True,432.0,49.1
WS/MP18236/2025-2026/139389,CHHOTELAL,Uttar Pradesh,ROBERTSGANJ(SC),Lighting of public spaces,256000.0,True,432.0,49.1
WS/MP18236/2025-2026/139406,CHHOTELAL,Uttar Pradesh,ROBERTSGANJ(SC),Lighting of public spaces,256000.0,True,432.0,49.1
WS/MP18236/2025-2026/139386,CHHOTELAL,Uttar Pradesh,ROBERTSGANJ(SC),Lighting of public spaces,256000.0,True,432.0,49.1
WS/MP18236/2025-2026/139388,CHHOTELAL,Uttar Pradesh,ROBERTSGANJ(SC),Lighting of public spaces,256000.0,True,432.0,49.1
WS/MP18236/2025-2026/139407,CHHOTELAL,Uttar Pradesh,ROBERTSGANJ(SC),Lighting of public spaces,256000.0,True,432.0,49.1
WS/MP18236/2024-2025/139398,CHHOTELAL,Uttar Pradesh,ROBERTSGANJ(SC),Lighting of public spaces,260000.0,True,519.0,49.0
WS/MP18236/2024-2025/139396,CHHOTELAL,Uttar Pradesh,ROBERTSGANJ(SC),Lighting of public spaces,260000.0,True,519.0,49.0
WS/MP18236/2024-2025/139397,CHHOTELAL,Uttar Pradesh,ROBERTSGANJ(SC),Lighting of public spaces,260000.0,True,519.0,49.0
WS/MP18236/2024-2025/139395,CHHOTELAL,Uttar Pradesh,ROBERTSGANJ(SC),Lighting of public spaces,260000.0,True,519.0,49.0
WS/MP18236/2025-2026/139393,CHHOTELAL,Uttar Pradesh,ROBERTSGANJ(SC),Lighting of public spaces,260000.0,True,432.0,49.0
WS/MP18236/2024-2025/139412,CHHOTELAL,Uttar Pradesh,ROBERTSGANJ(SC),Lighting of public spaces,260000.0,True,519.0,49.0
WS/MP18236/2024-2025/139413,CHHOTELAL,Uttar Pradesh,ROBERTSGANJ(SC),Lighting of public spaces,260000.0,True,519.0,49.0
WS/MP18236/2024-2025/139414,CHHOTELAL,Uttar Pradesh,ROBERTSGANJ(SC),Lighting of public spaces,260000.0,True,519.0,49.0
WS/MP18236/2024-2025/139399,CHHOTELAL,Uttar Pradesh,ROBERTSGANJ(SC),Lighting of public spaces,260000.0,True,519.0,49.0
WS/MP18236/2024-2025/139404,CHHOTELAL,Uttar Pradesh,ROBERTSGANJ(SC),Lighting of public spaces,260000.0,True,519.0,49.0
WS/MP18236/2024-2025/139405,CHHOTELAL,Uttar Pradesh,ROBERTSGANJ(SC),Lighting of public spaces,260000.0,True,519.0,49.0
WS/MP18236/2024-2025/139402,CHHOTELAL,Uttar Pradesh,ROBERTSGANJ(SC),Lighting of public spaces,260000.0,True,519.0,49.0
WS/MP18236/2024-2025/139403,CHHOTELAL,Uttar Pradesh,ROBERTSGANJ(SC),Lighting of public spaces,260000.0,True,519.0,49.0
WS/MP18236/2024-2025/139401,CHHOTELAL,Uttar Pradesh,ROBERTSGANJ(SC),Lighting of public spaces,260000.0,True,519.0,49.0
WS/MP18236/2024-2025/139400,CHHOTELAL,Uttar Pradesh,ROBERTSGANJ(SC),Lighting of public spaces,260000.0,True,519.0,49.0
WS/MP18236/2024-2025/139391,CHHOTELAL,Uttar Pradesh,ROBERTSGANJ(SC),Lighting of public spaces,260000.0,True,519.0,49.0
WS/MP18236/2024-2025/139392,CHHOTELAL,Uttar Pradesh,ROBERTSGANJ(SC),Lighting of public spaces,260000.0,True,519.0,49.0
WS/MP18236/2024-2025/139385,CHHOTELAL,Uttar Pradesh,ROBERTSGANJ(SC),Lighting of public spaces,260000.0,True,519.0,49.0
WS/MP18236/2024-2025/139387,CHHOTELAL,Uttar Pradesh,ROBERTSGANJ(SC),Lighting of public spaces,260000.0,True,519.0,49.0
WS/MP18236/2024-2025/139390,CHHOTELAL,Uttar Pradesh,ROBERTSGANJ(SC),Lighting of public spaces,260000.0,True,519.0,49.0
WS/MP18236/2024-2025/139415,CHHOTELAL,Uttar Pradesh,ROBERTSGANJ(SC),Lighting of public spaces,260000.0,True,519.0,49.0
WS/MP18236/2024-2025/139417,CHHOTELAL,Uttar Pradesh,ROBERTSGANJ(SC),Lighting of public spaces,260000.0,True,519.0,49.0
WS/MP18236/2024-2025/139418,CHHOTELAL,Uttar Pradesh,ROBERTSGANJ(SC),Lighting of public spaces,260000.0,True,519.0,49.0
WS/MP18236/2024-2025/139416,CHHOTELAL,Uttar Pradesh,ROBERTSGANJ(SC),Lighting of public spaces,260000.0,True,519.0,49.0
WS/MP334/2024-2025/143406,Shri Chandra Prakash Choudhary,Jharkhand,GIRIDIH,Street lights,88000.0,True,688.0,48.9
WS/MP334/2024-2025/143407,Shri Chandra Prakash Choudhary,Jharkhand,GIRIDIH,Street lights,44000.0,True,688.0,48.9
WS/MP334/2024-2025/143391,Shri Chandra Prakash Choudhary,Jharkhand,GIRIDIH,Street lights,88000.0,True,688.0,48.9
WS/MP334/2024-2025/143404,Shri Chandra Prakash Choudhary,Jharkhand,GIRIDIH,Street lights,88000.0,True,688.0,48.9
WS/MP334/2024-2025/143396,Shri Chandra Prakash Choudhary,Jharkhand,GIRIDIH,Street lights,88000.0,True,688.0,48.9
WS/MP541/2025-2026/141494,Pradyut Bordoloi,Assam,NOWGONG,Construction of boundary walls of existing public and community buildings,200000.0,True,215.0,48.9
WS/MP541/2025-2026/141496,Pradyut Bordoloi,Assam,NOWGONG,Construction of boundary walls of existing public and community buildings,200000.0,True,215.0,48.9
WS/MP541/2025-2026/141493,Pradyut Bordoloi,Assam,NOWGONG,Construction of boundary walls of existing public and community buildings,200000.0,True,199.0,48.9
WS/MP18309/2025-2026/155342,SALENG A SANGMA,Meghalaya,TURA,Construction of footpaths and pedestrian ways,200000.0,False,634.0,48.9
WS/MP18309/2025-2026/155344,SALENG A SANGMA,Meghalaya,TURA,Construction of footpaths and pedestrian ways,200000.0,False,634.0,48.9
WS/MP18309/2025-2026/155345,SALENG A SANGMA,Meghalaya,TURA,Construction of footpaths and pedestrian ways,200000.0,False,634.0,48.9
WS/MP18309/2025-2026/155346,SALENG A SANGMA,Meghalaya,TURA,Construction of footpaths and pedestrian ways,200000.0,False,634.0,48.9
WS/MP18309/2025-2026/155347,SALENG A SANGMA,Meghalaya,TURA,Construction of footpaths and pedestrian ways,200000.0,False,634.0,48.9
WS/MP18309/2025-2026/155348,SALENG A SANGMA,Meghalaya,TURA,Construction of footpaths and pedestrian ways,200000.0,False,634.0,48.9
WS/MP18309/2025-2026/155349,SALENG A SANGMA,Meghalaya,TURA,Construction of footpaths and pedestrian ways,200000.0,False,634.0,48.9
WS/MP18309/2025-2026/155350,SALENG A SANGMA,Meghalaya,TURA,Construction of footpaths and pedestrian ways,200000.0,False,634.0,48.9
WS/MP18309/2025-2026/155351,SALENG A SANGMA,Meghalaya,TURA,Construction of footpaths and pedestrian ways,200000.0,False,634.0,48.9
WS/MP827/2024-2025/152965,Shatrughan Sinha,West Bengal,ASANSOL,Construction of community centers and community halls,1700000.0,False,644.0,48.8
WS/MP18309/2024-2025/153887,SALENG A SANGMA,Meghalaya,TURA,Construction of common work sheds/ common covered sitting area,200000.0,False,639.0,48.6
WS/MP827/2025-2026/152381,Shatrughan Sinha,West Bengal,ASANSOL,Construction of community centers and community halls,6000000.0,False,647.0,48.6
WS/MP827/2025-2026/152382,Shatrughan Sinha,West Bengal,ASANSOL,Construction of community centers and community halls,6000000.0,False,647.0,48.6
WS/MP18309/2024-2025/153888,SALENG A SANGMA,Meghalaya,TURA,Construction of common work sheds/ common covered sitting area,200000.0,False,639.0,48.6
,Andimuthu Raja,Tamil Nadu,NILGIRIS(SC),Unknown,1400000.0,False,711.0,48.6
WS/MP18309/2025-2026/155244,SALENG A SANGMA,Meghalaya,TURA,Construction of foot over bridge (FOB),500000.0,False,635.0,48.5
WS/MP18309/2025-2026/155245,SALENG A SANGMA,Meghalaya,TURA,Development of playfields and sports grounds,500000.0,False,635.0,48.4
WS/MP18236/2025-2026/140139,CHHOTELAL,Uttar Pradesh,ROBERTSGANJ(SC),"Construction of roads, link roads, pathways or any other road with or without drainage system",1000000.0,True,508.0,48.4
WS/MP641/2024-2025/133906,Gajendra Singh Patel,Madhya Pradesh,KHARGONE(ST),Construction of community centers and community halls,500000.0,True,595.0,48.1
WS/MP352/2025-2026/144913,Shri Hibi Eden,Kerala,ERNAKULAM,"Construction of roads, link roads, pathways or any other road with or without drainage system",1500000.0,True,220.0,48.0
WS/MP352/2025-2026/135898,Shri Hibi Eden,Kerala,ERNAKULAM,"Construction of roads, link roads, pathways or any other road with or without drainage system",2500000.0,True,283.0,47.9
WS/MP334/2024-2025/141474,Shri Chandra Prakash Choudhary,Jharkhand,GIRIDIH,Street lights,242000.0,True,687.0,47.9
WS/MP334/2024-2025/141471,Shri Chandra Prakash Choudhary,Jharkhand,GIRIDIH,Street lights,220000.0,True,687.0,47.9
WS/MP334/2024-2025/141469,Shri Chandra Prakash Choudhary,Jharkhand,GIRIDIH,Street lights,220000.0,True,687.0,47.9
WS/MP334/2024-2025/141473,Shri Chandra Prakash Choudhary,Jharkhand,GIRIDIH,Street lights,220000.0,True,687.0,47.9
WS/MP334/2024-2025/141475,Shri Chandra Prakash Choudhary,Jharkhand,GIRIDIH,Street lights,220000.0,True,687.0,47.9
,SHOBHANABEN MAHENDRASINH BARAIYA,Gujarat,SABARKANTHA,Unknown,750000.0,False,647.0,47.6
WS/MP18024/2025-2026/154011,GAURAV GOGOI,Assam,JORHAT,Construction of public toilets and bathrooms,250000.0,False,639.0,47.6
WS/MP334/2024-2025/141472,Shri Chandra Prakash Choudhary,Jharkhand,GIRIDIH,Street lights,286000.0,True,687.0,47.6
WS/MP18062/2024-2025/154056,JAI PARKASH,Haryana,HISAR,Renovation of ponds and lakes,500000.0,False,639.0,47.5
WS/MP18019/2025-2026/154325,AMARSING TISSO,Assam,Diphu (ST),Street lights,1500000.0,False,638.0,47.4
WS/MP18024/2025-2026/154006,GAURAV GOGOI,Assam,JORHAT,Construction of community centers and community halls,200000.0,False,639.0,47.2
WS/MP18024/2025-2026/154715,GAURAV GOGOI,Assam,JORHAT,Construction of community centers and community halls,200000.0,False,636.0,47.2
WS/MP18024/2025-2026/154005,GAURAV GOGOI,Assam,JORHAT,Construction of community centers and community halls,200000.0,False,639.0,47.2
WS/MP352/2025-2026/149707,Shri Hibi Eden,Kerala,ERNAKULAM,"Construction of roads, link roads, pathways or any other road with or without drainage system",1407410.0,False,664.0,47.2
WS/MP18173/2025-2026/139201,THARANIVENTHAN M S,Tamil Nadu,ARANI,Construction of bus-sheds or bus-stops,500000.0,True,205.0,47.2
WS/MP18024/2025-2026/154704,GAURAV GOGOI,Assam,JORHAT,Construction of community centers and community halls,200000.0,False,636.0,47.2
WS/MP18024/2025-2026/154705,GAURAV GOGOI,Assam,JORHAT,Construction of community centers and community halls,200000.0,False,636.0,47.2
WS/MP18024/2025-2026/154711,GAURAV GOGOI,Assam,JORHAT,Construction of community centers and community halls,200000.0,False,636.0,47.2
WS/MP18024/2025-2026/154710,GAURAV GOGOI,Assam,JORHAT,Construction of community centers and community halls,200000.0,False,636.0,47.2
WS/MP18024/2025-2026/154714,GAURAV GOGOI,Assam,JORHAT,Construction of community centers and community halls,200000.0,False,636.0,47.2
WS/MP18024/2025-2026/153993,GAURAV GOGOI,Assam,JORHAT,Construction of community centers and community halls,200000.0,False,639.0,47.2
WS/MP18024/2025-2026/153995,GAURAV GOGOI,Assam,JORHAT,Construction of boundary walls of existing public and community buildings,250000.0,False,639.0,47.1
WS/MP18067/2025-2026/134323,SATPAL BRAHAMCHARI,Haryana,SONEPAT,Installation of multi-gym equipment,300000.0,True,472.0,47.0
WS/MP598/2024-2025/146121,Suresh Kumar Kashyap,Himachal Pradesh,SHIMLA (SC),Construction of stadiums,100000.0,True,528.0,46.9
WS/MP18062/2025-2026/154017,JAI PARKASH,Haryana,HISAR,Construction of buildings for community cultural activities,800000.0,False,639.0,46.9
WS/MP18024/2025-2026/154706,GAURAV GOGOI,Assam,JORHAT,Construction of community centers and community halls,199263.0,False,636.0,46.8
WS/MP18024/2025-2026/154708,GAURAV GOGOI,Assam,JORHAT,Construction of community centers and community halls,198105.0,False,636.0,46.8
WS/MP334/2024-2025/140558,Shri Chandra Prakash Choudhary,Jharkhand,GIRIDIH,Street lights,176000.0,True,687.0,46.7
WS/MP334/2024-2025/140585,Shri Chandra Prakash Choudhary,Jharkhand,GIRIDIH,Street lights,176000.0,True,687.0,46.7
WS/MP18321/2024-2025/152559,SHOBHANABEN MAHENDRASINH BARAIYA,Gujarat,SABARKANTHA,Construction of community centers and community halls,500000.0,False,647.0,46.7
WS/MP600/2024-2025/148212,Jitendra Singh,Jammu And Kashmir,UDHAMPUR,Construction of boundary walls of existing public and community buildings,200000.0,True,605.0,46.7
WS/MP334/2024-2025/140556,Shri Chandra Prakash Choudhary,Jharkhand,GIRIDIH,Street lights,176000.0,True,687.0,46.7
WS/MP716/2024-2025/141810,Smt Harsimrat Kaur Badal,Punjab,BHATINDA,Purchase of mobile water tankers,400000.0,True,599.0,46.7
WS/MP716/2024-2025/141809,Smt Harsimrat Kaur Badal,Punjab,BHATINDA,Purchase of mobile water tankers,400000.0,True,599.0,46.7
WS/MP716/2024-2025/141811,Smt Harsimrat Kaur Badal,Punjab,BHATINDA,Purchase of mobile water tankers,400000.0,True,599.0,46.7
WS/MP827/2024-2025/152397,Shatrughan Sinha,West Bengal,ASANSOL,"Construction of roads, link roads, pathways or any other road with or without drainage system",2200000.0,False,647.0,46.6
WS/MP334/2024-2025/140583,Shri Chandra Prakash Choudhary,Jharkhand,GIRIDIH,Street lights,154000.0,True,687.0,46.5
WS/MP334/2024-2025/140590,Shri Chandra Prakash Choudhary,Jharkhand,GIRIDIH,Street lights,110000.0,True,687.0,46.5
WS/MP598/2024-2025/146120,Suresh Kumar Kashyap,Himachal Pradesh,SHIMLA (SC),Construction of bus-sheds or bus-stops,200000.0,True,528.0,46.5
WS/MP334/2024-2025/140580,Shri Chandra Prakash Choudhary,Jharkhand,GIRIDIH,Street lights,198000.0,True,687.0,46.4
WS/MP18024/2025-2026/153997,GAURAV GOGOI,Assam,JORHAT,Construction of community centers and community halls,250000.0,False,639.0,46.4
WS/MP18024/2025-2026/153994,GAURAV GOGOI,Assam,JORHAT,Construction of community centers and community halls,250000.0,False,639.0,46.4
WS/MP18100/2024-2025/151653,BUNTY VIVEK SAHU,Madhya Pradesh,CHHINDWARA,Construction of common work sheds/ common covered sitting area,100000.0,False,651.0,46.3
WS/MP716/2024-2025/141813,Smt Harsimrat Kaur Badal,Punjab,BHATINDA,Purchase of mobile water tankers,400000.0,True,608.0,46.2
WS/MP541/2025-2026/153674,Pradyut Bordoloi,Assam,NOWGONG,Street lights,260000.0,False,640.0,46.2
WS/MP716/2024-2025/141812,Smt Harsimrat Kaur Badal,Punjab,BHATINDA,Purchase of mobile water tankers,400000.0,True,608.0,46.2
WS/MP18023/2025-2026/136745,BIJULI KALITA MEDHI,Assam,GUWAHATI,Construction of buildings for community cultural activities,1500000.0,True,507.0,46.2
WS/MP716/2024-2025/141808,Smt Harsimrat Kaur Badal,Punjab,BHATINDA,Purchase of mobile water tankers,400000.0,True,608.0,46.2
WS/MP334/2024-2025/139458,Shri Chandra Prakash Choudhary,Jharkhand,GIRIDIH,Street lights,22000.0,True,683.0,46.0
WS/MP18024/2025-2026/148251,GAURAV GOGOI,Assam,JORHAT,Construction of community centers and community halls,200000.0,True,508.0,46.0
WS/MP334/2024-2025/139463,Shri Chandra Prakash Choudhary,Jharkhand,GIRIDIH,Street lights,22000.0,True,683.0,46.0
WS/MP334/2024-2025/139456,Shri Chandra Prakash Choudhary,Jharkhand,GIRIDIH,Street lights,22000.0,True,683.0,46.0
WS/MP334/2024-2025/139485,Shri Chandra Prakash Choudhary,Jharkhand,GIRIDIH,Street lights,22000.0,True,684.0,46.0
WS/MP334/2024-2025/139457,Shri Chandra Prakash Choudhary,Jharkhand,GIRIDIH,Street lights,22000.0,True,683.0,46.0
WS/MP334/2024-2025/139491,Shri Chandra Prakash Choudhary,Jharkhand,GIRIDIH,Street lights,22000.0,True,684.0,46.0
WS/MP334/2024-2025/139477,Shri Chandra Prakash Choudhary,Jharkhand,GIRIDIH,Street lights,22000.0,True,683.0,46.0
WS/MP334/2024-2025/139478,Shri Chandra Prakash Choudhary,Jharkhand,GIRIDIH,Street lights,22000.0,True,683.0,46.0
WS/MP334/2024-2025/139490,Shri Chandra Prakash Choudhary,Jharkhand,GIRIDIH,Street lights,22000.0,True,684.0,46.0
WS/MP334/2024-2025/139487,Shri Chandra Prakash Choudhary,Jharkhand,GIRIDIH,Street lights,22000.0,True,684.0,46.0
WS/MP334/2024-2025/139482,Shri Chandra Prakash Choudhary,Jharkhand,GIRIDIH,Street lights,22000.0,True,683.0,46.0
WS/MP334/2024-2025/139492,Shri Chandra Prakash Choudhary,Jharkhand,GIRIDIH,Street lights,22000.0,True,684.0,46.0
WS/MP334/2024-2025/139488,Shri Chandra Prakash Choudhary,Jharkhand,GIRIDIH,Street lights,22000.0,True,684.0,46.0
WS/MP334/2024-2025/139493,Shri Chandra Prakash Choudhary,Jharkhand,GIRIDIH,Street lights,22000.0,True,684.0,46.0
WS/MP334/2024-2025/139494,Shri Chandra Prakash Choudhary,Jharkhand,GIRIDIH,Street lights,22000.0,True,684.0,46.0
WS/MP334/2024-2025/139467,Shri Chandra Prakash Choudhary,Jharkhand,GIRIDIH,Street lights,22000.0,True,683.0,46.0
WS/MP334/2024-2025/139466,Shri Chandra Prakash Choudhary,Jharkhand,GIRIDIH,Street lights,22000.0,True,683.0,46.0
WS/MP334/2024-2025/139469,Shri Chandra Prakash Choudhary,Jharkhand,GIRIDIH,Street lights,22000.0,True,683.0,46.0
WS/MP334/2024-2025/139470,Shri Chandra Prakash Choudhary,Jharkhand,GIRIDIH,Street lights,22000.0,True,683.0,46.0
WS/MP334/2024-2025/139475,Shri Chandra Prakash Choudhary,Jharkhand,GIRIDIH,Street lights,22000.0,True,683.0,46.0
WS/MP334/2024-2025/139468,Shri Chandra Prakash Choudhary,Jharkhand,GIRIDIH,Street lights,22000.0,True,683.0,46.0
WS/MP334/2024-2025/139476,Shri Chandra Prakash Choudhary,Jharkhand,GIRIDIH,Street lights,22000.0,True,683.0,46.0
WS/MP334/2024-2025/139484,Shri Chandra Prakash Choudhary,Jharkhand,GIRIDIH,Street lights,22000.0,True,684.0,46.0
WS/MP334/2024-2025/139483,Shri Chandra Prakash Choudhary,Jharkhand,GIRIDIH,Street lights,22000.0,True,683.0,46.0
WS/MP334/2024-2025/139479,Shri Chandra Prakash Choudhary,Jharkhand,GIRIDIH,Street lights,22000.0,True,683.0,46.0
WS/MP334/2024-2025/139481,Shri Chandra Prakash Choudhary,Jharkhand,GIRIDIH,Street lights,22000.0,True,683.0,46.0
WS/MP334/2024-2025/139376,Shri Chandra Prakash Choudhary,Jharkhand,GIRIDIH,Street lights,22000.0,True,683.0,46.0
WS/MP334/2024-2025/139464,Shri Chandra Prakash Choudhary,Jharkhand,GIRIDIH,Street lights,22000.0,True,683.0,46.0
WS/MP334/2024-2025/139465,Shri Chandra Prakash Choudhary,Jharkhand,GIRIDIH,Street lights,22000.0,True,683.0,46.0
WS/MP334/2024-2025/139373,Shri Chandra Prakash Choudhary,Jharkhand,GIRIDIH,Street lights,22000.0,True,683.0,46.0
WS/MP334/2024-2025/139372,Shri Chandra Prakash Choudhary,Jharkhand,GIRIDIH,Street lights,22000.0,True,683.0,46.0
WS/MP334/2024-2025/139378,Shri Chandra Prakash Choudhary,Jharkhand,GIRIDIH,Street lights,22000.0,True,683.0,46.0
WS/MP334/2024-2025/139379,Shri Chandra Prakash Choudhary,Jharkhand,GIRIDIH,Street lights,22000.0,True,683.0,46.0
WS/MP334/2024-2025/139380,Shri Chandra Prakash Choudhary,Jharkhand,GIRIDIH,Street lights,22000.0,True,683.0,46.0
WS/MP334/2024-2025/139381,Shri Chandra Prakash Choudhary,Jharkhand,GIRIDIH,Street lights,22000.0,True,683.0,46.0
WS/MP334/2024-2025/139382,Shri Chandra Prakash Choudhary,Jharkhand,GIRIDIH,Street lights,22000.0,True,683.0,46.0
WS/MP334/2024-2025/139371,Shri Chandra Prakash Choudhary,Jharkhand,GIRIDIH,Street lights,22000.0,True,683.0,46.0
WS/MP334/2024-2025/139377,Shri Chandra Prakash Choudhary,Jharkhand,GIRIDIH,Street lights,22000.0,True,683.0,46.0
WS/MP334/2024-2025/139375,Shri Chandra Prakash Choudhary,Jharkhand,GIRIDIH,Street lights,22000.0,True,683.0,46.0
WS/MP334/2024-2025/139374,Shri Chandra Prakash Choudhary,Jharkhand,GIRIDIH,Street lights,22000.0,True,683.0,46.0
WS/MP334/2024-2025/139383,Shri Chandra Prakash Choudhary,Jharkhand,GIRIDIH,Street lights,22000.0,True,683.0,46.0
WS/MP334/2024-2025/139461,Shri Chandra Prakash Choudhary,Jharkhand,GIRIDIH,Street lights,22000.0,True,683.0,46.0
WS/MP334/2024-2025/139460,Shri Chandra Prakash Choudhary,Jharkhand,GIRIDIH,Street lights,22000.0,True,683.0,46.0
WS/MP334/2024-2025/139459,Shri Chandra Prakash Choudhary,Jharkhand,GIRIDIH,Street lights,22000.0,True,683.0,46.0
WS/MP334/2024-2025/139462,Shri Chandra Prakash Choudhary,Jharkhand,GIRIDIH,Street lights,22000.0,True,683.0,46.0
WS/MP334/2024-2025/140578,Shri Chandra Prakash Choudhary,Jharkhand,GIRIDIH,Street lights,220000.0,True,687.0,46.0
WS/MP334/2024-2025/140557,Shri Chandra Prakash Choudhary,Jharkhand,GIRIDIH,Street lights,220000.0,True,687.0,46.0
WS/MP334/2024-2025/140594,Shri Chandra Prakash Choudhary,Jharkhand,GIRIDIH,Street lights,220000.0,True,687.0,46.0
WS/MP334/2024-2025/140555,Shri Chandra Prakash Choudhary,Jharkhand,GIRIDIH,Street lights,220000.0,True,687.0,46.0
WS/MP334/2024-2025/140593,Shri Chandra Prakash Choudhary,Jharkhand,GIRIDIH,Street lights,242000.0,True,687.0,46.0
WS/MP334/2024-2025/140589,Shri Chandra Prakash Choudhary,Jharkhand,GIRIDIH,Street lights,220000.0,True,687.0,46.0
WS/MP334/2024-2025/140487,Shri Chandra Prakash Choudhary,Jharkhand,GIRIDIH,Street lights,220000.0,True,687.0,46.0
WS/MP334/2024-2025/140582,Shri Chandra Prakash Choudhary,Jharkhand,GIRIDIH,Street lights,220000.0,True,687.0,46.0
WS/MP334/2024-2025/140474,Shri Chandra Prakash Choudhary,Jharkhand,GIRIDIH,Street lights,220000.0,True,687.0,46.0
WS/MP334/2024-2025/140475,Shri Chandra Prakash Choudhary,Jharkhand,GIRIDIH,Street lights,220000.0,True,687.0,46.0
WS/MP334/2024-2025/140478,Shri Chandra Prakash Choudhary,Jharkhand,GIRIDIH,Street lights,220000.0,True,687.0,46.0
WS/MP641/2024-2025/149498,Gajendra Singh Patel,Madhya Pradesh,KHARGONE(ST),Construction of community centers and community halls,500000.0,False,666.0,46.0
WS/MP334/2024-2025/140479,Shri Chandra Prakash Choudhary,Jharkhand,GIRIDIH,Street lights,220000.0,True,687.0,46.0
WS/MP334/2024-2025/140480,Shri Chandra Prakash Choudhary,Jharkhand,GIRIDIH,Street lights,220000.0,True,687.0,46.0
WS/MP334/2024-2025/140481,Shri Chandra Prakash Choudhary,Jharkhand,GIRIDIH,Street lights,220000.0,True,687.0,46.0
WS/MP334/2024-2025/140482,Shri Chandra Prakash Choudhary,Jharkhand,GIRIDIH,Street lights,220000.0,True,687.0,46.0
WS/MP334/2024-2025/139921,Shri Chandra Prakash Choudhary,Jharkhand,GIRIDIH,Street lights,22000.0,True,685.0,45.9
WS/MP334/2024-2025/139937,Shri Chandra Prakash Choudhary,Jharkhand,GIRIDIH,Street lights,22000.0,True,685.0,45.9
WS/MP334/2024-2025/139936,Shri Chandra Prakash Choudhary,Jharkhand,GIRIDIH,Street lights,22000.0,True,685.0,45.9
WS/MP334/2024-2025/139935,Shri Chandra Prakash Choudhary,Jharkhand,GIRIDIH,Street lights,22000.0,True,685.0,45.9
WS/MP334/2024-2025/139938,Shri Chandra Prakash Choudhary,Jharkhand,GIRIDIH,Street lights,22000.0,True,685.0,45.9
WS/MP334/2024-2025/139926,Shri Chandra Prakash Choudhary,Jharkhand,GIRIDIH,Street lights,22000.0,True,685.0,45.9
WS/MP334/2024-2025/139747,Shri Chandra Prakash Choudhary,Jharkhand,GIRIDIH,Street lights,22000.0,True,684.0,45.9
WS/MP334/2024-2025/139920,Shri Chandra Prakash Choudhary,Jharkhand,GIRIDIH,Street lights,22000.0,True,685.0,45.9
WS/MP334/2024-2025/139919,Shri Chandra Prakash Choudhary,Jharkhand,GIRIDIH,Street lights,22000.0,True,685.0,45.9
WS/MP334/2024-2025/139918,Shri Chandra Prakash Choudhary,Jharkhand,GIRIDIH,Street lights,22000.0,True,685.0,45.9
WS/MP334/2024-2025/139925,Shri Chandra Prakash Choudhary,Jharkhand,GIRIDIH,Street lights,22000.0,True,685.0,45.9
WS/MP334/2024-2025/139924,Shri Chandra Prakash Choudhary,Jharkhand,GIRIDIH,Street lights,22000.0,True,685.0,45.9
WS/MP334/2024-2025/139903,Shri Chandra Prakash Choudhary,Jharkhand,GIRIDIH,Street lights,22000.0,True,685.0,45.9
WS/MP334/2024-2025/139905,Shri Chandra Prakash Choudhary,Jharkhand,GIRIDIH,Street lights,22000.0,True,685.0,45.9
WS/MP334/2024-2025/139902,Shri Chandra Prakash Choudhary,Jharkhand,GIRIDIH,Street lights,22000.0,True,685.0,45.9
WS/MP334/2024-2025/139888,Shri Chandra Prakash Choudhary,Jharkhand,GIRIDIH,Street lights,22000.0,True,684.0,45.9
WS/MP334/2024-2025/139887,Shri Chandra Prakash Choudhary,Jharkhand,GIRIDIH,Street lights,22000.0,True,684.0,45.9
WS/MP334/2024-2025/139746,Shri Chandra Prakash Choudhary,Jharkhand,GIRIDIH,Street lights,22000.0,True,684.0,45.9
WS/MP334/2024-2025/139877,Shri Chandra Prakash Choudhary,Jharkhand,GIRIDIH,Street lights,22000.0,True,684.0,45.9
WS/MP334/2024-2025/139743,Shri Chandra Prakash Choudhary,Jharkhand,GIRIDIH,Street lights,22000.0,True,684.0,45.9
WS/MP334/2024-2025/139744,Shri Chandra Prakash Choudhary,Jharkhand,GIRIDIH,Street lights,22000.0,True,684.0,45.9
WS/MP334/2024-2025/139745,Shri Chandra Prakash Choudhary,Jharkhand,GIRIDIH,Street lights,22000.0,True,684.0,45.9
WS/MP334/2024-2025/139876,Shri Chandra Prakash Choudhary,Jharkhand,GIRIDIH,Street lights,22000.0,True,684.0,45.9
WS/MP334/2024-2025/139875,Shri Chandra Prakash Choudhary,Jharkhand,GIRIDIH,Street lights,22000.0,True,684.0,45.9
WS/MP334/2024-2025/139874,Shri Chandra Prakash Choudhary,Jharkhand,GIRIDIH,Street lights,22000.0,True,684.0,45.9
WS/MP334/2024-2025/139762,Shri Chandra Prakash Choudhary,Jharkhand,GIRIDIH,Street lights,22000.0,True,684.0,45.9
WS/MP334/2024-2025/139895,Shri Chandra Prakash Choudhary,Jharkhand,GIRIDIH,Street lights,22000.0,True,684.0,45.9
WS/MP334/2024-2025/139904,Shri Chandra Prakash Choudhary,Jharkhand,GIRIDIH,Street lights,22000.0,True,685.0,45.9
WS/MP334/2024-2025/139934,Shri Chandra Prakash Choudhary,Jharkhand,GIRIDIH,Street lights,22000.0,True,685.0,45.9
WS/MP334/2024-2025/139929,Shri Chandra Prakash Choudhary,Jharkhand,GIRIDIH,Street lights,22000.0,True,685.0,45.9
WS/MP334/2024-2025/139932,Shri Chandra Prakash Choudhary,Jharkhand,GIRIDIH,Street lights,22000.0,True,685.0,45.9
WS/MP334/2024-2025/139933,Shri Chandra Prakash Choudhary,Jharkhand,GIRIDIH,Street lights,22000.0,True,685.0,45.9
WS/MP334/2024-2025/139930,Shri Chandra Prakash Choudhary,Jharkhand,GIRIDIH,Street lights,22000.0,True,685.0,45.9
WS/MP334/2024-2025/139931,Shri Chandra Prakash Choudhary,Jharkhand,GIRIDIH,Street lights,22000.0,True,685.0,45.9
WS/MP334/2024-2025/139928,Shri Chandra Prakash Choudhary,Jharkhand,GIRIDIH,Street lights,22000.0,True,685.0,45.9
WS/MP334/2024-2025/139873,Shri Chandra Prakash Choudhary,Jharkhand,GIRIDIH,Street lights,22000.0,True,684.0,45.9
WS/MP334/2024-2025/139760,Shri Chandra Prakash Choudhary,Jharkhand,GIRIDIH,Street lights,22000.0,True,684.0,45.9
WS/MP334/2024-2025/139761,Shri Chandra Prakash Choudhary,Jharkhand,GIRIDIH,Street lights,22000.0,True,684.0,45.9
WS/MP334/2024-2025/139872,Shri Chandra Prakash Choudhary,Jharkhand,GIRIDIH,Street lights,22000.0,True,684.0,45.9
WS/MP334/2024-2025/139763,Shri Chandra Prakash Choudhary,Jharkhand,GIRIDIH,Street lights,22000.0,True,684.0,45.9
WS/MP334/2024-2025/139765,Shri Chandra Prakash Choudhary,Jharkhand,GIRIDIH,Street lights,22000.0,True,684.0,45.9
WS/MP334/2024-2025/139764,Shri Chandra Prakash Choudhary,Jharkhand,GIRIDIH,Street lights,22000.0,True,684.0,45.9
WS/MP334/2024-2025/139907,Shri Chandra Prakash Choudhary,Jharkhand,GIRIDIH,Street lights,22000.0,True,685.0,45.9
WS/MP334/2024-2025/139908,Shri Chandra Prakash Choudhary,Jharkhand,GIRIDIH,Street lights,22000.0,True,685.0,45.9
WS/MP334/2024-2025/139906,Shri Chandra Prakash Choudhary,Jharkhand,GIRIDIH,Street lights,22000.0,True,685.0,45.9
WS/MP334/2024-2025/139922,Shri Chandra Prakash Choudhary,Jharkhand,GIRIDIH,Street lights,22000.0,True,685.0,45.9
WS/MP334/2024-2025/139910,Shri Chandra Prakash Choudhary,Jharkhand,GIRIDIH,Street lights,22000.0,True,685.0,45.9
WS/MP334/2024-2025/139915,Shri Chandra Prakash Choudhary,Jharkhand,GIRIDIH,Street lights,22000.0,True,685.0,45.9
WS/MP334/2024-2025/139914,Shri Chandra Prakash Choudhary,Jharkhand,GIRIDIH,Street lights,22000.0,True,685.0,45.9
WS/MP334/2024-2025/139913,Shri Chandra Prakash Choudhary,Jharkhand,GIRIDIH,Street lights,22000.0,True,685.0,45.9
WS/MP334/2024-2025/139879,Shri Chandra Prakash Choudhary,Jharkhand,GIRIDIH,Street lights,22000.0,True,684.0,45.9
WS/MP334/2024-2025/139878,Shri Chandra Prakash Choudhary,Jharkhand,GIRIDIH,Street lights,22000.0,True,684.0,45.9
WS/MP334/2024-2025/139881,Shri Chandra Prakash Choudhary,Jharkhand,GIRIDIH,Street lights,22000.0,True,684.0,45.9
WS/MP334/2024-2025/139880,Shri Chandra Prakash Choudhary,Jharkhand,GIRIDIH,Street lights,22000.0,True,684.0,45.9
WS/MP334/2024-2025/139917,Shri Chandra Prakash Choudhary,Jharkhand,GIRIDIH,Street lights,22000.0,True,685.0,45.9
WS/MP334/2024-2025/139911,Shri Chandra Prakash Choudhary,Jharkhand,GIRIDIH,Street lights,22000.0,True,685.0,45.9
WS/MP334/2024-2025/139909,Shri Chandra Prakash Choudhary,Jharkhand,GIRIDIH,Street lights,22000.0,True,685.0,45.9
WS/MP334/2024-2025/139916,Shri Chandra Prakash Choudhary,Jharkhand,GIRIDIH,Street lights,22000.0,True,685.0,45.9
WS/MP334/2024-2025/139912,Shri Chandra Prakash Choudhary,Jharkhand,GIRIDIH,Street lights,22000.0,True,685.0,45.9
WS/MP334/2024-2025/139894,Shri Chandra Prakash Choudhary,Jharkhand,GIRIDIH,Street lights,22000.0,True,684.0,45.9
WS/MP582/2025-2026/147364,Prabhubhai Nagarbhai Vasava,Gujarat,BARDOLI(ST),"Purchase of prosthetics, wheel chairs, tricycles (manual or motorized), elect scooties, hearing aids",75000.0,True,459.0,45.9
WS/MP18024/2025-2026/148253,GAURAV GOGOI,Assam,JORHAT,Construction of community centers and community halls,150000.0,True,398.0,45.9
WS/MP334/2024-2025/139892,Shri Chandra Prakash Choudhary,Jharkhand,GIRIDIH,Street lights,22000.0,True,684.0,45.9
WS/MP334/2024-2025/139891,Shri Chandra Prakash Choudhary,Jharkhand,GIRIDIH,Street lights,22000.0,True,684.0,45.9
WS/MP334/2024-2025/139890,Shri Chandra Prakash Choudhary,Jharkhand,GIRIDIH,Street lights,22000.0,True,684.0,45.9
WS/MP334/2024-2025/139923,Shri Chandra Prakash Choudhary,Jharkhand,GIRIDIH,Street lights,22000.0,True,685.0,45.9
WS/MP334/2024-2025/139751,Shri Chandra Prakash Choudhary,Jharkhand,GIRIDIH,Street lights,22000.0,True,684.0,45.9
WS/MP334/2024-2025/139752,Shri Chandra Prakash Choudhary,Jharkhand,GIRIDIH,Street lights,22000.0,True,684.0,45.9
WS/MP334/2024-2025/139753,Shri Chandra Prakash Choudhary,Jharkhand,GIRIDIH,Street lights,22000.0,True,684.0,45.9
WS/MP334/2024-2025/139754,Shri Chandra Prakash Choudhary,Jharkhand,GIRIDIH,Street lights,22000.0,True,684.0,45.9
WS/MP334/2024-2025/139755,Shri Chandra Prakash Choudhary,Jharkhand,GIRIDIH,Street lights,22000.0,True,684.0,45.9
WS/MP334/2024-2025/139749,Shri Chandra Prakash Choudhary,Jharkhand,GIRIDIH,Street lights,22000.0,True,684.0,45.9
WS/MP334/2024-2025/139748,Shri Chandra Prakash Choudhary,Jharkhand,GIRIDIH,Street lights,22000.0,True,684.0,45.9
WS/MP334/2024-2025/139750,Shri Chandra Prakash Choudhary,Jharkhand,GIRIDIH,Street lights,22000.0,True,684.0,45.9
WS/MP334/2024-2025/139889,Shri Chandra Prakash Choudhary,Jharkhand,GIRIDIH,Street lights,22000.0,True,684.0,45.9
WS/MP334/2024-2025/139759,Shri Chandra Prakash Choudhary,Jharkhand,GIRIDIH,Street lights,22000.0,True,684.0,45.9
WS/MP334/2024-2025/139758,Shri Chandra Prakash Choudhary,Jharkhand,GIRIDIH,Street lights,22000.0,True,684.0,45.9
WS/MP334/2024-2025/139757,Shri Chandra Prakash Choudhary,Jharkhand,GIRIDIH,Street lights,22000.0,True,684.0,45.9
WS/MP334/2024-2025/139756,Shri Chandra Prakash Choudhary,Jharkhand,GIRIDIH,Street lights,22000.0,True,684.0,45.9
WS/MP334/2024-2025/139901,Shri Chandra Prakash Choudhary,Jharkhand,GIRIDIH,Street lights,22000.0,True,685.0,45.9
WS/MP334/2024-2025/139897,Shri Chandra Prakash Choudhary,Jharkhand,GIRIDIH,Street lights,22000.0,True,684.0,45.9
WS/MP334/2024-2025/139893,Shri Chandra Prakash Choudhary,Jharkhand,GIRIDIH,Street lights,22000.0,True,685.0,45.9
WS/MP334/2024-2025/139896,Shri Chandra Prakash Choudhary,Jharkhand,GIRIDIH,Street lights,22000.0,True,684.0,45.9
WS/MP334/2024-2025/140591,Shri Chandra Prakash Choudhary,Jharkhand,GIRIDIH,Street lights,264000.0,True,687.0,45.8
WS/MP334/2024-2025/140554,Shri Chandra Prakash Choudhary,Jharkhand,GIRIDIH,Street lights,286000.0,True,687.0,45.8
WS/MP334/2024-2025/140486,Shri Chandra Prakash Choudhary,Jharkhand,GIRIDIH,Street lights,264000.0,True,687.0,45.8
WS/MP18074/2024-2025/140227,KALI CHARAN MUNDA,Jharkhand,KHUNTI(ST),Construction of public staircase/ stair ghat for public convenience,500000.0,True,683.0,45.8
WS/MP18074/2024-2025/140228,KALI CHARAN MUNDA,Jharkhand,KHUNTI(ST),Construction of public staircase/ stair ghat for public convenience,500000.0,True,683.0,45.8
WS/MP334/2024-2025/140584,Shri Chandra Prakash Choudhary,Jharkhand,GIRIDIH,Street lights,264000.0,True,687.0,45.8
WS/MP334/2024-2025/140261,Shri Chandra Prakash Choudhary,Jharkhand,GIRIDIH,Street lights,22000.0,True,687.0,45.7
WS/MP334/2024-2025/140280,Shri Chandra Prakash Choudhary,Jharkhand,GIRIDIH,Street lights,22000.0,True,687.0,45.7
WS/MP334/2024-2025/140279,Shri Chandra Prakash Choudhary,Jharkhand,GIRIDIH,Street lights,22000.0,True,687.0,45.7
WS/MP334/2024-2025/140266,Shri Chandra Prakash Choudhary,Jharkhand,GIRIDIH,Street lights,22000.0,True,687.0,45.7
WS/MP334/2024-2025/140267,Shri Chandra Prakash Choudhary,Jharkhand,GIRIDIH,Street lights,22000.0,True,687.0,45.7
WS/MP334/2024-2025/140285,Shri Chandra Prakash Choudhary,Jharkhand,GIRIDIH,Street lights,22000.0,True,687.0,45.7
WS/MP334/2024-2025/140597,Shri Chandra Prakash Choudhary,Jharkhand,GIRIDIH,Street lights,22000.0,True,687.0,45.7
WS/MP334/2024-2025/140281,Shri Chandra Prakash Choudhary,Jharkhand,GIRIDIH,Street lights,22000.0,True,687.0,45.7
WS/MP334/2024-2025/140260,Shri Chandra Prakash Choudhary,Jharkhand,GIRIDIH,Street lights,22000.0,True,687.0,45.7
WS/MP334/2024-2025/140592,Shri Chandra Prakash Choudhary,Jharkhand,GIRIDIH,Street lights,22000.0,True,687.0,45.7
WS/MP334/2024-2025/140596,Shri Chandra Prakash Choudhary,Jharkhand,GIRIDIH,Street lights,308000.0,True,687.0,45.7
WS/MP334/2024-2025/140259,Shri Chandra Prakash Choudhary,Jharkhand,GIRIDIH,Street lights,22000.0,True,687.0,45.7
WS/MP334/2024-2025/140484,Shri Chandra Prakash Choudhary,Jharkhand,GIRIDIH,Street lights,308000.0,True,687.0,45.7
WS/MP334/2024-2025/140282,Shri Chandra Prakash Choudhary,Jharkhand,GIRIDIH,Street lights,22000.0,True,687.0,45.7
WS/MP334/2024-2025/140262,Shri Chandra Prakash Choudhary,Jharkhand,GIRIDIH,Street lights,22000.0,True,687.0,45.7
WS/MP334/2024-2025/140264,Shri Chandra Prakash Choudhary,Jharkhand,GIRIDIH,Street lights,22000.0,True,687.0,45.7
WS/MP334/2024-2025/140263,Shri Chandra Prakash Choudhary,Jharkhand,GIRIDIH,Street lights,22000.0,True,687.0,45.7
WS/MP18221/2024-2025/141017,NARAYAN DAS AHIRWAR,Uttar Pradesh,JALAUN(SC),Lighting of public spaces,211299.0,True,576.0,45.7
WS/MP334/2024-2025/140284,Shri Chandra Prakash Choudhary,Jharkhand,GIRIDIH,Street lights,22000.0,True,687.0,45.7
WS/MP334/2024-2025/140283,Shri Chandra Prakash Choudhary,Jharkhand,GIRIDIH,Street lights,22000.0,True,687.0,45.7
WS/MP334/2024-2025/140287,Shri Chandra Prakash Choudhary,Jharkhand,GIRIDIH,Street lights,22000.0,True,687.0,45.7
WS/MP18221/2024-2025/141018,NARAYAN DAS AHIRWAR,Uttar Pradesh,JALAUN(SC),Lighting of public spaces,211299.0,True,576.0,45.7
WS/MP334/2024-2025/140286,Shri Chandra Prakash Choudhary,Jharkhand,GIRIDIH,Street lights,22000.0,True,687.0,45.7
WS/MP334/2024-2025/140288,Shri Chandra Prakash Choudhary,Jharkhand,GIRIDIH,Street lights,22000.0,True,687.0,45.7
WS/MP334/2024-2025/140265,Shri Chandra Prakash Choudhary,Jharkhand,GIRIDIH,Street lights,22000.0,True,687.0,45.7
WS/MP334/2024-2025/140277,Shri Chandra Prakash Choudhary,Jharkhand,GIRIDIH,Street lights,22000.0,True,687.0,45.7
WS/MP334/2024-2025/140276,Shri Chandra Prakash Choudhary,Jharkhand,GIRIDIH,Street lights,22000.0,True,687.0,45.7
WS/MP334/2024-2025/140275,Shri Chandra Prakash Choudhary,Jharkhand,GIRIDIH,Street lights,22000.0,True,687.0,45.7
WS/MP334/2024-2025/140268,Shri Chandra Prakash Choudhary,Jharkhand,GIRIDIH,Street lights,22000.0,True,687.0,45.7
WS/MP18221/2024-2025/141014,NARAYAN DAS AHIRWAR,Uttar Pradesh,JALAUN(SC),Lighting of public spaces,211299.0,True,576.0,45.7
WS/MP18221/2024-2025/141013,NARAYAN DAS AHIRWAR,Uttar Pradesh,JALAUN(SC),Lighting of public spaces,211299.0,True,576.0,45.7
WS/MP334/2024-2025/140278,Shri Chandra Prakash Choudhary,Jharkhand,GIRIDIH,Street lights,22000.0,True,687.0,45.7
WS/MP18062/2024-2025/154037,JAI PARKASH,Haryana,HISAR,Purchase of mobile water tankers,300000.0,False,639.0,45.5
WS/MP740/2026-2027/140337,Andimuthu Raja,Tamil Nadu,NILGIRIS(SC),Construction of community centers and community halls,1695000.0,True,39.0,45.5
WS/MP18352/2025-2026/152694,RAJEEV RAI,Uttar Pradesh,GHOSI,Lighting of public spaces,247698.0,False,646.0,45.4
WS/MP18352/2025-2026/152692,RAJEEV RAI,Uttar Pradesh,GHOSI,Lighting of public spaces,247698.0,False,646.0,45.4
WS/MP18352/2025-2026/152691,RAJEEV RAI,Uttar Pradesh,GHOSI,Lighting of public spaces,247698.0,False,646.0,45.4
WS/MP18352/2025-2026/152693,RAJEEV RAI,Uttar Pradesh,GHOSI,Lighting of public spaces,247698.0,False,646.0,45.4
WS/MP334/2024-2025/139287,Shri Chandra Prakash Choudhary,Jharkhand,GIRIDIH,Street lights,22000.0,True,678.0,45.4
WS/MP18352/2025-2026/152690,RAJEEV RAI,Uttar Pradesh,GHOSI,Lighting of public spaces,247698.0,False,646.0,45.4
WS/MP334/2024-2025/139328,Shri Chandra Prakash Choudhary,Jharkhand,GIRIDIH,Street lights,22000.0,True,678.0,45.4
WS/MP334/2024-2025/139286,Shri Chandra Prakash Choudhary,Jharkhand,GIRIDIH,Street lights,22000.0,True,678.0,45.4
WS/MP334/2024-2025/139285,Shri Chandra Prakash Choudhary,Jharkhand,GIRIDIH,Street lights,22000.0,True,678.0,45.4
WS/MP18352/2025-2026/152679,RAJEEV RAI,Uttar Pradesh,GHOSI,Lighting of public spaces,247698.0,False,646.0,45.4
WS/MP18352/2025-2026/152678,RAJEEV RAI,Uttar Pradesh,GHOSI,Lighting of public spaces,247698.0,False,646.0,45.4
WS/MP18352/2025-2026/152683,RAJEEV RAI,Uttar Pradesh,GHOSI,Lighting of public spaces,247698.0,False,646.0,45.4
WS/MP18352/2025-2026/152682,RAJEEV RAI,Uttar Pradesh,GHOSI,Lighting of public spaces,247698.0,False,646.0,45.4
WS/MP334/2024-2025/139299,Shri Chandra Prakash Choudhary,Jharkhand,GIRIDIH,Street lights,22000.0,True,678.0,45.4
WS/MP334/2024-2025/139327,Shri Chandra Prakash Choudhary,Jharkhand,GIRIDIH,Street lights,22000.0,True,678.0,45.4
WS/MP18352/2025-2026/152685,RAJEEV RAI,Uttar Pradesh,GHOSI,Lighting of public spaces,247698.0,False,646.0,45.4
WS/MP334/2024-2025/139222,Shri Chandra Prakash Choudhary,Jharkhand,GIRIDIH,Street lights,22000.0,True,678.0,45.4
WS/MP334/2024-2025/139215,Shri Chandra Prakash Choudhary,Jharkhand,GIRIDIH,Street lights,22000.0,True,678.0,45.4
WS/MP18352/2025-2026/152686,RAJEEV RAI,Uttar Pradesh,GHOSI,Lighting of public spaces,247698.0,False,646.0,45.4
WS/MP334/2024-2025/139216,Shri Chandra Prakash Choudhary,Jharkhand,GIRIDIH,Street lights,22000.0,True,678.0,45.4
WS/MP334/2024-2025/139207,Shri Chandra Prakash Choudhary,Jharkhand,GIRIDIH,Street lights,22000.0,True,678.0,45.4
WS/MP18352/2025-2026/152684,RAJEEV RAI,Uttar Pradesh,GHOSI,Lighting of public spaces,247698.0,False,646.0,45.4
WS/MP334/2024-2025/139292,Shri Chandra Prakash Choudhary,Jharkhand,GIRIDIH,Street lights,22000.0,True,678.0,45.4
WS/MP334/2024-2025/139303,Shri Chandra Prakash Choudhary,Jharkhand,GIRIDIH,Street lights,22000.0,True,678.0,45.4
WS/MP334/2024-2025/139302,Shri Chandra Prakash Choudhary,Jharkhand,GIRIDIH,Street lights,22000.0,True,678.0,45.4
WS/MP334/2024-2025/139212,Shri Chandra Prakash Choudhary,Jharkhand,GIRIDIH,Street lights,22000.0,True,678.0,45.4
WS/MP334/2024-2025/139214,Shri Chandra Prakash Choudhary,Jharkhand,GIRIDIH,Street lights,22000.0,True,678.0,45.4
WS/MP334/2024-2025/139213,Shri Chandra Prakash Choudhary,Jharkhand,GIRIDIH,Street lights,22000.0,True,678.0,45.4
WS/MP334/2024-2025/139293,Shri Chandra Prakash Choudhary,Jharkhand,GIRIDIH,Street lights,22000.0,True,678.0,45.4
WS/MP18352/2025-2026/152681,RAJEEV RAI,Uttar Pradesh,GHOSI,Lighting of public spaces,247698.0,False,646.0,45.4
WS/MP18352/2025-2026/152680,RAJEEV RAI,Uttar Pradesh,GHOSI,Lighting of public spaces,247698.0,False,646.0,45.4
WS/MP334/2024-2025/139301,Shri Chandra Prakash Choudhary,Jharkhand,GIRIDIH,Street lights,22000.0,True,678.0,45.4
WS/MP334/2024-2025/139300,Shri Chandra Prakash Choudhary,Jharkhand,GIRIDIH,Street lights,22000.0,True,678.0,45.4
WS/MP334/2024-2025/139284,Shri Chandra Prakash Choudhary,Jharkhand,GIRIDIH,Street lights,22000.0,True,678.0,45.4
WS/MP334/2024-2025/139283,Shri Chandra Prakash Choudhary,Jharkhand,GIRIDIH,Street lights,22000.0,True,678.0,45.4
WS/MP334/2024-2025/139288,Shri Chandra Prakash Choudhary,Jharkhand,GIRIDIH,Street lights,22000.0,True,678.0,45.4
WS/MP18352/2025-2026/152687,RAJEEV RAI,Uttar Pradesh,GHOSI,Lighting of public spaces,247698.0,False,646.0,45.4
WS/MP18352/2025-2026/152688,RAJEEV RAI,Uttar Pradesh,GHOSI,Lighting of public spaces,247698.0,False,646.0,45.4
WS/MP18352/2025-2026/152689,RAJEEV RAI,Uttar Pradesh,GHOSI,Lighting of public spaces,247698.0,False,646.0,45.4
WS/MP334/2024-2025/139308,Shri Chandra Prakash Choudhary,Jharkhand,GIRIDIH,Street lights,22000.0,True,678.0,45.4
WS/MP334/2024-2025/139290,Shri Chandra Prakash Choudhary,Jharkhand,GIRIDIH,Street lights,22000.0,True,678.0,45.4
WS/MP334/2024-2025/139289,Shri Chandra Prakash Choudhary,Jharkhand,GIRIDIH,Street lights,22000.0,True,678.0,45.4
WS/MP334/2024-2025/139309,Shri Chandra Prakash Choudhary,Jharkhand,GIRIDIH,Street lights,22000.0,True,678.0,45.4
WS/MP334/2024-2025/139310,Shri Chandra Prakash Choudhary,Jharkhand,GIRIDIH,Street lights,22000.0,True,678.0,45.4
WS/MP334/2024-2025/139291,Shri Chandra Prakash Choudhary,Jharkhand,GIRIDIH,Street lights,22000.0,True,678.0,45.4
WS/MP334/2024-2025/139326,Shri Chandra Prakash Choudhary,Jharkhand,GIRIDIH,Street lights,22000.0,True,678.0,45.4
WS/MP334/2024-2025/139223,Shri Chandra Prakash Choudhary,Jharkhand,GIRIDIH,Street lights,22000.0,True,678.0,45.4
WS/MP334/2024-2025/139205,Shri Chandra Prakash Choudhary,Jharkhand,GIRIDIH,Street lights,22000.0,True,678.0,45.4
WS/MP334/2024-2025/139204,Shri Chandra Prakash Choudhary,Jharkhand,GIRIDIH,Street lights,22000.0,True,678.0,45.4
WS/MP334/2024-2025/139203,Shri Chandra Prakash Choudhary,Jharkhand,GIRIDIH,Street lights,22000.0,True,678.0,45.4
WS/MP334/2024-2025/139233,Shri Chandra Prakash Choudhary,Jharkhand,GIRIDIH,Street lights,22000.0,True,678.0,45.4
WS/MP334/2024-2025/139232,Shri Chandra Prakash Choudhary,Jharkhand,GIRIDIH,Street lights,22000.0,True,678.0,45.4
WS/MP334/2024-2025/139231,Shri Chandra Prakash Choudhary,Jharkhand,GIRIDIH,Street lights,22000.0,True,678.0,45.4
WS/MP334/2024-2025/139230,Shri Chandra Prakash Choudhary,Jharkhand,GIRIDIH,Street lights,22000.0,True,678.0,45.4
WS/MP334/2024-2025/139229,Shri Chandra Prakash Choudhary,Jharkhand,GIRIDIH,Street lights,22000.0,True,678.0,45.4
WS/MP334/2024-2025/139225,Shri Chandra Prakash Choudhary,Jharkhand,GIRIDIH,Street lights,22000.0,True,678.0,45.4
WS/MP334/2024-2025/139341,Shri Chandra Prakash Choudhary,Jharkhand,GIRIDIH,Street lights,22000.0,True,678.0,45.4
WS/MP334/2024-2025/139317,Shri Chandra Prakash Choudhary,Jharkhand,GIRIDIH,Street lights,22000.0,True,678.0,45.4
WS/MP334/2024-2025/139316,Shri Chandra Prakash Choudhary,Jharkhand,GIRIDIH,Street lights,22000.0,True,678.0,45.4
WS/MP334/2024-2025/139315,Shri Chandra Prakash Choudhary,Jharkhand,GIRIDIH,Street lights,22000.0,True,678.0,45.4
WS/MP334/2024-2025/139314,Shri Chandra Prakash Choudhary,Jharkhand,GIRIDIH,Street lights,22000.0,True,678.0,45.4
WS/MP334/2024-2025/139313,Shri Chandra Prakash Choudhary,Jharkhand,GIRIDIH,Street lights,22000.0,True,678.0,45.4
WS/MP334/2024-2025/139320,Shri Chandra Prakash Choudhary,Jharkhand,GIRIDIH,Street lights,22000.0,True,678.0,45.4
WS/MP334/2024-2025/139344,Shri Chandra Prakash Choudhary,Jharkhand,GIRIDIH,Street lights,22000.0,True,678.0,45.4
WS/MP334/2024-2025/139319,Shri Chandra Prakash Choudhary,Jharkhand,GIRIDIH,Street lights,22000.0,True,678.0,45.4
WS/MP334/2024-2025/139318,Shri Chandra Prakash Choudhary,Jharkhand,GIRIDIH,Street lights,22000.0,True,678.0,45.4
WS/MP334/2024-2025/139321,Shri Chandra Prakash Choudhary,Jharkhand,GIRIDIH,Street lights,22000.0,True,678.0,45.4
WS/MP334/2024-2025/139324,Shri Chandra Prakash Choudhary,Jharkhand,GIRIDIH,Street lights,22000.0,True,678.0,45.4
WS/MP334/2024-2025/139339,Shri Chandra Prakash Choudhary,Jharkhand,GIRIDIH,Street lights,22000.0,True,678.0,45.4
WS/MP334/2024-2025/139340,Shri Chandra Prakash Choudhary,Jharkhand,GIRIDIH,Street lights,22000.0,True,678.0,45.4
WS/MP334/2024-2025/139323,Shri Chandra Prakash Choudhary,Jharkhand,GIRIDIH,Street lights,22000.0,True,678.0,45.4
WS/MP334/2024-2025/139312,Shri Chandra Prakash Choudhary,Jharkhand,GIRIDIH,Street lights,22000.0,True,678.0,45.4
WS/MP334/2024-2025/139311,Shri Chandra Prakash Choudhary,Jharkhand,GIRIDIH,Street lights,22000.0,True,678.0,45.4
WS/MP334/2024-2025/139325,Shri Chandra Prakash Choudhary,Jharkhand,GIRIDIH,Street lights,22000.0,True,678.0,45.4
WS/MP334/2024-2025/139282,Shri Chandra Prakash Choudhary,Jharkhand,GIRIDIH,Street lights,22000.0,True,678.0,45.4
WS/MP334/2024-2025/139281,Shri Chandra Prakash Choudhary,Jharkhand,GIRIDIH,Street lights,22000.0,True,678.0,45.4
WS/MP334/2024-2025/139224,Shri Chandra Prakash Choudhary,Jharkhand,GIRIDIH,Street lights,22000.0,True,678.0,45.4
WS/MP334/2024-2025/139342,Shri Chandra Prakash Choudhary,Jharkhand,GIRIDIH,Street lights,22000.0,True,678.0,45.4
WS/MP334/2024-2025/139343,Shri Chandra Prakash Choudhary,Jharkhand,GIRIDIH,Street lights,22000.0,True,678.0,45.4
WS/MP334/2024-2025/139322,Shri Chandra Prakash Choudhary,Jharkhand,GIRIDIH,Street lights,22000.0,True,678.0,45.4
WS/MP334/2024-2025/139185,Shri Chandra Prakash Choudhary,Jharkhand,GIRIDIH,Street lights,22000.0,True,678.0,45.4
WS/MP334/2024-2025/139369,Shri Chandra Prakash Choudhary,Jharkhand,GIRIDIH,Street lights,22000.0,True,678.0,45.4
WS/MP334/2024-2025/139370,Shri Chandra Prakash Choudhary,Jharkhand,GIRIDIH,Street lights,22000.0,True,678.0,45.4
WS/MP334/2024-2025/139184,Shri Chandra Prakash Choudhary,Jharkhand,GIRIDIH,Street lights,22000.0,True,678.0,45.4
WS/MP334/2024-2025/139338,Shri Chandra Prakash Choudhary,Jharkhand,GIRIDIH,Street lights,22000.0,True,678.0,45.4
WS/MP334/2024-2025/139206,Shri Chandra Prakash Choudhary,Jharkhand,GIRIDIH,Street lights,22000.0,True,678.0,45.4
WS/MP334/2024-2025/139345,Shri Chandra Prakash Choudhary,Jharkhand,GIRIDIH,Street lights,22000.0,True,678.0,45.4
WS/MP334/2024-2025/139332,Shri Chandra Prakash Choudhary,Jharkhand,GIRIDIH,Street lights,22000.0,True,678.0,45.4
WS/MP334/2024-2025/139331,Shri Chandra Prakash Choudhary,Jharkhand,GIRIDIH,Street lights,22000.0,True,678.0,45.4
WS/MP334/2024-2025/139330,Shri Chandra Prakash Choudhary,Jharkhand,GIRIDIH,Street lights,22000.0,True,678.0,45.4
WS/MP334/2024-2025/139186,Shri Chandra Prakash Choudhary,Jharkhand,GIRIDIH,Street lights,22000.0,True,678.0,45.4
WS/MP334/2024-2025/139329,Shri Chandra Prakash Choudhary,Jharkhand,GIRIDIH,Street lights,22000.0,True,678.0,45.4
WS/MP334/2024-2025/139187,Shri Chandra Prakash Choudhary,Jharkhand,GIRIDIH,Street lights,22000.0,True,678.0,45.4
WS/MP334/2024-2025/139188,Shri Chandra Prakash Choudhary,Jharkhand,GIRIDIH,Street lights,22000.0,True,678.0,45.4
WS/MP334/2024-2025/139189,Shri Chandra Prakash Choudhary,Jharkhand,GIRIDIH,Street lights,22000.0,True,678.0,45.4
WS/MP334/2024-2025/139337,Shri Chandra Prakash Choudhary,Jharkhand,GIRIDIH,Street lights,22000.0,True,678.0,45.4
WS/MP334/2024-2025/139334,Shri Chandra Prakash Choudhary,Jharkhand,GIRIDIH,Street lights,22000.0,True,678.0,45.4
WS/MP334/2024-2025/139335,Shri Chandra Prakash Choudhary,Jharkhand,GIRIDIH,Street lights,22000.0,True,678.0,45.4
WS/MP334/2024-2025/139336,Shri Chandra Prakash Choudhary,Jharkhand,GIRIDIH,Street lights,22000.0,True,678.0,45.4
WS/MP334/2024-2025/139333,Shri Chandra Prakash Choudhary,Jharkhand,GIRIDIH,Street lights,22000.0,True,678.0,45.4
WS/MP334/2024-2025/139294,Shri Chandra Prakash Choudhary,Jharkhand,GIRIDIH,Street lights,22000.0,True,678.0,45.4
WS/MP334/2024-2025/139295,Shri Chandra Prakash Choudhary,Jharkhand,GIRIDIH,Street lights,22000.0,True,678.0,45.4
WS/MP334/2024-2025/139251,Shri Chandra Prakash Choudhary,Jharkhand,GIRIDIH,Street lights,22000.0,True,678.0,45.4
WS/MP334/2024-2025/139252,Shri Chandra Prakash Choudhary,Jharkhand,GIRIDIH,Street lights,22000.0,True,678.0,45.4
WS/MP334/2024-2025/139253,Shri Chandra Prakash Choudhary,Jharkhand,GIRIDIH,Street lights,22000.0,True,678.0,45.4
WS/MP334/2024-2025/139254,Shri Chandra Prakash Choudhary,Jharkhand,GIRIDIH,Street lights,22000.0,True,678.0,45.4
WS/MP334/2024-2025/139255,Shri Chandra Prakash Choudhary,Jharkhand,GIRIDIH,Street lights,22000.0,True,678.0,45.4
WS/MP334/2024-2025/139261,Shri Chandra Prakash Choudhary,Jharkhand,GIRIDIH,Street lights,22000.0,True,678.0,45.4
WS/MP334/2024-2025/139262,Shri Chandra Prakash Choudhary,Jharkhand,GIRIDIH,Street lights,22000.0,True,678.0,45.4
WS/MP334/2024-2025/139263,Shri Chandra Prakash Choudhary,Jharkhand,GIRIDIH,Street lights,22000.0,True,678.0,45.4
WS/MP334/2024-2025/139264,Shri Chandra Prakash Choudhary,Jharkhand,GIRIDIH,Street lights,22000.0,True,678.0,45.4
WS/MP410/2025-2026/148376,Pradan Baruah,Assam,LAKHIMPUR,Construction of community centers and community halls,1000000.0,True,390.0,45.3
WS/MP410/2025-2026/148375,Pradan Baruah,Assam,LAKHIMPUR,Construction of community centers and community halls,1000000.0,True,401.0,45.3
WS/MP410/2025-2026/148380,Pradan Baruah,Assam,LAKHIMPUR,Construction of community centers and community halls,1000000.0,True,370.0,45.3
WS/MP18225/2025-2026/150450,PUSHPENDRA SAROJ,Uttar Pradesh,KAUSHAMBI(SC),Installing hand pumps,50781.0,False,658.0,45.2
WS/MP334/2024-2025/139110,Shri Chandra Prakash Choudhary,Jharkhand,GIRIDIH,Street lights,22000.0,True,677.0,45.2
WS/MP334/2024-2025/139111,Shri Chandra Prakash Choudhary,Jharkhand,GIRIDIH,Street lights,22000.0,True,677.0,45.2
WS/MP18225/2025-2026/150449,PUSHPENDRA SAROJ,Uttar Pradesh,KAUSHAMBI(SC),Installing hand pumps,50781.0,False,658.0,45.2
WS/MP334/2024-2025/139183,Shri Chandra Prakash Choudhary,Jharkhand,GIRIDIH,Street lights,22000.0,True,677.0,45.2
WS/MP334/2024-2025/139131,Shri Chandra Prakash Choudhary,Jharkhand,GIRIDIH,Street lights,22000.0,True,677.0,45.2
WS/MP334/2024-2025/139132,Shri Chandra Prakash Choudhary,Jharkhand,GIRIDIH,Street lights,22000.0,True,677.0,45.2
WS/MP334/2024-2025/139133,Shri Chandra Prakash Choudhary,Jharkhand,GIRIDIH,Street lights,22000.0,True,677.0,45.2
WS/MP334/2024-2025/139134,Shri Chandra Prakash Choudhary,Jharkhand,GIRIDIH,Street lights,22000.0,True,677.0,45.2
WS/MP334/2024-2025/139135,Shri Chandra Prakash Choudhary,Jharkhand,GIRIDIH,Street lights,22000.0,True,677.0,45.2
WS/MP334/2024-2025/139136,Shri Chandra Prakash Choudhary,Jharkhand,GIRIDIH,Street lights,22000.0,True,677.0,45.2
WS/MP334/2024-2025/139137,Shri Chandra Prakash Choudhary,Jharkhand,GIRIDIH,Street lights,22000.0,True,677.0,45.2
WS/MP18225/2025-2026/150440,PUSHPENDRA SAROJ,Uttar Pradesh,KAUSHAMBI(SC),Installing hand pumps,50800.0,False,658.0,45.2
WS/MP18225/2025-2026/150439,PUSHPENDRA SAROJ,Uttar Pradesh,KAUSHAMBI(SC),Installing hand pumps,50781.0,False,658.0,45.2
WS/MP18225/2025-2026/150468,PUSHPENDRA SAROJ,Uttar Pradesh,KAUSHAMBI(SC),Installing hand pumps,50800.0,False,658.0,45.2
WS/MP18225/2025-2026/150441,PUSHPENDRA SAROJ,Uttar Pradesh,KAUSHAMBI(SC),Installing hand pumps,50781.0,False,658.0,45.2
WS/MP18225/2025-2026/150470,PUSHPENDRA SAROJ,Uttar Pradesh,KAUSHAMBI(SC),Installing hand pumps,50781.0,False,658.0,45.2
WS/MP18225/2025-2026/150451,PUSHPENDRA SAROJ,Uttar Pradesh,KAUSHAMBI(SC),Installing hand pumps,50781.0,False,658.0,45.2
WS/MP18225/2025-2026/150457,PUSHPENDRA SAROJ,Uttar Pradesh,KAUSHAMBI(SC),Installing hand pumps,50800.0,False,658.0,45.2
WS/MP18225/2025-2026/150458,PUSHPENDRA SAROJ,Uttar Pradesh,KAUSHAMBI(SC),Installing hand pumps,50800.0,False,658.0,45.2
WS/MP18225/2025-2026/150490,PUSHPENDRA SAROJ,Uttar Pradesh,KAUSHAMBI(SC),Installing hand pumps,50800.0,False,658.0,45.2
WS/MP18225/2025-2026/150491,PUSHPENDRA SAROJ,Uttar Pradesh,KAUSHAMBI(SC),Installing hand pumps,50800.0,False,658.0,45.2
WS/MP18225/2025-2026/150472,PUSHPENDRA SAROJ,Uttar Pradesh,KAUSHAMBI(SC),Installing hand pumps,50781.0,False,658.0,45.2
WS/MP18225/2025-2026/150473,PUSHPENDRA SAROJ,Uttar Pradesh,KAUSHAMBI(SC),Installing hand pumps,50781.0,False,658.0,45.2
WS/MP18225/2025-2026/150477,PUSHPENDRA SAROJ,Uttar Pradesh,KAUSHAMBI(SC),Installing hand pumps,50781.0,False,658.0,45.2
WS/MP18225/2025-2026/150478,PUSHPENDRA SAROJ,Uttar Pradesh,KAUSHAMBI(SC),Installing hand pumps,50781.0,False,658.0,45.2
WS/MP18225/2025-2026/150475,PUSHPENDRA SAROJ,Uttar Pradesh,KAUSHAMBI(SC),Installing hand pumps,50800.0,False,658.0,45.2
WS/MP18225/2025-2026/150474,PUSHPENDRA SAROJ,Uttar Pradesh,KAUSHAMBI(SC),Installing hand pumps,50800.0,False,658.0,45.2
WS/MP18225/2025-2026/150442,PUSHPENDRA SAROJ,Uttar Pradesh,KAUSHAMBI(SC),Installing hand pumps,50800.0,False,658.0,45.2
WS/MP18225/2025-2026/150467,PUSHPENDRA SAROJ,Uttar Pradesh,KAUSHAMBI(SC),Installing hand pumps,50800.0,False,658.0,45.2
WS/MP18225/2025-2026/150480,PUSHPENDRA SAROJ,Uttar Pradesh,KAUSHAMBI(SC),Installing hand pumps,50781.0,False,658.0,45.2
WS/MP334/2024-2025/139128,Shri Chandra Prakash Choudhary,Jharkhand,GIRIDIH,Street lights,22000.0,True,677.0,45.2
WS/MP334/2024-2025/139126,Shri Chandra Prakash Choudhary,Jharkhand,GIRIDIH,Street lights,22000.0,True,677.0,45.2
WS/MP334/2024-2025/139124,Shri Chandra Prakash Choudhary,Jharkhand,GIRIDIH,Street lights,22000.0,True,677.0,45.2
WS/MP18225/2025-2026/150479,PUSHPENDRA SAROJ,Uttar Pradesh,KAUSHAMBI(SC),Installing hand pumps,50781.0,False,658.0,45.2
WS/MP18225/2025-2026/150476,PUSHPENDRA SAROJ,Uttar Pradesh,KAUSHAMBI(SC),Installing hand pumps,50781.0,False,658.0,45.2
WS/MP334/2024-2025/139130,Shri Chandra Prakash Choudhary,Jharkhand,GIRIDIH,Street lights,22000.0,True,677.0,45.2
WS/MP18225/2025-2026/150481,PUSHPENDRA SAROJ,Uttar Pradesh,KAUSHAMBI(SC),Installing hand pumps,50781.0,False,658.0,45.2
WS/MP18225/2025-2026/150482,PUSHPENDRA SAROJ,Uttar Pradesh,KAUSHAMBI(SC),Installing hand pumps,50800.0,False,658.0,45.2
WS/MP334/2024-2025/139125,Shri Chandra Prakash Choudhary,Jharkhand,GIRIDIH,Street lights,22000.0,True,677.0,45.2
WS/MP334/2024-2025/139127,Shri Chandra Prakash Choudhary,Jharkhand,GIRIDIH,Street lights,22000.0,True,677.0,45.2
WS/MP334/2024-2025/139129,Shri Chandra Prakash Choudhary,Jharkhand,GIRIDIH,Street lights,22000.0,True,677.0,45.2
WS/MP18225/2025-2026/150488,PUSHPENDRA SAROJ,Uttar Pradesh,KAUSHAMBI(SC),Installing hand pumps,50781.0,False,658.0,45.2
WS/MP18225/2025-2026/150489,PUSHPENDRA SAROJ,Uttar Pradesh,KAUSHAMBI(SC),Installing hand pumps,50781.0,False,658.0,45.2
WS/MP18225/2025-2026/150495,PUSHPENDRA SAROJ,Uttar Pradesh,KAUSHAMBI(SC),Installing hand pumps,50781.0,False,658.0,45.2
WS/MP18225/2025-2026/150522,PUSHPENDRA SAROJ,Uttar Pradesh,KAUSHAMBI(SC),Installing hand pumps,50781.0,False,658.0,45.2
WS/MP18225/2025-2026/150511,PUSHPENDRA SAROJ,Uttar Pradesh,KAUSHAMBI(SC),Installing hand pumps,50781.0,False,658.0,45.2
WS/MP18225/2025-2026/150510,PUSHPENDRA SAROJ,Uttar Pradesh,KAUSHAMBI(SC),Installing hand pumps,50800.0,False,658.0,45.2
WS/MP18225/2025-2026/150523,PUSHPENDRA SAROJ,Uttar Pradesh,KAUSHAMBI(SC),Installing hand pumps,50781.0,False,658.0,45.2
WS/MP18225/2025-2026/150486,PUSHPENDRA SAROJ,Uttar Pradesh,KAUSHAMBI(SC),Installing hand pumps,50800.0,False,658.0,45.2
WS/MP18225/2025-2026/150484,PUSHPENDRA SAROJ,Uttar Pradesh,KAUSHAMBI(SC),Installing hand pumps,50781.0,False,658.0,45.2
WS/MP18225/2025-2026/150483,PUSHPENDRA SAROJ,Uttar Pradesh,KAUSHAMBI(SC),Installing hand pumps,50800.0,False,658.0,45.2
WS/MP18225/2025-2026/150527,PUSHPENDRA SAROJ,Uttar Pradesh,KAUSHAMBI(SC),Installing hand pumps,50781.0,False,658.0,45.2
WS/MP18225/2025-2026/150526,PUSHPENDRA SAROJ,Uttar Pradesh,KAUSHAMBI(SC),Installing hand pumps,50781.0,False,658.0,45.2
WS/MP334/2024-2025/139116,Shri Chandra Prakash Choudhary,Jharkhand,GIRIDIH,Street lights,22000.0,True,677.0,45.2
WS/MP334/2024-2025/139117,Shri Chandra Prakash Choudhary,Jharkhand,GIRIDIH,Street lights,22000.0,True,677.0,45.2
WS/MP334/2024-2025/139121,Shri Chandra Prakash Choudhary,Jharkhand,GIRIDIH,Street lights,22000.0,True,677.0,45.2
WS/MP334/2024-2025/139118,Shri Chandra Prakash Choudhary,Jharkhand,GIRIDIH,Street lights,22000.0,True,677.0,45.2
WS/MP334/2024-2025/139122,Shri Chandra Prakash Choudhary,Jharkhand,GIRIDIH,Street lights,22000.0,True,677.0,45.2
WS/MP18225/2025-2026/150524,PUSHPENDRA SAROJ,Uttar Pradesh,KAUSHAMBI(SC),Installing hand pumps,50781.0,False,658.0,45.2
WS/MP18225/2025-2026/150525,PUSHPENDRA SAROJ,Uttar Pradesh,KAUSHAMBI(SC),Installing hand pumps,50800.0,False,658.0,45.2
WS/MP18225/2025-2026/150528,PUSHPENDRA SAROJ,Uttar Pradesh,KAUSHAMBI(SC),Installing hand pumps,50781.0,False,658.0,45.2
WS/MP18225/2025-2026/150487,PUSHPENDRA SAROJ,Uttar Pradesh,KAUSHAMBI(SC),Installing hand pumps,50781.0,False,658.0,45.2
WS/MP334/2024-2025/139164,Shri Chandra Prakash Choudhary,Jharkhand,GIRIDIH,Street lights,22000.0,True,677.0,45.2
WS/MP18225/2025-2026/150834,PUSHPENDRA SAROJ,Uttar Pradesh,KAUSHAMBI(SC),Installing hand pumps,50800.0,False,655.0,45.2
WS/MP18225/2025-2026/150833,PUSHPENDRA SAROJ,Uttar Pradesh,KAUSHAMBI(SC),Installing hand pumps,50781.0,False,655.0,45.2
WS/MP18225/2025-2026/150832,PUSHPENDRA SAROJ,Uttar Pradesh,KAUSHAMBI(SC),Installing hand pumps,50800.0,False,655.0,45.2
WS/MP18225/2025-2026/150512,PUSHPENDRA SAROJ,Uttar Pradesh,KAUSHAMBI(SC),Installing hand pumps,50800.0,False,658.0,45.2
WS/MP18225/2025-2026/150831,PUSHPENDRA SAROJ,Uttar Pradesh,KAUSHAMBI(SC),Installing hand pumps,50781.0,False,655.0,45.2
WS/MP18225/2025-2026/150830,PUSHPENDRA SAROJ,Uttar Pradesh,KAUSHAMBI(SC),Installing hand pumps,50800.0,False,655.0,45.2
WS/MP334/2024-2025/139115,Shri Chandra Prakash Choudhary,Jharkhand,GIRIDIH,Street lights,22000.0,True,677.0,45.2
WS/MP18225/2025-2026/151098,PUSHPENDRA SAROJ,Uttar Pradesh,KAUSHAMBI(SC),Installing hand pumps,50800.0,False,655.0,45.2
WS/MP18225/2025-2026/151096,PUSHPENDRA SAROJ,Uttar Pradesh,KAUSHAMBI(SC),Installing hand pumps,50800.0,False,655.0,45.2
WS/MP18225/2025-2026/151086,PUSHPENDRA SAROJ,Uttar Pradesh,KAUSHAMBI(SC),Installing hand pumps,50781.0,False,655.0,45.2
WS/MP18225/2025-2026/151084,PUSHPENDRA SAROJ,Uttar Pradesh,KAUSHAMBI(SC),Installing hand pumps,50781.0,False,655.0,45.2
WS/MP18225/2025-2026/151082,PUSHPENDRA SAROJ,Uttar Pradesh,KAUSHAMBI(SC),Installing hand pumps,50800.0,False,655.0,45.2
WS/MP18225/2025-2026/151079,PUSHPENDRA SAROJ,Uttar Pradesh,KAUSHAMBI(SC),Installing hand pumps,50800.0,False,655.0,45.2
WS/MP334/2024-2025/139182,Shri Chandra Prakash Choudhary,Jharkhand,GIRIDIH,Street lights,22000.0,True,677.0,45.2
WS/MP334/2024-2025/139181,Shri Chandra Prakash Choudhary,Jharkhand,GIRIDIH,Street lights,22000.0,True,677.0,45.2
WS/MP334/2024-2025/139180,Shri Chandra Prakash Choudhary,Jharkhand,GIRIDIH,Street lights,22000.0,True,677.0,45.2
WS/MP334/2024-2025/139168,Shri Chandra Prakash Choudhary,Jharkhand,GIRIDIH,Street lights,22000.0,True,677.0,45.2
WS/MP334/2024-2025/139167,Shri Chandra Prakash Choudhary,Jharkhand,GIRIDIH,Street lights,22000.0,True,677.0,45.2
WS/MP334/2024-2025/139166,Shri Chandra Prakash Choudhary,Jharkhand,GIRIDIH,Street lights,22000.0,True,677.0,45.2
WS/MP334/2024-2025/139123,Shri Chandra Prakash Choudhary,Jharkhand,GIRIDIH,Street lights,22000.0,True,677.0,45.2
WS/MP18225/2025-2026/150448,PUSHPENDRA SAROJ,Uttar Pradesh,KAUSHAMBI(SC),Installing hand pumps,50781.0,False,658.0,45.2
WS/MP18225/2025-2026/150452,PUSHPENDRA SAROJ,Uttar Pradesh,KAUSHAMBI(SC),Installing hand pumps,50800.0,False,658.0,45.2
WS/MP18225/2025-2026/150453,PUSHPENDRA SAROJ,Uttar Pradesh,KAUSHAMBI(SC),Installing hand pumps,50800.0,False,658.0,45.2
WS/MP334/2024-2025/139138,Shri Chandra Prakash Choudhary,Jharkhand,GIRIDIH,Street lights,22000.0,True,677.0,45.2
WS/MP334/2024-2025/139139,Shri Chandra Prakash Choudhary,Jharkhand,GIRIDIH,Street lights,22000.0,True,677.0,45.2
WS/MP18225/2025-2026/150550,PUSHPENDRA SAROJ,Uttar Pradesh,KAUSHAMBI(SC),Installing hand pumps,50800.0,False,658.0,45.2
WS/MP18225/2025-2026/150551,PUSHPENDRA SAROJ,Uttar Pradesh,KAUSHAMBI(SC),Installing hand pumps,50800.0,False,658.0,45.2
WS/MP18225/2025-2026/150552,PUSHPENDRA SAROJ,Uttar Pradesh,KAUSHAMBI(SC),Installing hand pumps,50800.0,False,658.0,45.2
WS/MP18225/2025-2026/150553,PUSHPENDRA SAROJ,Uttar Pradesh,KAUSHAMBI(SC),Installing hand pumps,50781.0,False,658.0,45.2
WS/MP334/2024-2025/139107,Shri Chandra Prakash Choudhary,Jharkhand,GIRIDIH,Street lights,22000.0,True,677.0,45.2
WS/MP18225/2025-2026/150820,PUSHPENDRA SAROJ,Uttar Pradesh,KAUSHAMBI(SC),Installing hand pumps,50781.0,False,655.0,45.2
WS/MP18225/2025-2026/150821,PUSHPENDRA SAROJ,Uttar Pradesh,KAUSHAMBI(SC),Installing hand pumps,50781.0,False,655.0,45.2
WS/MP18225/2025-2026/150823,PUSHPENDRA SAROJ,Uttar Pradesh,KAUSHAMBI(SC),Installing hand pumps,50800.0,False,655.0,45.2
WS/MP18225/2025-2026/150824,PUSHPENDRA SAROJ,Uttar Pradesh,KAUSHAMBI(SC),Installing hand pumps,50781.0,False,655.0,45.2
WS/MP18225/2025-2026/150827,PUSHPENDRA SAROJ,Uttar Pradesh,KAUSHAMBI(SC),Installing hand pumps,50781.0,False,655.0,45.2
WS/MP18225/2025-2026/150828,PUSHPENDRA SAROJ,Uttar Pradesh,KAUSHAMBI(SC),Installing hand pumps,50800.0,False,655.0,45.2
WS/MP18225/2025-2026/150829,PUSHPENDRA SAROJ,Uttar Pradesh,KAUSHAMBI(SC),Installing hand pumps,50781.0,False,655.0,45.2
WS/MP18225/2025-2026/150554,PUSHPENDRA SAROJ,Uttar Pradesh,KAUSHAMBI(SC),Installing hand pumps,50800.0,False,658.0,45.2
WS/MP18225/2025-2026/150555,PUSHPENDRA SAROJ,Uttar Pradesh,KAUSHAMBI(SC),Installing hand pumps,50800.0,False,658.0,45.2
WS/MP18225/2025-2026/150557,PUSHPENDRA SAROJ,Uttar Pradesh,KAUSHAMBI(SC),Installing hand pumps,50800.0,False,658.0,45.2
WS/MP18225/2025-2026/150559,PUSHPENDRA SAROJ,Uttar Pradesh,KAUSHAMBI(SC),Installing hand pumps,50781.0,False,658.0,45.2
WS/MP334/2024-2025/139165,Shri Chandra Prakash Choudhary,Jharkhand,GIRIDIH,Street lights,22000.0,True,677.0,45.2
WS/MP18225/2025-2026/150492,PUSHPENDRA SAROJ,Uttar Pradesh,KAUSHAMBI(SC),Installing hand pumps,50800.0,False,658.0,45.2
WS/MP18225/2025-2026/150493,PUSHPENDRA SAROJ,Uttar Pradesh,KAUSHAMBI(SC),Installing hand pumps,50800.0,False,658.0,45.2
WS/MP18225/2025-2026/150514,PUSHPENDRA SAROJ,Uttar Pradesh,KAUSHAMBI(SC),Installing hand pumps,50781.0,False,658.0,45.2
WS/MP18225/2025-2026/150494,PUSHPENDRA SAROJ,Uttar Pradesh,KAUSHAMBI(SC),Installing hand pumps,50781.0,False,658.0,45.2
WS/MP18225/2025-2026/150534,PUSHPENDRA SAROJ,Uttar Pradesh,KAUSHAMBI(SC),Installing hand pumps,50781.0,False,658.0,45.2
WS/MP18225/2025-2026/150535,PUSHPENDRA SAROJ,Uttar Pradesh,KAUSHAMBI(SC),Installing hand pumps,50781.0,False,658.0,45.2
WS/MP18225/2025-2026/150517,PUSHPENDRA SAROJ,Uttar Pradesh,KAUSHAMBI(SC),Installing hand pumps,50781.0,False,658.0,45.2
WS/MP18225/2025-2026/150513,PUSHPENDRA SAROJ,Uttar Pradesh,KAUSHAMBI(SC),Installing hand pumps,50800.0,False,658.0,45.2
WS/MP18225/2025-2026/150519,PUSHPENDRA SAROJ,Uttar Pradesh,KAUSHAMBI(SC),Installing hand pumps,50800.0,False,658.0,45.2
WS/MP18225/2025-2026/150518,PUSHPENDRA SAROJ,Uttar Pradesh,KAUSHAMBI(SC),Installing hand pumps,50800.0,False,658.0,45.2
WS/MP334/2024-2025/139114,Shri Chandra Prakash Choudhary,Jharkhand,GIRIDIH,Street lights,22000.0,True,677.0,45.2
WS/MP18225/2025-2026/150835,PUSHPENDRA SAROJ,Uttar Pradesh,KAUSHAMBI(SC),Installing hand pumps,50800.0,False,655.0,45.2
WS/MP18225/2025-2026/150520,PUSHPENDRA SAROJ,Uttar Pradesh,KAUSHAMBI(SC),Installing hand pumps,50800.0,False,658.0,45.2
WS/MP18225/2025-2026/150536,PUSHPENDRA SAROJ,Uttar Pradesh,KAUSHAMBI(SC),Installing hand pumps,50800.0,False,658.0,45.2
WS/MP18225/2025-2026/150537,PUSHPENDRA SAROJ,Uttar Pradesh,KAUSHAMBI(SC),Installing hand pumps,50781.0,False,658.0,45.2
WS/MP18225/2025-2026/150538,PUSHPENDRA SAROJ,Uttar Pradesh,KAUSHAMBI(SC),Installing hand pumps,50800.0,False,658.0,45.2
WS/MP18225/2025-2026/150817,PUSHPENDRA SAROJ,Uttar Pradesh,KAUSHAMBI(SC),Installing hand pumps,50781.0,False,655.0,45.2
WS/MP18225/2025-2026/150818,PUSHPENDRA SAROJ,Uttar Pradesh,KAUSHAMBI(SC),Installing hand pumps,50800.0,False,655.0,45.2
WS/MP18225/2025-2026/150819,PUSHPENDRA SAROJ,Uttar Pradesh,KAUSHAMBI(SC),Installing hand pumps,50781.0,False,655.0,45.2
WS/MP334/2024-2025/139140,Shri Chandra Prakash Choudhary,Jharkhand,GIRIDIH,Street lights,22000.0,True,677.0,45.2
WS/MP334/2024-2025/139141,Shri Chandra Prakash Choudhary,Jharkhand,GIRIDIH,Street lights,22000.0,True,677.0,45.2
WS/MP334/2024-2025/139142,Shri Chandra Prakash Choudhary,Jharkhand,GIRIDIH,Street lights,22000.0,True,677.0,45.2
WS/MP334/2024-2025/139160,Shri Chandra Prakash Choudhary,Jharkhand,GIRIDIH,Street lights,22000.0,True,677.0,45.2
WS/MP334/2024-2025/139161,Shri Chandra Prakash Choudhary,Jharkhand,GIRIDIH,Street lights,22000.0,True,677.0,45.2
WS/MP334/2024-2025/139162,Shri Chandra Prakash Choudhary,Jharkhand,GIRIDIH,Street lights,22000.0,True,677.0,45.2
WS/MP334/2024-2025/139163,Shri Chandra Prakash Choudhary,Jharkhand,GIRIDIH,Street lights,22000.0,True,677.0,45.2
WS/MP18225/2025-2026/150542,PUSHPENDRA SAROJ,Uttar Pradesh,KAUSHAMBI(SC),Installing hand pumps,50800.0,False,658.0,45.2
WS/MP18225/2025-2026/150543,PUSHPENDRA SAROJ,Uttar Pradesh,KAUSHAMBI(SC),Installing hand pumps,50800.0,False,658.0,45.2
WS/MP334/2024-2025/139109,Shri Chandra Prakash Choudhary,Jharkhand,GIRIDIH,Street lights,22000.0,True,677.0,45.2
WS/MP334/2024-2025/139108,Shri Chandra Prakash Choudhary,Jharkhand,GIRIDIH,Street lights,22000.0,True,677.0,45.2
WS/MP18225/2025-2026/150836,PUSHPENDRA SAROJ,Uttar Pradesh,KAUSHAMBI(SC),Installing hand pumps,50800.0,False,655.0,45.2
WS/MP18225/2025-2026/150540,PUSHPENDRA SAROJ,Uttar Pradesh,KAUSHAMBI(SC),Installing hand pumps,50800.0,False,658.0,45.2
WS/MP18225/2025-2026/150539,PUSHPENDRA SAROJ,Uttar Pradesh,KAUSHAMBI(SC),Installing hand pumps,50800.0,False,658.0,45.2
WS/MP18225/2025-2026/150837,PUSHPENDRA SAROJ,Uttar Pradesh,KAUSHAMBI(SC),Installing hand pumps,50800.0,False,655.0,45.2
WS/MP18225/2025-2026/150529,PUSHPENDRA SAROJ,Uttar Pradesh,KAUSHAMBI(SC),Installing hand pumps,50781.0,False,658.0,45.2
WS/MP18225/2025-2026/150541,PUSHPENDRA SAROJ,Uttar Pradesh,KAUSHAMBI(SC),Installing hand pumps,50800.0,False,658.0,45.2
WS/MP18225/2025-2026/150544,PUSHPENDRA SAROJ,Uttar Pradesh,KAUSHAMBI(SC),Installing hand pumps,50800.0,False,658.0,45.2
WS/MP18225/2025-2026/150549,PUSHPENDRA SAROJ,Uttar Pradesh,KAUSHAMBI(SC),Installing hand pumps,50781.0,False,658.0,45.2
WS/MP18225/2025-2026/150533,PUSHPENDRA SAROJ,Uttar Pradesh,KAUSHAMBI(SC),Installing hand pumps,50781.0,False,658.0,45.2
WS/MP18225/2025-2026/150532,PUSHPENDRA SAROJ,Uttar Pradesh,KAUSHAMBI(SC),Installing hand pumps,50781.0,False,658.0,45.2
WS/MP18225/2025-2026/150531,PUSHPENDRA SAROJ,Uttar Pradesh,KAUSHAMBI(SC),Installing hand pumps,50781.0,False,658.0,45.2
WS/MP18225/2025-2026/150530,PUSHPENDRA SAROJ,Uttar Pradesh,KAUSHAMBI(SC),Installing hand pumps,50781.0,False,658.0,45.2
WS/MP18225/2025-2026/150459,PUSHPENDRA SAROJ,Uttar Pradesh,KAUSHAMBI(SC),Installing hand pumps,50800.0,False,658.0,45.2
WS/MP18225/2025-2026/150460,PUSHPENDRA SAROJ,Uttar Pradesh,KAUSHAMBI(SC),Installing hand pumps,50800.0,False,658.0,45.2
WS/MP18225/2025-2026/150461,PUSHPENDRA SAROJ,Uttar Pradesh,KAUSHAMBI(SC),Installing hand pumps,50781.0,False,658.0,45.2
WS/MP18225/2025-2026/150454,PUSHPENDRA SAROJ,Uttar Pradesh,KAUSHAMBI(SC),Installing hand pumps,50781.0,False,658.0,45.2
WS/MP18225/2025-2026/150462,PUSHPENDRA SAROJ,Uttar Pradesh,KAUSHAMBI(SC),Installing hand pumps,50781.0,False,658.0,45.2
WS/MP18225/2025-2026/150445,PUSHPENDRA SAROJ,Uttar Pradesh,KAUSHAMBI(SC),Installing hand pumps,50800.0,False,658.0,45.2
WS/MP18225/2025-2026/150465,PUSHPENDRA SAROJ,Uttar Pradesh,KAUSHAMBI(SC),Installing hand pumps,50800.0,False,658.0,45.2
WS/MP18225/2025-2026/150464,PUSHPENDRA SAROJ,Uttar Pradesh,KAUSHAMBI(SC),Installing hand pumps,50800.0,False,658.0,45.2
WS/MP18225/2025-2026/150444,PUSHPENDRA SAROJ,Uttar Pradesh,KAUSHAMBI(SC),Installing hand pumps,50800.0,False,658.0,45.2
WS/MP18225/2025-2026/150455,PUSHPENDRA SAROJ,Uttar Pradesh,KAUSHAMBI(SC),Installing hand pumps,50781.0,False,658.0,45.2
WS/MP18225/2025-2026/150456,PUSHPENDRA SAROJ,Uttar Pradesh,KAUSHAMBI(SC),Installing hand pumps,50781.0,False,658.0,45.2
WS/MP18225/2025-2026/150443,PUSHPENDRA SAROJ,Uttar Pradesh,KAUSHAMBI(SC),Installing hand pumps,50781.0,False,658.0,45.2
WS/MP18225/2025-2026/150435,PUSHPENDRA SAROJ,Uttar Pradesh,KAUSHAMBI(SC),Installing hand pumps,50781.0,False,658.0,45.2
WS/MP18225/2025-2026/150438,PUSHPENDRA SAROJ,Uttar Pradesh,KAUSHAMBI(SC),Installing hand pumps,50800.0,False,658.0,45.2
WS/MP18225/2025-2026/150437,PUSHPENDRA SAROJ,Uttar Pradesh,KAUSHAMBI(SC),Installing hand pumps,50781.0,False,658.0,45.2
WS/MP18225/2025-2026/150436,PUSHPENDRA SAROJ,Uttar Pradesh,KAUSHAMBI(SC),Installing hand pumps,50781.0,False,658.0,45.2
WS/MP18225/2025-2026/150446,PUSHPENDRA SAROJ,Uttar Pradesh,KAUSHAMBI(SC),Installing hand pumps,50800.0,False,658.0,45.2
WS/MP18225/2025-2026/150447,PUSHPENDRA SAROJ,Uttar Pradesh,KAUSHAMBI(SC),Installing hand pumps,50800.0,False,658.0,45.2
WS/MP18225/2025-2026/150466,PUSHPENDRA SAROJ,Uttar Pradesh,KAUSHAMBI(SC),Installing hand pumps,50781.0,False,658.0,45.2
WS/MP18225/2025-2026/150564,PUSHPENDRA SAROJ,Uttar Pradesh,KAUSHAMBI(SC),Installing hand pumps,50800.0,False,658.0,45.2
WS/MP18225/2025-2026/150463,PUSHPENDRA SAROJ,Uttar Pradesh,KAUSHAMBI(SC),Installing hand pumps,50781.0,False,658.0,45.2
WS/MP18225/2025-2026/150558,PUSHPENDRA SAROJ,Uttar Pradesh,KAUSHAMBI(SC),Installing hand pumps,50800.0,False,658.0,45.2
WS/MP18225/2025-2026/150560,PUSHPENDRA SAROJ,Uttar Pradesh,KAUSHAMBI(SC),Installing hand pumps,50781.0,False,658.0,45.2
WS/MP18225/2025-2026/150561,PUSHPENDRA SAROJ,Uttar Pradesh,KAUSHAMBI(SC),Installing hand pumps,50800.0,False,658.0,45.2
WS/MP18209/2025-2026/145439,CHANDAN CHAUHAN,Uttar Pradesh,BIJNOR,Construction of community centers and community halls,900000.0,True,208.0,45.2
WS/MP18225/2025-2026/150563,PUSHPENDRA SAROJ,Uttar Pradesh,KAUSHAMBI(SC),Installing hand pumps,50781.0,False,658.0,45.2
WS/MP18225/2025-2026/150546,PUSHPENDRA SAROJ,Uttar Pradesh,KAUSHAMBI(SC),Installing hand pumps,50800.0,False,658.0,45.2
WS/MP18225/2025-2026/150545,PUSHPENDRA SAROJ,Uttar Pradesh,KAUSHAMBI(SC),Installing hand pumps,50800.0,False,658.0,45.2
WS/MP18225/2025-2026/150547,PUSHPENDRA SAROJ,Uttar Pradesh,KAUSHAMBI(SC),Installing hand pumps,50800.0,False,658.0,45.2
WS/MP18308/2025-2026/145119,RAVINDRA DATTARAM WAIKAR,Maharashtra,MUMBAI NORTH WEST,Construction of buildings for community cultural activities,1500000.0,True,151.0,45.1
WS/MP18024/2025-2026/148258,GAURAV GOGOI,Assam,JORHAT,Construction of boundary walls of existing public and community buildings,200000.0,True,508.0,44.8
WS/MP18311/2024-2025/153723,MALVINDER SINGH KANG,Punjab,ANANDPUR SAHIB,"Construction of roads, link roads, pathways or any other road with or without drainage system",150000.0,False,601.0,44.8
WS/MP18024/2025-2026/148259,GAURAV GOGOI,Assam,JORHAT,Construction of boundary walls of existing public and community buildings,200000.0,True,508.0,44.8
WS/MP18024/2025-2026/148262,GAURAV GOGOI,Assam,JORHAT,Construction of boundary walls of existing public and community buildings,200000.0,True,508.0,44.8
WS/MP18019/2025-2026/154333,AMARSING TISSO,Assam,Diphu (ST),Creation of new ponds,200000.0,False,638.0,44.7
WS/MP18019/2025-2026/154335,AMARSING TISSO,Assam,Diphu (ST),Creation of new ponds,200000.0,False,638.0,44.7
WS/MP18019/2025-2026/154329,AMARSING TISSO,Assam,Diphu (ST),Creation of new ponds,200000.0,False,638.0,44.7
WS/MP18019/2025-2026/154328,AMARSING TISSO,Assam,Diphu (ST),Creation of new ponds,200000.0,False,638.0,44.7
WS/MP18024/2025-2026/148257,GAURAV GOGOI,Assam,JORHAT,Crematoriums/energy efficient crematoriums or structures on burial/cremation ground,200000.0,True,508.0,44.7
WS/MP641/2024-2025/147442,Gajendra Singh Patel,Madhya Pradesh,KHARGONE(ST),Construction of community centers and community halls,1000000.0,True,611.0,44.5
WS/MP18076/2026-2027/146587,DR C N MANJUNATH,Karnataka,BANGALORE RURAL,Construction of community centers and community halls,500000.0,True,4.0,44.3
WS/MP600/2024-2025/148197,Jitendra Singh,Jammu And Kashmir,UDHAMPUR,Construction of public toilets and bathrooms,172000.0,True,605.0,44.3
WS/MP600/2024-2025/148213,Jitendra Singh,Jammu And Kashmir,UDHAMPUR,"Construction of roads, link roads, pathways or any other road with or without drainage system",200000.0,True,605.0,43.8
WS/MP716/2024-2025/141305,Smt Harsimrat Kaur Badal,Punjab,BHATINDA,Fitting of Sitting RCC Benches in Public Places,78000.0,True,608.0,43.8
WS/MP18321/2024-2025/145742,SHOBHANABEN MAHENDRASINH BARAIYA,Gujarat,SABARKANTHA,Construction of public libraries and reading rooms,500000.0,True,559.0,43.5
WS/MP18219/2025-2026/143773,AJENDRA SINGH LODHI,Uttar Pradesh,HAMIRPUR_UP,Construction of common work sheds/ common covered sitting area,700000.0,True,439.0,43.5
WS/MP18219/2025-2026/143334,AJENDRA SINGH LODHI,Uttar Pradesh,HAMIRPUR_UP,Construction of common work sheds/ common covered sitting area,700000.0,True,439.0,43.5
WS/MP18219/2025-2026/143333,AJENDRA SINGH LODHI,Uttar Pradesh,HAMIRPUR_UP,Construction of common work sheds/ common covered sitting area,700000.0,True,439.0,43.5
WS/MP345/2024-2025/135013,Shri NK Premachandran,Kerala,KOLLAM,Construction of buildings for community cultural activities,2500000.0,True,528.0,43.5
WS/MP18219/2025-2026/143338,AJENDRA SINGH LODHI,Uttar Pradesh,HAMIRPUR_UP,Construction of common work sheds/ common covered sitting area,700000.0,True,439.0,43.5
WS/MP18219/2025-2026/143775,AJENDRA SINGH LODHI,Uttar Pradesh,HAMIRPUR_UP,Construction of common work sheds/ common covered sitting area,700000.0,True,439.0,43.5
WS/MP18219/2025-2026/143337,AJENDRA SINGH LODHI,Uttar Pradesh,HAMIRPUR_UP,Construction of common work sheds/ common covered sitting area,700000.0,True,439.0,43.5
WS/MP18219/2025-2026/143774,AJENDRA SINGH LODHI,Uttar Pradesh,HAMIRPUR_UP,Construction of common work sheds/ common covered sitting area,700000.0,True,439.0,43.5
WS/MP18219/2025-2026/143341,AJENDRA SINGH LODHI,Uttar Pradesh,HAMIRPUR_UP,Construction of common work sheds/ common covered sitting area,700000.0,True,439.0,43.5
WS/MP18219/2025-2026/143342,AJENDRA SINGH LODHI,Uttar Pradesh,HAMIRPUR_UP,Construction of common work sheds/ common covered sitting area,700000.0,True,439.0,43.5
WS/MP18219/2025-2026/143776,AJENDRA SINGH LODHI,Uttar Pradesh,HAMIRPUR_UP,Construction of common work sheds/ common covered sitting area,700000.0,True,439.0,43.5
WS/MP18219/2025-2026/143336,AJENDRA SINGH LODHI,Uttar Pradesh,HAMIRPUR_UP,Construction of common work sheds/ common covered sitting area,700000.0,True,439.0,43.5
WS/MP18219/2025-2026/143335,AJENDRA SINGH LODHI,Uttar Pradesh,HAMIRPUR_UP,Construction of common work sheds/ common covered sitting area,700000.0,True,439.0,43.5
WS/MP18219/2025-2026/143331,AJENDRA SINGH LODHI,Uttar Pradesh,HAMIRPUR_UP,Construction of common work sheds/ common covered sitting area,700000.0,True,439.0,43.5
WS/MP18219/2025-2026/143332,AJENDRA SINGH LODHI,Uttar Pradesh,HAMIRPUR_UP,Construction of common work sheds/ common covered sitting area,700000.0,True,439.0,43.5
WS/MP664/2026-2027/146582,Arvind Ganpat Sawant,Maharashtra,MUMBAI SOUTH,Providing supply pipelines for drinking water,2000000.0,True,97.0,43.5
WS/MP18219/2025-2026/143339,AJENDRA SINGH LODHI,Uttar Pradesh,HAMIRPUR_UP,Construction of common work sheds/ common covered sitting area,700000.0,True,439.0,43.4
WS/MP600/2024-2025/148232,Jitendra Singh,Jammu And Kashmir,UDHAMPUR,"Construction of roads, link roads, pathways or any other road with or without drainage system",169000.0,True,605.0,43.4
WS/MP18126/2025-2026/136436,ADV GOWAAL KAGADA PADAVI,Maharashtra,NANDURBAR(ST),Construction of bus-sheds or bus-stops,1199000.0,True,367.0,43.4
WS/MP18062/2024-2025/154016,JAI PARKASH,Haryana,HISAR,Installation of multi-gym equipment,344500.0,False,639.0,43.3
WS/MP664/2025-2026/146328,Arvind Ganpat Sawant,Maharashtra,MUMBAI SOUTH,Providing supply pipelines for drinking water,1196940.0,True,340.0,43.3
WS/MP641/2024-2025/147414,Gajendra Singh Patel,Madhya Pradesh,KHARGONE(ST),Construction of community centers and community halls,500000.0,True,640.0,43.2
WS/MP18062/2024-2025/154029,JAI PARKASH,Haryana,HISAR,Installation of multi-gym equipment,299226.0,False,639.0,43.2
WS/MP18172/2024-2025/149118,MANNA LAL RAWAT,Rajasthan,UDAIPUR(ST),Construction of rainwater harvesting structures,1498000.0,False,669.0,43.0
WS/MP641/2024-2025/137260,Gajendra Singh Patel,Madhya Pradesh,KHARGONE(ST),Construction of community centers and community halls,2000000.0,True,633.0,43.0
WS/MP18023/2025-2026/143885,BIJULI KALITA MEDHI,Assam,GUWAHATI,Construction of buildings for community cultural activities,500000.0,True,374.0,43.0
WS/MP18019/2025-2026/154327,AMARSING TISSO,Assam,Diphu (ST),Construction of public staircase/ stair ghat for public convenience,800000.0,False,638.0,42.9
WS/MP792/2024-2025/136736,Jai Prakash,Uttar Pradesh,HARDOI (SC),Lighting of public spaces,6520794.0,True,699.0,42.8
WS/MP792/2024-2025/140292,Jai Prakash,Uttar Pradesh,HARDOI (SC),Lighting of public spaces,4022832.0,True,535.0,42.8
,GAURAV GOGOI,Assam,JORHAT,Unknown,200000.0,False,636.0,42.7
WS/MP792/2024-2025/136735,Jai Prakash,Uttar Pradesh,HARDOI (SC),Lighting of public spaces,5580000.0,True,657.0,42.7
,GAURAV GOGOI,Assam,JORHAT,Unknown,200000.0,False,636.0,42.7
,GAURAV GOGOI,Assam,JORHAT,Unknown,200000.0,False,636.0,42.7
,GAURAV GOGOI,Assam,JORHAT,Unknown,200000.0,False,636.0,42.7
WS/MP18062/2025-2026/153853,JAI PARKASH,Haryana,HISAR,Providing supply pipelines for drinking water,205000.0,False,639.0,42.6
WS/MP541/2025-2026/153182,Pradyut Bordoloi,Assam,NOWGONG,Construction of boundary walls of existing public and community buildings,500000.0,False,642.0,42.5
WS/MP458/2026-2027/150074,Kanimozhi Karunanidhi,Tamil Nadu,THOOTHUKKUDI,Construction of water tanks,3000000.0,False,659.0,42.4
,CHANDAN CHAUHAN,Uttar Pradesh,BIJNOR,Unknown,175000.0,False,614.0,42.4
WS/MP18308/2025-2026/146670,RAVINDRA DATTARAM WAIKAR,Maharashtra,MUMBAI NORTH WEST,Providing CCTV camera system for security of public areas,100000.0,True,151.0,42.3
WS/MP18024/2025-2026/154007,GAURAV GOGOI,Assam,JORHAT,Crematoriums/energy efficient crematoriums or structures on burial/cremation ground,200000.0,False,639.0,42.3
WS/MP792/2024-2025/140290,Jai Prakash,Uttar Pradesh,HARDOI (SC),Lighting of public spaces,3959045.0,True,683.0,42.3
WS/MP18049/2024-2025/152170,TOKHAN SAHU,Chhattisgarh,BILASPUR,Construction of buildings for community cultural activities,500000.0,False,648.0,42.2
WS/MP18049/2024-2025/152169,TOKHAN SAHU,Chhattisgarh,BILASPUR,Construction of buildings for community cultural activities,500000.0,False,648.0,42.2
WS/MP18049/2025-2026/152163,TOKHAN SAHU,Chhattisgarh,BILASPUR,Construction of buildings for community cultural activities,500000.0,False,648.0,42.2
WS/MP541/2025-2026/153673,Pradyut Bordoloi,Assam,NOWGONG,"Purchase of IT systems, including hardware and software for educational purposes",1000000.0,False,640.0,42.1
WS/MP541/2025-2026/153183,Pradyut Bordoloi,Assam,NOWGONG,Construction of community centers and community halls,300000.0,False,642.0,41.9
WS/MP541/2025-2026/153187,Pradyut Bordoloi,Assam,NOWGONG,Construction of community centers and community halls,1000000.0,False,642.0,41.8
WS/MP18152/2024-2025/140026,SARABJEET SINGH KHALSA,Punjab,FARIDKOT(SC),Street lights,250000.0,True,551.0,41.4
WS/MP792/2024-2025/154171,Jai Prakash,Uttar Pradesh,HARDOI (SC),"Construction of roads, link roads, pathways or any other road with or without drainage system",1554600.0,False,638.0,41.4
WS/MP541/2024-2025/153178,Pradyut Bordoloi,Assam,NOWGONG,Construction of common work sheds/ common covered sitting area,500000.0,False,642.0,41.4
WS/MP18074/2024-2025/145092,KALI CHARAN MUNDA,Jharkhand,KHUNTI(ST),"Construction of roads, link roads, pathways or any other road with or without drainage system",500000.0,True,514.0,41.4
WS/MP18074/2024-2025/145091,KALI CHARAN MUNDA,Jharkhand,KHUNTI(ST),"Construction of roads, link roads, pathways or any other road with or without drainage system",500000.0,True,514.0,41.4
WS/MP18074/2024-2025/145090,KALI CHARAN MUNDA,Jharkhand,KHUNTI(ST),"Construction of roads, link roads, pathways or any other road with or without drainage system",500000.0,True,514.0,41.4
WS/MP18009/2024-2025/152617,B K PARTHASARATHI,Andhra Pradesh,HINDUPUR,Lighting of public spaces,397179.0,False,646.0,41.3
WS/MP18023/2024-2025/144134,BIJULI KALITA MEDHI,Assam,GUWAHATI,Construction of buildings for community cultural activities,800000.0,True,513.0,41.2
WS/MP600/2024-2025/148196,Jitendra Singh,Jammu And Kashmir,UDHAMPUR,"Construction of roads, link roads, pathways or any other road with or without drainage system",131000.0,True,605.0,41.2
WS/MP18021/2024-2025/143233,RAKIBUL HUSSAIN,Assam,DHUBRI,Construction of community centers and community halls,500000.0,True,582.0,41.2
WS/MP18024/2025-2026/148255,GAURAV GOGOI,Assam,JORHAT,"Construction of roads, link roads, pathways or any other road with or without drainage system",200000.0,True,508.0,41.0
WS/MP18024/2025-2026/148252,GAURAV GOGOI,Assam,JORHAT,"Construction of roads, link roads, pathways or any other road with or without drainage system",200000.0,True,508.0,41.0
WS/MP528/2024-2025/143985,Lavu Sri Krishna Devarayalu,Andhra Pradesh,NARASARAOPET,Improvement of electricity distribution infrastructure,416758.0,True,615.0,41.0
WS/MP755/2026-2027/152826,Thalikkottai Rajuthevar Baalu,Tamil Nadu,SRIPERUMBUDUR,Crematoriums/energy efficient crematoriums or structures on burial/cremation ground,2500000.0,False,645.0,40.9
WS/MP18024/2025-2026/154709,GAURAV GOGOI,Assam,JORHAT,Construction of public libraries and reading rooms,200000.0,False,636.0,40.8
WS/MP541/2025-2026/153672,Pradyut Bordoloi,Assam,NOWGONG,Construction of buildings for community cultural activities,1000000.0,False,640.0,40.8
WS/MP585/2025-2026/143794,Hasmukh Bhai Soma Bhai Patel,Gujarat,AHMEDABAD EAST,"Construction of rooms and facilities for hospitals, FWC , PHC Centers and ANM centers",1000000.0,True,354.0,40.8
WS/MP18328/2025-2026/150847,Kangana Ranaut,Himachal Pradesh,MANDI,Construction of common work sheds/ common covered sitting area,500000.0,False,656.0,40.7
WS/MP18024/2024-2025/148250,GAURAV GOGOI,Assam,JORHAT,Construction of community centers and community halls,200000.0,True,584.0,40.5
WS/MP353/2025-2026/153107,Adv Dean Kuriakose,Kerala,IDUKKI,"Purchase of IT systems, including hardware and software for educational purposes",500000.0,False,642.0,40.5
WS/MP18024/2025-2026/153996,GAURAV GOGOI,Assam,JORHAT,"Construction of roads, link roads, pathways or any other road with or without drainage system",250000.0,False,639.0,40.5
WS/MP18062/2025-2026/154021,JAI PARKASH,Haryana,HISAR,Installing tube-wells and borewells,215000.0,False,639.0,40.4
WS/MP18190/2025-2026/152641,BALRAM NAIK PORIKA,Telangana,MAHABUBABAD,Street lights,350000.0,False,646.0,40.3
WS/MP18190/2025-2026/152668,BALRAM NAIK PORIKA,Telangana,MAHABUBABAD,Street lights,350000.0,False,646.0,40.3
WS/MP18190/2025-2026/152639,BALRAM NAIK PORIKA,Telangana,MAHABUBABAD,Street lights,350000.0,False,646.0,40.3
WS/MP18024/2024-2025/148254,GAURAV GOGOI,Assam,JORHAT,Construction of community centers and community halls,150000.0,True,584.0,40.3
WS/MP18190/2025-2026/152661,BALRAM NAIK PORIKA,Telangana,MAHABUBABAD,Street lights,350000.0,False,646.0,40.3
WS/MP18024/2024-2025/148263,GAURAV GOGOI,Assam,JORHAT,Construction of community centers and community halls,150000.0,True,584.0,40.3
WS/MP18024/2024-2025/148260,GAURAV GOGOI,Assam,JORHAT,Construction of community centers and community halls,150000.0,True,584.0,40.3
WS/MP18062/2024-2025/154014,JAI PARKASH,Haryana,HISAR,Purchase of mobile water tankers,150000.0,False,639.0,40.3
WS/MP18190/2025-2026/152636,BALRAM NAIK PORIKA,Telangana,MAHABUBABAD,Street lights,350000.0,False,646.0,40.3
WS/MP18190/2025-2026/152671,BALRAM NAIK PORIKA,Telangana,MAHABUBABAD,Street lights,350000.0,False,646.0,40.3
WS/MP18062/2024-2025/154020,JAI PARKASH,Haryana,HISAR,Purchase of mobile water tankers,150000.0,False,639.0,40.3
WS/MP18024/2024-2025/148256,GAURAV GOGOI,Assam,JORHAT,Construction of community centers and community halls,150000.0,True,584.0,40.3
WS/MP18190/2025-2026/152666,BALRAM NAIK PORIKA,Telangana,MAHABUBABAD,Street lights,350000.0,False,646.0,40.3
WS/MP18190/2025-2026/152670,BALRAM NAIK PORIKA,Telangana,MAHABUBABAD,Street lights,350000.0,False,646.0,40.3
WS/MP18190/2025-2026/152665,BALRAM NAIK PORIKA,Telangana,MAHABUBABAD,Street lights,350000.0,False,646.0,40.3
WS/MP18190/2025-2026/152662,BALRAM NAIK PORIKA,Telangana,MAHABUBABAD,Street lights,350000.0,False,646.0,40.3
WS/MP18024/2025-2026/154010,GAURAV GOGOI,Assam,JORHAT,"Construction of roads, link roads, pathways or any other road with or without drainage system",200000.0,False,639.0,40.2
WS/MP18074/2024-2025/140231,KALI CHARAN MUNDA,Jharkhand,KHUNTI(ST),"Construction of roads, link roads, pathways or any other road with or without drainage system",700000.0,True,683.0,40.2
WS/MP18024/2025-2026/154012,GAURAV GOGOI,Assam,JORHAT,"Construction of roads, link roads, pathways or any other road with or without drainage system",200000.0,False,639.0,40.2
WS/MP18024/2025-2026/154008,GAURAV GOGOI,Assam,JORHAT,"Construction of roads, link roads, pathways or any other road with or without drainage system",200000.0,False,639.0,40.2
WS/MP18024/2025-2026/154009,GAURAV GOGOI,Assam,JORHAT,"Construction of roads, link roads, pathways or any other road with or without drainage system",200000.0,False,639.0,40.2
WS/MP541/2024-2025/153186,Pradyut Bordoloi,Assam,NOWGONG,Construction of community centers and community halls,500000.0,False,642.0,40.1
WS/MP541/2024-2025/153173,Pradyut Bordoloi,Assam,NOWGONG,Construction of community centers and community halls,500000.0,False,642.0,40.1
WS/MP541/2025-2026/153185,Pradyut Bordoloi,Assam,NOWGONG,Construction of community centers and community halls,500000.0,False,642.0,40.1
WS/MP541/2025-2026/153174,Pradyut Bordoloi,Assam,NOWGONG,Construction of community centers and community halls,500000.0,False,642.0,40.1
WS/MP18172/2025-2026/139543,MANNA LAL RAWAT,Rajasthan,UDAIPUR(ST),Construction of community centers and community halls,1000000.0,True,313.0,40.0
WS/MP18021/2025-2026/146003,RAKIBUL HUSSAIN,Assam,DHUBRI,Construction of rooms and halls in school and colleges,200000.0,True,502.0,40.0
WS/MP719/2025-2026/154853,Bhagirath Chaudhary,Rajasthan,AJMER,Construction of community centers and community halls,499913.0,False,635.0,40.0
WS/MP719/2025-2026/154854,Bhagirath Chaudhary,Rajasthan,AJMER,Construction of community centers and community halls,499472.0,False,635.0,40.0
WS/MP719/2024-2025/154862,Bhagirath Chaudhary,Rajasthan,AJMER,Construction of community centers and community halls,499959.0,False,635.0,40.0
WS/MP541/2025-2026/153177,Pradyut Bordoloi,Assam,NOWGONG,Construction of buildings for community cultural activities,500000.0,False,642.0,39.8
WS/MP18108/2024-2025/154837,DR. LATA WANKHEDE,Madhya Pradesh,SAGAR,"Construction of roads, link roads, pathways or any other road with or without drainage system",500000.0,False,636.0,39.8
WS/MP18023/2024-2025/138485,BIJULI KALITA MEDHI,Assam,GUWAHATI,Construction of community centers and community halls,1200000.0,True,559.0,39.8
WS/MP18021/2024-2025/143255,RAKIBUL HUSSAIN,Assam,DHUBRI,Construction of boundary walls of existing public and community buildings,500000.0,True,529.0,39.7
WS/MP334/2024-2025/140595,Shri Chandra Prakash Choudhary,Jharkhand,GIRIDIH,Street lights,330000.0,True,600.0,39.7
WS/MP582/2025-2026/141896,Prabhubhai Nagarbhai Vasava,Gujarat,BARDOLI(ST),Lighting of public spaces,146500.0,True,452.0,39.7
WS/MP582/2025-2026/141913,Prabhubhai Nagarbhai Vasava,Gujarat,BARDOLI(ST),Lighting of public spaces,146500.0,True,452.0,39.7
WS/MP582/2025-2026/137346,Prabhubhai Nagarbhai Vasava,Gujarat,BARDOLI(ST),Lighting of public spaces,146500.0,True,452.0,39.7
WS/MP18321/2024-2025/152555,SHOBHANABEN MAHENDRASINH BARAIYA,Gujarat,SABARKANTHA,"Construction of roads, link roads, pathways or any other road with or without drainage system",400000.0,False,647.0,39.6
WS/MP632/2025-2026/134588,Anto Antony,Kerala,PATHANAMTHITTA,Purchase Books for Library,50000.0,True,424.0,39.6
WS/MP18023/2025-2026/139960,BIJULI KALITA MEDHI,Assam,GUWAHATI,Construction of additional rooms and halls in the existing public and community building,500000.0,True,499.0,39.6
WS/MP541/2025-2026/153677,Pradyut Bordoloi,Assam,NOWGONG,Crematoriums/energy efficient crematoriums or structures on burial/cremation ground,300000.0,False,640.0,39.5
WS/MP18021/2025-2026/143259,RAKIBUL HUSSAIN,Assam,DHUBRI,Construction of community centers and community halls,500000.0,True,397.0,39.5
WS/MP18021/2025-2026/143239,RAKIBUL HUSSAIN,Assam,DHUBRI,Construction of community centers and community halls,500000.0,True,502.0,39.5
WS/MP18062/2024-2025/153784,JAI PARKASH,Haryana,HISAR,Construction of common work sheds/ common covered sitting area,399664.0,False,640.0,39.4
,Pradyut Bordoloi,Assam,NOWGONG,Unknown,300000.0,False,642.0,39.4
WS/MP18024/2024-2025/148261,GAURAV GOGOI,Assam,JORHAT,Construction of boundary walls of existing public and community buildings,200000.0,True,584.0,39.3
WS/MP18074/2024-2025/140229,KALI CHARAN MUNDA,Jharkhand,KHUNTI(ST),"Construction of roads, link roads, pathways or any other road with or without drainage system",600000.0,True,683.0,39.3
WS/MP18253/2024-2025/141437,BAPI HALDAR,West Bengal,MATHURAPUR(SC),Installing tube-wells and borewells,222000.0,True,670.0,39.3
WS/MP18209/2025-2026/144764,CHANDAN CHAUHAN,Uttar Pradesh,BIJNOR,"Construction of roads, link roads, pathways or any other road with or without drainage system",1069300.0,True,386.0,39.3
WS/MP18062/2024-2025/153785,JAI PARKASH,Haryana,HISAR,Construction of common work sheds/ common covered sitting area,399890.0,False,640.0,39.3
WS/MP18253/2024-2025/141448,BAPI HALDAR,West Bengal,MATHURAPUR(SC),Installing tube-wells and borewells,222000.0,True,670.0,39.3
WS/MP18074/2024-2025/140234,KALI CHARAN MUNDA,Jharkhand,KHUNTI(ST),"Construction of roads, link roads, pathways or any other road with or without drainage system",600000.0,True,683.0,39.3
WS/MP18074/2024-2025/140232,KALI CHARAN MUNDA,Jharkhand,KHUNTI(ST),"Construction of roads, link roads, pathways or any other road with or without drainage system",600000.0,True,683.0,39.3
WS/MP18172/2024-2025/141763,MANNA LAL RAWAT,Rajasthan,UDAIPUR(ST),Construction of common work sheds/ common covered sitting area,593000.0,True,587.0,39.2
WS/MP329/2024-2025/150043,Shri  Dharambir Singh,Haryana,BHIWANI MAHENDRAGARH,Improvement of electricity distribution infrastructure,41500.0,False,662.0,39.1
WS/MP18023/2024-2025/136757,BIJULI KALITA MEDHI,Assam,GUWAHATI,Construction of additional rooms and halls in the existing public and community building,1000000.0,True,571.0,39.1
WS/MP18209/2025-2026/145458,CHANDAN CHAUHAN,Uttar Pradesh,BIJNOR,"Construction of roads, link roads, pathways or any other road with or without drainage system",312700.0,True,204.0,39.0
WS/MP345/2024-2025/135021,Shri NK Premachandran,Kerala,KOLLAM,Construction of bus-sheds or bus-stops,500000.0,True,528.0,39.0
WS/MP641/2024-2025/137262,Gajendra Singh Patel,Madhya Pradesh,KHARGONE(ST),Construction of community centers and community halls,500000.0,True,611.0,39.0
WS/MP18173/2024-2025/137444,THARANIVENTHAN M S,Tamil Nadu,ARANI,Construction of bus-sheds or bus-stops,999500.0,True,671.0,39.0
WS/MP641/2024-2025/136722,Gajendra Singh Patel,Madhya Pradesh,KHARGONE(ST),"Construction of Government office buildings (Post office, Police station, Police chauki, etc.)",500000.0,True,668.0,38.9
WS/MP18389/2024-2025/152805,KADIYAM KAVYA,Telangana,WARANGEL(SC),Street lights,500000.0,False,645.0,38.8
WS/MP18393/2024-2025/152018,MADHAVANENI RAGHUNANDAN RAO,Telangana,MEDAK,Street lights,500000.0,False,650.0,38.8
WS/MP18393/2024-2025/152019,MADHAVANENI RAGHUNANDAN RAO,Telangana,MEDAK,Street lights,500000.0,False,650.0,38.8
WS/MP345/2024-2025/138118,Shri NK Premachandran,Kerala,KOLLAM,Construction of buildings for community cultural activities,1200000.0,True,526.0,38.8
WS/MP632/2025-2026/143623,Anto Antony,Kerala,PATHANAMTHITTA,Construction of buildings for community cultural activities,2350000.0,True,169.0,38.7
WS/MP18062/2024-2025/153856,JAI PARKASH,Haryana,HISAR,Construction of common work sheds/ common covered sitting area,449859.0,False,639.0,38.7
WS/MP18021/2025-2026/143257,RAKIBUL HUSSAIN,Assam,DHUBRI,Construction of rooms and halls in school and colleges,500000.0,True,397.0,38.7
WS/MP18172/2024-2025/147440,MANNA LAL RAWAT,Rajasthan,UDAIPUR(ST),Purchase of books for public libraries/ digitization of library books,200000.0,True,587.0,38.7
WS/MP18219/2025-2026/137942,AJENDRA SINGH LODHI,Uttar Pradesh,HAMIRPUR_UP,Lighting of public spaces,400000.0,True,439.0,38.6
WS/MP18219/2025-2026/137943,AJENDRA SINGH LODHI,Uttar Pradesh,HAMIRPUR_UP,Lighting of public spaces,400000.0,True,439.0,38.6
WS/MP18219/2025-2026/137948,AJENDRA SINGH LODHI,Uttar Pradesh,HAMIRPUR_UP,Lighting of public spaces,400000.0,True,439.0,38.6
WS/MP18219/2025-2026/137947,AJENDRA SINGH LODHI,Uttar Pradesh,HAMIRPUR_UP,Lighting of public spaces,400000.0,True,439.0,38.6
WS/MP18067/2025-2026/134322,SATPAL BRAHAMCHARI,Haryana,SONEPAT,Construction of community centers and community halls,499000.0,True,472.0,38.6
WS/MP18219/2025-2026/137951,AJENDRA SINGH LODHI,Uttar Pradesh,HAMIRPUR_UP,Lighting of public spaces,400000.0,True,439.0,38.6
WS/MP18219/2025-2026/137949,AJENDRA SINGH LODHI,Uttar Pradesh,HAMIRPUR_UP,Lighting of public spaces,400000.0,True,439.0,38.6
WS/MP18219/2025-2026/137950,AJENDRA SINGH LODHI,Uttar Pradesh,HAMIRPUR_UP,Lighting of public spaces,400000.0,True,439.0,38.6
WS/MP18062/2025-2026/154055,JAI PARKASH,Haryana,HISAR,Construction of common work sheds/ common covered sitting area,699728.0,False,639.0,38.6
WS/MP727/2024-2025/146157,Om Birla,Rajasthan,KOTA,Crematoriums/energy efficient crematoriums or structures on burial/cremation ground,500000.0,True,530.0,38.6
WS/MP727/2024-2025/153496,Om Birla,Rajasthan,KOTA,Construction of community centers and community halls,1000000.0,False,641.0,38.6
WS/MP18219/2025-2026/137941,AJENDRA SINGH LODHI,Uttar Pradesh,HAMIRPUR_UP,Lighting of public spaces,400000.0,True,439.0,38.6
WS/MP18219/2025-2026/137944,AJENDRA SINGH LODHI,Uttar Pradesh,HAMIRPUR_UP,Lighting of public spaces,400000.0,True,439.0,38.6
WS/MP18219/2025-2026/137940,AJENDRA SINGH LODHI,Uttar Pradesh,HAMIRPUR_UP,Lighting of public spaces,400000.0,True,439.0,38.6
WS/MP18219/2025-2026/137952,AJENDRA SINGH LODHI,Uttar Pradesh,HAMIRPUR_UP,Lighting of public spaces,400000.0,True,439.0,38.6
WS/MP18219/2025-2026/137945,AJENDRA SINGH LODHI,Uttar Pradesh,HAMIRPUR_UP,Lighting of public spaces,400000.0,True,439.0,38.6
WS/MP18219/2025-2026/137946,AJENDRA SINGH LODHI,Uttar Pradesh,HAMIRPUR_UP,Lighting of public spaces,400000.0,True,439.0,38.6
WS/MP18095/2025-2026/148831,K. C VENUGOPAL,Kerala,ALAPPUZHA,"Purchase of IT systems, including hardware and software for educational purposes",527850.0,True,281.0,38.5
WS/MP18095/2025-2026/139306,K. C VENUGOPAL,Kerala,ALAPPUZHA,"Purchase of IT systems, including hardware and software for educational purposes",640000.0,True,411.0,38.5
WS/MP654/2024-2025/149305,Smt Himadri Singh,Madhya Pradesh,SHAHDOL (ST),Providing drains and gutters for public drainage,1479000.0,False,668.0,38.4
WS/MP18074/2024-2025/140230,KALI CHARAN MUNDA,Jharkhand,KHUNTI(ST),"Construction of roads, link roads, pathways or any other road with or without drainage system",500000.0,True,683.0,38.3
WS/MP18074/2024-2025/140226,KALI CHARAN MUNDA,Jharkhand,KHUNTI(ST),"Construction of roads, link roads, pathways or any other road with or without drainage system",500000.0,True,683.0,38.3
WS/MP650/2025-2026/151269,Shankar Lalwani,Madhya Pradesh,INDORE,Construction of buildings for community cultural activities,250000.0,False,521.0,38.3
WS/MP18074/2024-2025/140233,KALI CHARAN MUNDA,Jharkhand,KHUNTI(ST),"Construction of roads, link roads, pathways or any other road with or without drainage system",500000.0,True,684.0,38.3
WS/MP585/2025-2026/142133,Hasmukh Bhai Soma Bhai Patel,Gujarat,AHMEDABAD EAST,"Construction of rooms and facilities for hospitals, FWC , PHC Centers and ANM centers",999505.0,True,495.0,38.3
WS/MP650/2025-2026/151268,Shankar Lalwani,Madhya Pradesh,INDORE,Construction of buildings for community cultural activities,250000.0,False,521.0,38.3
WS/MP18219/2025-2026/137968,AJENDRA SINGH LODHI,Uttar Pradesh,HAMIRPUR_UP,Lighting of public spaces,323000.0,True,327.0,38.2
WS/MP582/2025-2026/141929,Prabhubhai Nagarbhai Vasava,Gujarat,BARDOLI(ST),Lighting of public spaces,177500.0,True,409.0,38.2
WS/MP18219/2025-2026/137954,AJENDRA SINGH LODHI,Uttar Pradesh,HAMIRPUR_UP,Lighting of public spaces,323000.0,True,327.0,38.2
WS/MP18219/2025-2026/137955,AJENDRA SINGH LODHI,Uttar Pradesh,HAMIRPUR_UP,Lighting of public spaces,323000.0,True,327.0,38.2
WS/MP18219/2025-2026/137960,AJENDRA SINGH LODHI,Uttar Pradesh,HAMIRPUR_UP,Lighting of public spaces,323000.0,True,327.0,38.2
WS/MP18023/2024-2025/136746,BIJULI KALITA MEDHI,Assam,GUWAHATI,Construction of boundary walls of existing public and community buildings,700000.0,True,571.0,38.2
WS/MP18219/2025-2026/137953,AJENDRA SINGH LODHI,Uttar Pradesh,HAMIRPUR_UP,Lighting of public spaces,323000.0,True,327.0,38.2
WS/MP18183/2025-2026/140774,MURASOLI S,Tamil Nadu,THANJAVUR,Construction of New Building,1348370.0,True,394.0,38.2
WS/MP18219/2025-2026/137957,AJENDRA SINGH LODHI,Uttar Pradesh,HAMIRPUR_UP,Lighting of public spaces,323000.0,True,327.0,38.2
WS/MP18219/2025-2026/137958,AJENDRA SINGH LODHI,Uttar Pradesh,HAMIRPUR_UP,Lighting of public spaces,323000.0,True,327.0,38.2
WS/MP18219/2025-2026/137956,AJENDRA SINGH LODHI,Uttar Pradesh,HAMIRPUR_UP,Lighting of public spaces,323000.0,True,327.0,38.2
WS/MP18219/2025-2026/137959,AJENDRA SINGH LODHI,Uttar Pradesh,HAMIRPUR_UP,Lighting of public spaces,323000.0,True,327.0,38.2
WS/MP18219/2025-2026/137961,AJENDRA SINGH LODHI,Uttar Pradesh,HAMIRPUR_UP,Lighting of public spaces,323000.0,True,327.0,38.2
WS/MP18062/2024-2025/154048,JAI PARKASH,Haryana,HISAR,Construction of common work sheds/ common covered sitting area,899648.0,False,639.0,38.1
WS/MP582/2024-2025/149784,Prabhubhai Nagarbhai Vasava,Gujarat,BARDOLI(ST),Purchase of mobile water tankers,259250.0,False,663.0,38.0
WS/MP393/2025-2026/148981,Shri Karti P Chidambaram,Tamil Nadu,SIVAGANGA,Construction of bus-sheds or bus-stops,10000000.0,True,351.0,38.0
WS/MP582/2024-2025/145294,Prabhubhai Nagarbhai Vasava,Gujarat,BARDOLI(ST),Crematoriums/energy efficient crematoriums or structures on burial/cremation ground,500000.0,True,597.0,38.0
WS/MP582/2024-2025/147348,Prabhubhai Nagarbhai Vasava,Gujarat,BARDOLI(ST),Crematoriums/energy efficient crematoriums or structures on burial/cremation ground,500000.0,True,597.0,38.0
WS/MP582/2024-2025/137316,Prabhubhai Nagarbhai Vasava,Gujarat,BARDOLI(ST),Purchase of mobile water tankers,259070.0,True,628.0,37.7
WS/MP18062/2025-2026/154045,JAI PARKASH,Haryana,HISAR,Construction of common work sheds/ common covered sitting area,2099996.0,False,639.0,37.7
WS/MP18062/2024-2025/154022,JAI PARKASH,Haryana,HISAR,Fitting of Sitting RCC Benches in Public Places,100000.0,False,639.0,37.7
WS/MP18023/2024-2025/138480,BIJULI KALITA MEDHI,Assam,GUWAHATI,Construction of boundary walls of existing public and community buildings,700000.0,True,677.0,37.7
WS/MP582/2024-2025/137318,Prabhubhai Nagarbhai Vasava,Gujarat,BARDOLI(ST),Purchase of mobile water tankers,259070.0,True,628.0,37.7
WS/MP18321/2025-2026/152557,SHOBHANABEN MAHENDRASINH BARAIYA,Gujarat,SABARKANTHA,"Construction of roads, link roads, pathways or any other road with or without drainage system",300000.0,False,647.0,37.6
WS/MP478/2025-2026/154203,Mala Rajya Laxmi Shah,Uttarakhand,TEHRI GARHWAL,Crematoriums/energy efficient crematoriums or structures on burial/cremation ground,100000.0,False,637.0,37.5
WS/MP329/2024-2025/152257,Shri  Dharambir Singh,Haryana,BHIWANI MAHENDRAGARH,Improvement of electricity distribution infrastructure,92000.0,False,648.0,37.5
WS/MP18023/2024-2025/143873,BIJULI KALITA MEDHI,Assam,GUWAHATI,Construction of community centers and community halls,500000.0,True,523.0,37.4
WS/MP18152/2025-2026/140032,SARABJEET SINGH KHALSA,Punjab,FARIDKOT(SC),Purchase of mobile water tankers,200000.0,True,494.0,37.4
WS/MP18152/2025-2026/140031,SARABJEET SINGH KHALSA,Punjab,FARIDKOT(SC),Purchase of mobile water tankers,200000.0,True,494.0,37.4
WS/MP18152/2024-2025/140029,SARABJEET SINGH KHALSA,Punjab,FARIDKOT(SC),Installing tube-wells and borewells,100000.0,True,611.0,37.3
WS/MP18095/2025-2026/139562,K. C VENUGOPAL,Kerala,ALAPPUZHA,"Purchase of IT systems, including hardware and software for educational purposes",800000.0,True,440.0,37.3
WS/MP18133/2025-2026/148572,SHRIMANT CHH UDAYANRAJE PRATAPSINHAMAHARAJ BHONSLE,Maharashtra,SATARA,Providing drains and gutters for public drainage,500000.0,True,488.0,37.3
WS/MP18152/2024-2025/140030,SARABJEET SINGH KHALSA,Punjab,FARIDKOT(SC),Fitting of Sitting RCC Benches in Public Places,100000.0,True,611.0,37.3
WS/MP18152/2024-2025/140033,SARABJEET SINGH KHALSA,Punjab,FARIDKOT(SC),Fitting of Sitting RCC Benches in Public Places,100000.0,True,611.0,37.3
WS/MP582/2025-2026/147346,Prabhubhai Nagarbhai Vasava,Gujarat,BARDOLI(ST),"Purchase of hearse van (Four, three and two wheelers)",1000000.0,True,424.0,37.2
WS/MP582/2025-2026/141898,Prabhubhai Nagarbhai Vasava,Gujarat,BARDOLI(ST),Lighting of public spaces,192000.0,True,297.0,37.2
WS/MP18396/2025-2026/153050,Harsh Malhotra,Delhi,EAST DELHI,Lighting of public spaces,1997268.0,False,643.0,37.1
WS/MP18133/2025-2026/148480,SHRIMANT CHH UDAYANRAJE PRATAPSINHAMAHARAJ BHONSLE,Maharashtra,SATARA,Providing drains and gutters for public drainage,700000.0,True,488.0,37.1
WS/MP18173/2024-2025/137922,THARANIVENTHAN M S,Tamil Nadu,ARANI,Construction of bus-sheds or bus-stops,1500000.0,True,598.0,37.1
WS/MP18023/2025-2026/138482,BIJULI KALITA MEDHI,Assam,GUWAHATI,Retrofitting in essential lifeline buildings,300000.0,True,368.0,37.1
WS/MP18277/2024-2025/149787,AZAD KIRTI JHA,West Bengal,BARDHAMAN-DURGAPUR,Street lights,4422048.0,False,663.0,37.0
WS/MP644/2024-2025/151382,Janardan Mishra,Madhya Pradesh,REWA,Purchase of mobile water tankers,321522.0,False,654.0,37.0
WS/MP18173/2025-2026/137924,THARANIVENTHAN M S,Tamil Nadu,ARANI,Fitting of Sitting RCC Benches in Public Places,1460000.0,True,485.0,37.0
WS/MP644/2024-2025/151373,Janardan Mishra,Madhya Pradesh,REWA,Purchase of mobile water tankers,321522.0,False,654.0,37.0
WS/MP644/2024-2025/151371,Janardan Mishra,Madhya Pradesh,REWA,Purchase of mobile water tankers,321522.0,False,654.0,37.0
WS/MP883/2025-2026/154996,Nityanand Rai,Bihar,UJJARPUR,Construction of water tanks,323524.0,False,634.0,36.9
WS/MP18277/2024-2025/154138,AZAD KIRTI JHA,West Bengal,BARDHAMAN-DURGAPUR,Street lights,2000000.0,False,639.0,36.9
WS/MP883/2025-2026/154992,Nityanand Rai,Bihar,UJJARPUR,Construction of water tanks,324269.0,False,634.0,36.9
WS/MP18323/2025-2026/144116,DR KALGE SHIVAJI BANDAPPA,Maharashtra,LATUR(SC),Providing drains and gutters for public drainage,995696.0,True,201.0,36.9
WS/MP18062/2024-2025/154028,JAI PARKASH,Haryana,HISAR,Construction of public libraries and reading rooms,599820.0,False,639.0,36.9
WS/MP883/2025-2026/154995,Nityanand Rai,Bihar,UJJARPUR,Construction of water tanks,323524.0,False,634.0,36.9
WS/MP883/2025-2026/154990,Nityanand Rai,Bihar,UJJARPUR,Construction of water tanks,324269.0,False,634.0,36.9
WS/MP883/2025-2026/155002,Nityanand Rai,Bihar,UJJARPUR,Construction of water tanks,322968.0,False,634.0,36.8
WS/MP478/2024-2025/154524,Mala Rajya Laxmi Shah,Uttarakhand,TEHRI GARHWAL,Construction of footpaths and pedestrian ways,800000.0,False,637.0,36.8
WS/MP883/2025-2026/155001,Nityanand Rai,Bihar,UJJARPUR,Construction of water tanks,322967.0,False,634.0,36.8
WS/MP18023/2025-2026/143872,BIJULI KALITA MEDHI,Assam,GUWAHATI,Retrofitting in essential lifeline buildings,500000.0,True,205.0,36.8
WS/MP644/2024-2025/151384,Janardan Mishra,Madhya Pradesh,REWA,Purchase of mobile water tankers,482283.0,False,654.0,36.8
WS/MP478/2024-2025/154525,Mala Rajya Laxmi Shah,Uttarakhand,TEHRI GARHWAL,Construction of footpaths and pedestrian ways,700000.0,False,637.0,36.8
WS/MP18277/2024-2025/154141,AZAD KIRTI JHA,West Bengal,BARDHAMAN-DURGAPUR,Street lights,1000000.0,False,639.0,36.8
WS/MP498/2024-2025/142421,Dr Sukanta Majumdar,West Bengal,BALURGHAT,Crematoriums/energy efficient crematoriums or structures on burial/cremation ground,300000.0,True,576.0,36.7
WS/MP883/2025-2026/154993,Nityanand Rai,Bihar,UJJARPUR,Construction of water tanks,324802.0,False,634.0,36.7
WS/MP883/2025-2026/154998,Nityanand Rai,Bihar,UJJARPUR,Construction of water tanks,325000.0,False,634.0,36.6
WS/MP620/2025-2026/133191,Pralhad Venkatesh Joshi,Karnataka,DHARWAD,Construction of buildings for community cultural activities,1500000.0,True,451.0,36.6
WS/MP883/2026-2027/155181,Nityanand Rai,Bihar,UJJARPUR,Construction of water tanks,325000.0,False,634.0,36.6
WS/MP883/2025-2026/155180,Nityanand Rai,Bihar,UJJARPUR,Construction of water tanks,325000.0,False,634.0,36.6
WS/MP883/2026-2027/155184,Nityanand Rai,Bihar,UJJARPUR,Construction of water tanks,325000.0,False,634.0,36.6
WS/MP18062/2024-2025/154033,JAI PARKASH,Haryana,HISAR,Construction of buildings for multi-gym,1000000.0,False,639.0,36.6
WS/MP644/2024-2025/151372,Janardan Mishra,Madhya Pradesh,REWA,Purchase of mobile water tankers,643044.0,False,654.0,36.6
WS/MP18021/2025-2026/143227,RAKIBUL HUSSAIN,Assam,DHUBRI,Construction of bus-sheds or bus-stops,500000.0,True,411.0,36.5
WS/MP18172/2024-2025/149105,MANNA LAL RAWAT,Rajasthan,UDAIPUR(ST),Construction of culverts and bridges,1498000.0,False,669.0,36.5
WS/MP18062/2024-2025/153851,JAI PARKASH,Haryana,HISAR,Construction of public libraries and reading rooms,600000.0,False,639.0,36.5
WS/MP389/2024-2025/134429,Shri PP Chaudhary,Rajasthan,PALI,Construction of buildings for community cultural activities,2257000.0,True,591.0,36.5
WS/MP18021/2026-2027/143229,RAKIBUL HUSSAIN,Assam,DHUBRI,Construction of bus-sheds or bus-stops,500000.0,True,94.0,36.5
WS/MP18004/2024-2025/152146,Gumma Thanuja Rani,Andhra Pradesh,ARAKU(ST),Street lights,1394400.0,False,649.0,36.4
WS/MP18004/2024-2025/152147,Gumma Thanuja Rani,Andhra Pradesh,ARAKU(ST),Street lights,1394400.0,False,649.0,36.4
WS/MP18004/2024-2025/152144,Gumma Thanuja Rani,Andhra Pradesh,ARAKU(ST),Street lights,1394400.0,False,649.0,36.4
WS/MP478/2025-2026/154206,Mala Rajya Laxmi Shah,Uttarakhand,TEHRI GARHWAL,Crematoriums/energy efficient crematoriums or structures on burial/cremation ground,200000.0,False,637.0,36.4
WS/MP18004/2024-2025/151986,Gumma Thanuja Rani,Andhra Pradesh,ARAKU(ST),Street lights,1394400.0,False,650.0,36.4
WS/MP478/2024-2025/154217,Mala Rajya Laxmi Shah,Uttarakhand,TEHRI GARHWAL,Construction of footpaths and pedestrian ways,240000.0,False,637.0,36.4
WS/MP644/2024-2025/151370,Janardan Mishra,Madhya Pradesh,REWA,Purchase of mobile water tankers,803805.0,False,654.0,36.4
WS/MP18004/2024-2025/152143,Gumma Thanuja Rani,Andhra Pradesh,ARAKU(ST),Street lights,1394400.0,False,649.0,36.4
WS/MP18328/2025-2026/154149,Kangana Ranaut,Himachal Pradesh,MANDI,Construction of foot over bridge (FOB),700000.0,False,639.0,36.3
WS/MP18062/2024-2025/154034,JAI PARKASH,Haryana,HISAR,Construction of additional rooms and halls in the existing public and community building,1000000.0,False,639.0,36.2
WS/MP459/2025-2026/149089,T Sumathy (A) Thamizhachi Thangapandian,Tamil Nadu,CHENNAI SOUTH,"Construction of rooms and facilities for hospitals, FWC , PHC Centers and ANM centers",12000000.0,False,669.0,36.2
WS/MP18328/2025-2026/148181,Kangana Ranaut,Himachal Pradesh,MANDI,Construction of rooms and halls in school and colleges,1230000.0,True,247.0,36.2
WS/MP313/2024-2025/140889,Shri Tapir Gao,Arunachal Pradesh,ARUNACHAL EAST,"Construction of flood control embankments/ protection walls along riverbanks, hilltops, roadsides",1000000.0,True,565.0,36.1
WS/MP18062/2024-2025/154030,JAI PARKASH,Haryana,HISAR,Construction of public libraries and reading rooms,500000.0,False,639.0,36.1
WS/MP498/2024-2025/154365,Dr Sukanta Majumdar,West Bengal,BALURGHAT,Crematoriums/energy efficient crematoriums or structures on burial/cremation ground,350000.0,False,627.0,36.1
WS/MP498/2024-2025/154364,Dr Sukanta Majumdar,West Bengal,BALURGHAT,Crematoriums/energy efficient crematoriums or structures on burial/cremation ground,350000.0,False,627.0,36.1
WS/MP632/2025-2026/134107,Anto Antony,Kerala,PATHANAMTHITTA,Providing supply pipelines for drinking water,200000.0,True,426.0,36.1
WS/MP18062/2024-2025/153855,JAI PARKASH,Haryana,HISAR,Construction of community centers and community halls,599953.0,False,639.0,36.1
WS/MP18062/2024-2025/154019,JAI PARKASH,Haryana,HISAR,Construction of additional rooms and halls in the existing public and community building,399944.0,False,639.0,36.1
WS/MP498/2024-2025/154844,Dr Sukanta Majumdar,West Bengal,BALURGHAT,Crematoriums/energy efficient crematoriums or structures on burial/cremation ground,350000.0,False,627.0,36.1
WS/MP18023/2024-2025/140235,BIJULI KALITA MEDHI,Assam,GUWAHATI,Retrofitting in essential lifeline buildings,500000.0,True,548.0,36.0
WS/MP18062/2024-2025/154057,JAI PARKASH,Haryana,HISAR,Construction of public libraries and reading rooms,999900.0,False,639.0,36.0
WS/MP329/2025-2026/149137,Shri  Dharambir Singh,Haryana,BHIWANI MAHENDRAGARH,Development of playground,491257.0,False,669.0,36.0
WS/MP18173/2025-2026/139200,THARANIVENTHAN M S,Tamil Nadu,ARANI,Construction of community centers and community halls,500000.0,True,370.0,36.0
WS/MP18023/2024-2025/139962,BIJULI KALITA MEDHI,Assam,GUWAHATI,Construction of public libraries and reading rooms,500000.0,True,550.0,35.9
WS/MP18062/2024-2025/154015,JAI PARKASH,Haryana,HISAR,Development of public parks,500000.0,False,639.0,35.8
WS/MP18062/2025-2026/154027,JAI PARKASH,Haryana,HISAR,Purchase of non-conventional energy system and devices for community use,1700000.0,False,639.0,35.8
WS/MP812/2026-2027/148927,Vijay Kumar Dubey,Uttar Pradesh,KUSHI NAGAR,Construction of buildings for community cultural activities,1350000.0,True,89.0,35.8
WS/MP18323/2026-2027/146717,DR KALGE SHIVAJI BANDAPPA,Maharashtra,LATUR(SC),Crematoriums/energy efficient crematoriums or structures on burial/cremation ground,794104.0,True,9.0,35.7
WS/MP18062/2024-2025/153775,JAI PARKASH,Haryana,HISAR,Construction of community centers and community halls,499588.0,False,640.0,35.7
WS/MP641/2024-2025/147427,Gajendra Singh Patel,Madhya Pradesh,KHARGONE(ST),Construction of community centers and community halls,300000.0,True,579.0,35.7
WS/MP18001/2024-2025/138858,GM Harish Balayogi,Andhra Pradesh,AMALAPURAM(SC),Construction of community centers and community halls,3507771.0,True,634.0,35.7
WS/MP350/2025-2026/149163,Shri Rajmohan Unnithan,Kerala,KASARAGOD,Purchase of books for public libraries/ digitization of library books,500000.0,False,669.0,35.7
WS/MP18062/2024-2025/154046,JAI PARKASH,Haryana,HISAR,Construction of community centers and community halls,499597.0,False,639.0,35.7
WS/MP18356/2025-2026/149682,PRIYANKA SATISH JARKIHOLI,Karnataka,CHIKKODI,Construction of bus-sheds or bus-stops,800000.0,False,664.0,35.7
WS/MP18062/2025-2026/154035,JAI PARKASH,Haryana,HISAR,Development of playground,300000.0,False,639.0,35.7
WS/MP632/2025-2026/142077,Anto Antony,Kerala,PATHANAMTHITTA,Construction of bus-sheds or bus-stops,483960.0,True,473.0,35.6
WS/MP883/2025-2026/154973,Nityanand Rai,Bihar,UJJARPUR,Construction of water tanks,321932.0,False,634.0,35.6
WS/MP18133/2025-2026/148511,SHRIMANT CHH UDAYANRAJE PRATAPSINHAMAHARAJ BHONSLE,Maharashtra,SATARA,Crematoriums/energy efficient crematoriums or structures on burial/cremation ground,1000000.0,True,488.0,35.5
WS/MP18062/2024-2025/153854,JAI PARKASH,Haryana,HISAR,Construction of community centers and community halls,499298.0,False,639.0,35.5
WS/MP644/2024-2025/151375,Janardan Mishra,Madhya Pradesh,REWA,Purchase of mobile water tankers,643044.0,False,654.0,35.5
WS/MP18133/2025-2026/148512,SHRIMANT CHH UDAYANRAJE PRATAPSINHAMAHARAJ BHONSLE,Maharashtra,SATARA,Crematoriums/energy efficient crematoriums or structures on burial/cremation ground,1000000.0,True,488.0,35.5
WS/MP18133/2025-2026/148513,SHRIMANT CHH UDAYANRAJE PRATAPSINHAMAHARAJ BHONSLE,Maharashtra,SATARA,Crematoriums/energy efficient crematoriums or structures on burial/cremation ground,1000000.0,True,488.0,35.5
WS/MP18062/2024-2025/154054,JAI PARKASH,Haryana,HISAR,Construction of community centers and community halls,499863.0,False,639.0,35.4
WS/MP18219/2025-2026/142650,AJENDRA SINGH LODHI,Uttar Pradesh,HAMIRPUR_UP,"Construction of roads, link roads, pathways or any other road with or without drainage system",400000.0,True,365.0,35.4
WS/MP410/2024-2025/146777,Pradan Baruah,Assam,LAKHIMPUR,Crematoriums/energy efficient crematoriums or structures on burial/cremation ground,500000.0,True,549.0,35.4
WS/MP18062/2024-2025/154043,JAI PARKASH,Haryana,HISAR,Construction of community centers and community halls,500000.0,False,639.0,35.3
WS/MP18062/2024-2025/154018,JAI PARKASH,Haryana,HISAR,Construction of community centers and community halls,500000.0,False,639.0,35.3
WS/MP644/2024-2025/151374,Janardan Mishra,Madhya Pradesh,REWA,Purchase of mobile water tankers,1286088.0,False,654.0,35.3
WS/MP883/2025-2026/154970,Nityanand Rai,Bihar,UJJARPUR,Construction of water tanks,322515.0,False,634.0,35.3
WS/MP758/2025-2026/149067,Smt S Jothimani,Tamil Nadu,KARUR,Construction of bus-sheds or bus-stops,799348.0,False,670.0,35.2
WS/MP431/2025-2026/152156,Rao Inderjit Singh,Haryana,GURGAON,Construction of community centers and community halls,400000.0,False,649.0,35.2
WS/MP632/2025-2026/142375,Anto Antony,Kerala,PATHANAMTHITTA,"Purchase of IT systems, including hardware and software for educational purposes",134796.0,True,444.0,35.2
WS/MP18277/2024-2025/154135,AZAD KIRTI JHA,West Bengal,BARDHAMAN-DURGAPUR,Construction of buildings for community cultural activities,1000000.0,False,639.0,35.1
WS/MP18277/2024-2025/154139,AZAD KIRTI JHA,West Bengal,BARDHAMAN-DURGAPUR,Construction of buildings for community cultural activities,1000000.0,False,639.0,35.1
WS/MP600/2025-2026/148242,Jitendra Singh,Jammu And Kashmir,UDHAMPUR,Construction of boundary walls of existing public and community buildings,300000.0,True,461.0,35.0
WS/MP18048/2024-2025/145555,MAHESH KASHYAP,Chhattisgarh,BASTAR(ST),Construction of buildings for community cultural activities,500000.0,True,517.0,35.0
WS/MP883/2025-2026/155014,Nityanand Rai,Bihar,UJJARPUR,Construction of water tanks,322014.0,False,634.0,34.9
WS/MP541/2025-2026/153175,Pradyut Bordoloi,Assam,NOWGONG,"Construction of roads, link roads, pathways or any other road with or without drainage system",700000.0,False,642.0,34.9
WS/MP18062/2024-2025/154047,JAI PARKASH,Haryana,HISAR,Construction of community centers and community halls,699501.0,False,639.0,34.9
WS/MP883/2025-2026/155118,Nityanand Rai,Bihar,UJJARPUR,Construction of water tanks,322014.0,False,634.0,34.9
WS/MP883/2025-2026/155017,Nityanand Rai,Bihar,UJJARPUR,Construction of water tanks,322014.0,False,634.0,34.9
WS/MP883/2025-2026/155113,Nityanand Rai,Bihar,UJJARPUR,Construction of water tanks,322014.0,False,634.0,34.9
WS/MP883/2025-2026/155111,Nityanand Rai,Bihar,UJJARPUR,Construction of water tanks,322014.0,False,634.0,34.9
WS/MP883/2025-2026/155115,Nityanand Rai,Bihar,UJJARPUR,Construction of water tanks,322014.0,False,634.0,34.9
WS/MP18309/2024-2025/155216,SALENG A SANGMA,Meghalaya,TURA,Providing supply pipelines for drinking water,10000000.0,False,635.0,34.9
WS/MP883/2025-2026/155112,Nityanand Rai,Bihar,UJJARPUR,Construction of water tanks,322014.0,False,634.0,34.9
WS/MP883/2025-2026/155016,Nityanand Rai,Bihar,UJJARPUR,Construction of water tanks,322014.0,False,634.0,34.9
WS/MP883/2025-2026/155010,Nityanand Rai,Bihar,UJJARPUR,Construction of water tanks,322014.0,False,634.0,34.9
WS/MP18253/2024-2025/150420,BAPI HALDAR,West Bengal,MATHURAPUR(SC),Construction of common work sheds/ common covered sitting area,600000.0,False,659.0,34.9
WS/MP883/2025-2026/155012,Nityanand Rai,Bihar,UJJARPUR,Construction of water tanks,322014.0,False,634.0,34.9
WS/MP883/2025-2026/155011,Nityanand Rai,Bihar,UJJARPUR,Construction of water tanks,322014.0,False,634.0,34.9
WS/MP883/2025-2026/155013,Nityanand Rai,Bihar,UJJARPUR,Construction of water tanks,322014.0,False,634.0,34.9
WS/MP883/2025-2026/155015,Nityanand Rai,Bihar,UJJARPUR,Construction of water tanks,322014.0,False,634.0,34.9
WS/MP883/2025-2026/155117,Nityanand Rai,Bihar,UJJARPUR,Construction of water tanks,322014.0,False,634.0,34.9
WS/MP478/2025-2026/154207,Mala Rajya Laxmi Shah,Uttarakhand,TEHRI GARHWAL,Construction of footpaths and pedestrian ways,200000.0,False,637.0,34.8
WS/MP18183/2025-2026/143383,MURASOLI S,Tamil Nadu,THANJAVUR,Construction of community centers and community halls,1329811.0,True,389.0,34.8
WS/MP18048/2025-2026/148046,MAHESH KASHYAP,Chhattisgarh,BASTAR(ST),Construction of buildings for community cultural activities,478916.0,True,458.0,34.8
WS/MP18354/2024-2025/138745,CHINTAMANI MAHARAJ,Chhattisgarh,SARGUJA(ST),"Purchase of IT systems, including hardware and software for educational purposes",1000000.0,True,515.0,34.8
WS/MP18023/2024-2025/138481,BIJULI KALITA MEDHI,Assam,GUWAHATI,Construction of community centers and community halls,1300000.0,True,621.0,34.8
WS/MP429/2024-2025/146730,Jyotsna Charandas Mahant,Chhattisgarh,KORBA,Construction of buildings for community cultural activities,200000.0,True,641.0,34.8
WS/MP18354/2024-2025/138749,CHINTAMANI MAHARAJ,Chhattisgarh,SARGUJA(ST),"Purchase of IT systems, including hardware and software for educational purposes",1000000.0,True,515.0,34.8
WS/MP18354/2024-2025/138748,CHINTAMANI MAHARAJ,Chhattisgarh,SARGUJA(ST),"Purchase of IT systems, including hardware and software for educational purposes",1000000.0,True,515.0,34.8
WS/MP18354/2024-2025/138747,CHINTAMANI MAHARAJ,Chhattisgarh,SARGUJA(ST),"Purchase of IT systems, including hardware and software for educational purposes",1000000.0,True,515.0,34.8
WS/MP18095/2025-2026/141963,K. C VENUGOPAL,Kerala,ALAPPUZHA,Setting up of laboratories,499776.0,True,269.0,34.8
WS/MP18354/2024-2025/138746,CHINTAMANI MAHARAJ,Chhattisgarh,SARGUJA(ST),"Purchase of IT systems, including hardware and software for educational purposes",1000000.0,True,515.0,34.8
WS/MP18062/2024-2025/154038,JAI PARKASH,Haryana,HISAR,Construction of community centers and community halls,800000.0,False,639.0,34.7
WS/MP18111/2026-2027/143961,ANUP SANJAY DHOTRE,Maharashtra,AKOLA,Construction of community centers and community halls,1000000.0,True,123.0,34.6
WS/MP478/2024-2025/154212,Mala Rajya Laxmi Shah,Uttarakhand,TEHRI GARHWAL,Construction of footpaths and pedestrian ways,200000.0,False,637.0,34.6
WS/MP18173/2025-2026/139199,THARANIVENTHAN M S,Tamil Nadu,ARANI,"Construction of roads, link roads, pathways or any other road with or without drainage system",150000.0,True,408.0,34.6
WS/MP18193/2025-2026/149453,EATALA RAJENDER,Telangana,MALKAJGIRI,Providing drains and gutters for public drainage,1000000.0,False,667.0,34.6
WS/MP632/2025-2026/142307,Anto Antony,Kerala,PATHANAMTHITTA,Construction of bus-sheds or bus-stops,500000.0,True,444.0,34.5
WS/MP883/2025-2026/154974,Nityanand Rai,Bihar,UJJARPUR,Construction of water tanks,321854.0,False,634.0,34.5
WS/MP582/2024-2025/145285,Prabhubhai Nagarbhai Vasava,Gujarat,BARDOLI(ST),Crematoriums/energy efficient crematoriums or structures on burial/cremation ground,490000.0,True,565.0,34.5
WS/MP18277/2024-2025/154147,AZAD KIRTI JHA,West Bengal,BARDHAMAN-DURGAPUR,"Construction of cycle tracks, cycle stand and segregated non-motorized vehicle (NMV) lanes",550000.0,False,639.0,34.5
WS/MP632/2025-2026/142308,Anto Antony,Kerala,PATHANAMTHITTA,Construction of bus-sheds or bus-stops,500000.0,True,444.0,34.5
WS/MP478/2025-2026/154205,Mala Rajya Laxmi Shah,Uttarakhand,TEHRI GARHWAL,Construction of rooms and halls in school and colleges,250000.0,False,637.0,34.4
WS/MP812/2026-2027/147488,Vijay Kumar Dubey,Uttar Pradesh,KUSHI NAGAR,Installation of multi-gym equipment,850000.0,True,4.0,34.4
WS/MP664/2025-2026/146326,Arvind Ganpat Sawant,Maharashtra,MUMBAI SOUTH,Construction of public toilets and bathrooms,994762.0,True,340.0,34.4
WS/MP18307/2025-2026/143608,Piyush Vedprakash Goyal,Maharashtra,MUMBAI NORTH,Construction of public toilets and bathrooms,2000000.0,True,205.0,34.4
WS/MP18307/2025-2026/143606,Piyush Vedprakash Goyal,Maharashtra,MUMBAI NORTH,Construction of public toilets and bathrooms,2000000.0,True,205.0,34.4
WS/MP18307/2025-2026/143609,Piyush Vedprakash Goyal,Maharashtra,MUMBAI NORTH,Construction of public toilets and bathrooms,2000000.0,True,151.0,34.4
WS/MP883/2025-2026/155116,Nityanand Rai,Bihar,UJJARPUR,Construction of water tanks,321315.0,False,634.0,34.4
WS/MP18095/2025-2026/147277,K. C VENUGOPAL,Kerala,ALAPPUZHA,"Purchase of IT systems, including hardware and software for educational purposes",200000.0,True,199.0,34.4
WS/MP632/2025-2026/142082,Anto Antony,Kerala,PATHANAMTHITTA,Lighting of public spaces,379779.0,True,473.0,34.4
WS/MP18328/2024-2025/150848,Kangana Ranaut,Himachal Pradesh,MANDI,Construction of buildings for community cultural activities,500000.0,False,656.0,34.3
WS/MP423/2025-2026/138823,Shri Abhishek Banerjee,West Bengal,DIAMOND HARBOUR,Street lights,397407.0,True,430.0,34.3
WS/MP883/2025-2026/154968,Nityanand Rai,Bihar,UJJARPUR,Construction of water tanks,321691.0,False,634.0,34.3
WS/MP18062/2024-2025/154041,JAI PARKASH,Haryana,HISAR,Construction of community centers and community halls,149792.0,False,639.0,34.3
WS/MP18238/2024-2025/141062,RAMASHANKAR RAJBHAR,Uttar Pradesh,SALEMPUR,Construction of rooms and halls in school and colleges,1000000.0,True,523.0,34.3
WS/MP812/2025-2026/147482,Vijay Kumar Dubey,Uttar Pradesh,KUSHI NAGAR,Installation of multi-gym equipment,848750.0,True,376.0,34.3
WS/MP18062/2024-2025/154025,JAI PARKASH,Haryana,HISAR,Construction of community centers and community halls,900000.0,False,639.0,34.3
WS/MP582/2025-2026/141902,Prabhubhai Nagarbhai Vasava,Gujarat,BARDOLI(ST),Lighting of public spaces,192000.0,True,499.0,34.3
WS/MP883/2025-2026/154991,Nityanand Rai,Bihar,UJJARPUR,Construction of water tanks,321770.0,False,634.0,34.3
WS/MP758/2025-2026/149076,Smt S Jothimani,Tamil Nadu,KARUR,Purchase of hospital equipment,266260.0,False,670.0,34.2
WS/MP478/2024-2025/154260,Mala Rajya Laxmi Shah,Uttarakhand,TEHRI GARHWAL,Construction of shelters for animals,1100000.0,False,637.0,34.2
WS/MP883/2025-2026/154971,Nityanand Rai,Bihar,UJJARPUR,Construction of water tanks,321783.0,False,634.0,34.2
WS/MP18248/2025-2026/151435,DR. SHARMILA SARKAR,West Bengal,BARDHAMAN PURBA(SC),Construction of foot over bridge (FOB),4042000.0,False,654.0,34.2
WS/MP18062/2024-2025/154036,JAI PARKASH,Haryana,HISAR,Construction of boundary walls of existing public and community buildings,199756.0,False,639.0,34.2
WS/MP394/2024-2025/136036,Shri vijayakumar Vasanth,Tamil Nadu,KANNIYAKUMARI,Construction of bus-sheds or bus-stops,400000.0,True,698.0,34.2
WS/MP880/2025-2026/146721,Manoj Tiwari,Delhi,NORTH EAST DELHI,Street lights,1051705.0,True,380.0,34.2
WS/MP429/2024-2025/140540,Jyotsna Charandas Mahant,Chhattisgarh,KORBA,Construction of buildings for community cultural activities,250000.0,True,683.0,34.1
WS/MP18062/2024-2025/154042,JAI PARKASH,Haryana,HISAR,Construction of community centers and community halls,996844.0,False,639.0,34.1
WS/MP394/2025-2026/136042,Shri vijayakumar Vasanth,Tamil Nadu,KANNIYAKUMARI,Construction of buildings for crèches and anganwadies,1450000.0,True,286.0,34.1
WS/MP18248/2024-2025/150129,DR. SHARMILA SARKAR,West Bengal,BARDHAMAN PURBA(SC),"Construction of rooms and facilities for hospitals, FWC , PHC Centers and ANM centers",2400000.0,False,662.0,34.0
WS/MP18272/2025-2026/143426,KALIPADA SAREN,West Bengal,JHARGRAM(ST),Construction of boundary walls of existing public and community buildings,2942147.0,True,459.0,34.0
WS/MP632/2024-2025/134095,Anto Antony,Kerala,PATHANAMTHITTA,"Purchase of IT systems, including hardware and software for educational purposes",176535.0,True,514.0,34.0
WS/MP18173/2025-2026/139198,THARANIVENTHAN M S,Tamil Nadu,ARANI,"Construction of roads, link roads, pathways or any other road with or without drainage system",600000.0,True,388.0,34.0
WS/MP18062/2024-2025/154051,JAI PARKASH,Haryana,HISAR,Construction of community centers and community halls,999856.0,False,639.0,34.0
WS/MP632/2025-2026/142072,Anto Antony,Kerala,PATHANAMTHITTA,Lighting of public spaces,400000.0,True,484.0,33.9
WS/MP577/2024-2025/138729,Jaswantsinh Sumanbhai Bhabhor,Gujarat,DAHOD(ST),Construction of public irrigation facilities,500000.0,True,578.0,33.9
WS/MP353/2024-2025/153143,Adv Dean Kuriakose,Kerala,IDUKKI,Lighting of public spaces,477084.0,False,642.0,33.9
WS/MP18312/2025-2026/154883,DURAI VAIKO,Tamil Nadu,TIRUCHIRAPPALLI,Construction of buildings for community cultural activities,899306.0,False,634.0,33.9
WS/MP18322/2024-2025/140649,NALIN SOREN,Jharkhand,DUMKA(ST),Construction of public irrigation facilities,250000.0,True,611.0,33.9
WS/MP632/2025-2026/142068,Anto Antony,Kerala,PATHANAMTHITTA,Lighting of public spaces,250000.0,True,474.0,33.9
WS/MP812/2025-2026/147490,Vijay Kumar Dubey,Uttar Pradesh,KUSHI NAGAR,Installation of multi-gym equipment,848279.0,True,187.0,33.9
WS/MP18095/2025-2026/139275,K. C VENUGOPAL,Kerala,ALAPPUZHA,Lighting of public spaces,350000.0,True,234.0,33.8
WS/MP883/2025-2026/154969,Nityanand Rai,Bihar,UJJARPUR,Construction of water tanks,317360.0,False,634.0,33.8
WS/MP632/2025-2026/142196,Anto Antony,Kerala,PATHANAMTHITTA,Lighting of public spaces,399384.0,True,333.0,33.8
WS/MP632/2025-2026/142080,Anto Antony,Kerala,PATHANAMTHITTA,Lighting of public spaces,218071.0,True,484.0,33.8
WS/MP18062/2024-2025/153202,JAI PARKASH,Haryana,HISAR,Construction of community centers and community halls,1099962.0,False,642.0,33.8
WS/MP18277/2025-2026/154153,AZAD KIRTI JHA,West Bengal,BARDHAMAN-DURGAPUR,Construction of boundary walls of existing public and community buildings,1620076.0,False,639.0,33.8
WS/MP18277/2024-2025/149807,AZAD KIRTI JHA,West Bengal,BARDHAMAN-DURGAPUR,Construction of common work sheds/ common covered sitting area,500000.0,False,663.0,33.7
WS/MP880/2025-2026/146722,Manoj Tiwari,Delhi,NORTH EAST DELHI,Street lights,898145.0,True,380.0,33.7
WS/MP632/2025-2026/142061,Anto Antony,Kerala,PATHANAMTHITTA,Lighting of public spaces,250000.0,True,347.0,33.7
WS/MP18133/2025-2026/148561,SHRIMANT CHH UDAYANRAJE PRATAPSINHAMAHARAJ BHONSLE,Maharashtra,SATARA,Construction of public libraries and reading rooms,1000000.0,True,376.0,33.7
WS/MP18271/2025-2026/135177,JAGADISH CHANDRA BARMA BASUNIA,West Bengal,COOCHBEHAR(SC),Lighting of public spaces,586716.0,True,346.0,33.6
WS/MP18271/2025-2026/135008,JAGADISH CHANDRA BARMA BASUNIA,West Bengal,COOCHBEHAR(SC),Lighting of public spaces,586716.0,True,346.0,33.6
WS/MP18271/2025-2026/135175,JAGADISH CHANDRA BARMA BASUNIA,West Bengal,COOCHBEHAR(SC),Lighting of public spaces,586716.0,True,346.0,33.6
WS/MP18271/2025-2026/135009,JAGADISH CHANDRA BARMA BASUNIA,West Bengal,COOCHBEHAR(SC),Lighting of public spaces,586716.0,True,346.0,33.6
WS/MP18271/2025-2026/135174,JAGADISH CHANDRA BARMA BASUNIA,West Bengal,COOCHBEHAR(SC),Lighting of public spaces,586716.0,True,346.0,33.6
WS/MP18271/2025-2026/135010,JAGADISH CHANDRA BARMA BASUNIA,West Bengal,COOCHBEHAR(SC),Lighting of public spaces,586716.0,True,346.0,33.6
WS/MP18271/2025-2026/135011,JAGADISH CHANDRA BARMA BASUNIA,West Bengal,COOCHBEHAR(SC),Lighting of public spaces,586716.0,True,346.0,33.6
WS/MP18271/2025-2026/135273,JAGADISH CHANDRA BARMA BASUNIA,West Bengal,COOCHBEHAR(SC),Lighting of public spaces,586716.0,True,346.0,33.6
WS/MP18277/2024-2025/149793,AZAD KIRTI JHA,West Bengal,BARDHAMAN-DURGAPUR,Construction of buildings for community cultural activities,549928.0,False,663.0,33.6
WS/MP18271/2025-2026/135176,JAGADISH CHANDRA BARMA BASUNIA,West Bengal,COOCHBEHAR(SC),Lighting of public spaces,586716.0,True,346.0,33.6
WS/MP313/2024-2025/138769,Shri Tapir Gao,Arunachal Pradesh,ARUNACHAL EAST,Construction of boundary walls of existing public and community buildings,2000000.0,True,557.0,33.6
WS/MP18271/2025-2026/135160,JAGADISH CHANDRA BARMA BASUNIA,West Bengal,COOCHBEHAR(SC),Lighting of public spaces,586716.0,True,346.0,33.6
WS/MP582/2024-2025/147369,Prabhubhai Nagarbhai Vasava,Gujarat,BARDOLI(ST),Construction of footpaths and pedestrian ways,300000.0,True,628.0,33.6
WS/MP18271/2025-2026/135271,JAGADISH CHANDRA BARMA BASUNIA,West Bengal,COOCHBEHAR(SC),Lighting of public spaces,586716.0,True,346.0,33.6
WS/MP18271/2025-2026/135003,JAGADISH CHANDRA BARMA BASUNIA,West Bengal,COOCHBEHAR(SC),Lighting of public spaces,586716.0,True,346.0,33.6
WS/MP632/2025-2026/142396,Anto Antony,Kerala,PATHANAMTHITTA,Lighting of public spaces,219500.0,True,370.0,33.6
WS/MP632/2025-2026/142393,Anto Antony,Kerala,PATHANAMTHITTA,Lighting of public spaces,218788.0,True,414.0,33.6
WS/MP632/2025-2026/142392,Anto Antony,Kerala,PATHANAMTHITTA,Lighting of public spaces,218788.0,True,409.0,33.6
WS/MP632/2025-2026/142394,Anto Antony,Kerala,PATHANAMTHITTA,Lighting of public spaces,218788.0,True,414.0,33.6
WS/MP18271/2025-2026/135179,JAGADISH CHANDRA BARMA BASUNIA,West Bengal,COOCHBEHAR(SC),Lighting of public spaces,586716.0,True,346.0,33.6
WS/MP18271/2025-2026/135212,JAGADISH CHANDRA BARMA BASUNIA,West Bengal,COOCHBEHAR(SC),Lighting of public spaces,586716.0,True,346.0,33.6
WS/MP18271/2025-2026/135211,JAGADISH CHANDRA BARMA BASUNIA,West Bengal,COOCHBEHAR(SC),Lighting of public spaces,586716.0,True,346.0,33.6
WS/MP18152/2024-2025/140036,SARABJEET SINGH KHALSA,Punjab,FARIDKOT(SC),Crematoriums/energy efficient crematoriums or structures on burial/cremation ground,300000.0,True,551.0,33.5
WS/MP18023/2024-2025/143871,BIJULI KALITA MEDHI,Assam,GUWAHATI,Construction of rooms and halls in school and colleges,500000.0,True,578.0,33.5
WS/MP18023/2024-2025/138483,BIJULI KALITA MEDHI,Assam,GUWAHATI,Construction of boundary walls of existing public and community buildings,1000000.0,True,604.0,33.4
WS/MP18249/2025-2026/153603,PARTHA BHOWMICK,West Bengal,BARRACKPUR,"Construction of rooms and facilities for hospitals, FWC , PHC Centers and ANM centers",20000000.0,False,640.0,33.4
WS/MP18249/2025-2026/153601,PARTHA BHOWMICK,West Bengal,BARRACKPUR,"Construction of rooms and facilities for hospitals, FWC , PHC Centers and ANM centers",20000000.0,False,640.0,33.4
WS/MP632/2025-2026/142197,Anto Antony,Kerala,PATHANAMTHITTA,Lighting of public spaces,220500.0,True,320.0,33.4
WS/MP18277/2024-2025/154140,AZAD KIRTI JHA,West Bengal,BARDHAMAN-DURGAPUR,Construction of boundary walls of existing public and community buildings,1000000.0,False,639.0,33.4
WS/MP632/2025-2026/142200,Anto Antony,Kerala,PATHANAMTHITTA,Lighting of public spaces,220500.0,True,320.0,33.4
WS/MP632/2025-2026/142081,Anto Antony,Kerala,PATHANAMTHITTA,"Purchase of IT systems, including hardware and software for educational purposes",200000.0,True,489.0,33.3
WS/MP812/2025-2026/147500,Vijay Kumar Dubey,Uttar Pradesh,KUSHI NAGAR,Construction of buildings for community cultural activities,1346452.0,True,477.0,33.3
WS/MP18023/2024-2025/140674,BIJULI KALITA MEDHI,Assam,GUWAHATI,"Construction of roads, link roads, pathways or any other road with or without drainage system",2400000.0,True,663.0,33.3
WS/MP18277/2024-2025/154152,AZAD KIRTI JHA,West Bengal,BARDHAMAN-DURGAPUR,Crematoriums/energy efficient crematoriums or structures on burial/cremation ground,998312.0,False,639.0,33.3
WS/MP632/2026-2027/142402,Anto Antony,Kerala,PATHANAMTHITTA,Lighting of public spaces,217800.0,True,50.0,33.3
WS/MP18079/2025-2026/148398,SAGAR ESHWAR KHANDRE,Karnataka,BIDAR,Lighting of public spaces,250000.0,True,439.0,33.2
WS/MP18079/2025-2026/148399,SAGAR ESHWAR KHANDRE,Karnataka,BIDAR,Lighting of public spaces,250000.0,True,412.0,33.2
WS/MP18079/2025-2026/148397,SAGAR ESHWAR KHANDRE,Karnataka,BIDAR,Lighting of public spaces,250000.0,True,439.0,33.2
WS/MP638/2024-2025/152445,Virendra Kumar,Madhya Pradesh,TIKAMGARH(SC),Construction of buildings for community cultural activities,1200000.0,False,647.0,33.1
WS/MP638/2024-2025/152450,Virendra Kumar,Madhya Pradesh,TIKAMGARH(SC),Construction of buildings for community cultural activities,1200000.0,False,647.0,33.1
WS/MP638/2024-2025/152446,Virendra Kumar,Madhya Pradesh,TIKAMGARH(SC),Construction of buildings for community cultural activities,1200000.0,False,647.0,33.1
WS/MP638/2024-2025/152447,Virendra Kumar,Madhya Pradesh,TIKAMGARH(SC),Construction of buildings for community cultural activities,1200000.0,False,647.0,33.1
WS/MP18152/2025-2026/141185,SARABJEET SINGH KHALSA,Punjab,FARIDKOT(SC),Construction of buildings for multi-gym,800000.0,True,508.0,33.1
WS/MP478/2026-2027/154202,Mala Rajya Laxmi Shah,Uttarakhand,TEHRI GARHWAL,Construction of footpaths and pedestrian ways,100000.0,False,637.0,33.1
WS/MP632/2024-2025/142075,Anto Antony,Kerala,PATHANAMTHITTA,Purchase of books and periodicals for libraries/digitization of library books,50000.0,True,541.0,33.1
WS/MP638/2024-2025/152442,Virendra Kumar,Madhya Pradesh,TIKAMGARH(SC),Construction of buildings for community cultural activities,1200000.0,False,647.0,33.1
WS/MP18277/2025-2026/149810,AZAD KIRTI JHA,West Bengal,BARDHAMAN-DURGAPUR,Construction of community centers and community halls,10000000.0,False,663.0,33.1
WS/MP638/2024-2025/152443,Virendra Kumar,Madhya Pradesh,TIKAMGARH(SC),Construction of buildings for community cultural activities,1200000.0,False,647.0,33.1
WS/MP350/2025-2026/143210,Shri Rajmohan Unnithan,Kerala,KASARAGOD,Street lights,300000.0,True,185.0,33.1
WS/MP638/2024-2025/152490,Virendra Kumar,Madhya Pradesh,TIKAMGARH(SC),Construction of buildings for community cultural activities,1200000.0,False,647.0,33.1
WS/MP638/2024-2025/152453,Virendra Kumar,Madhya Pradesh,TIKAMGARH(SC),Construction of buildings for community cultural activities,1200000.0,False,647.0,33.1
WS/MP18393/2025-2026/151985,MADHAVANENI RAGHUNANDAN RAO,Telangana,MEDAK,Construction of rooms and halls in school and colleges,1000000.0,False,650.0,33.1
WS/MP638/2024-2025/152444,Virendra Kumar,Madhya Pradesh,TIKAMGARH(SC),Construction of buildings for community cultural activities,1200000.0,False,647.0,33.1
WS/MP18311/2024-2025/143230,MALVINDER SINGH KANG,Punjab,ANANDPUR SAHIB,Installation of fixed garden gym equipment,200000.0,True,650.0,33.0
WS/MP478/2025-2026/154215,Mala Rajya Laxmi Shah,Uttarakhand,TEHRI GARHWAL,Construction of footpaths and pedestrian ways,100000.0,False,637.0,33.0
WS/MP18021/2024-2025/142759,RAKIBUL HUSSAIN,Assam,DHUBRI,Construction of bus-sheds or bus-stops,500000.0,True,653.0,33.0
WS/MP478/2025-2026/154218,Mala Rajya Laxmi Shah,Uttarakhand,TEHRI GARHWAL,Construction of footpaths and pedestrian ways,100000.0,False,637.0,33.0
WS/MP478/2024-2025/154240,Mala Rajya Laxmi Shah,Uttarakhand,TEHRI GARHWAL,Construction of footpaths and pedestrian ways,100000.0,False,637.0,33.0
WS/MP478/2025-2026/154254,Mala Rajya Laxmi Shah,Uttarakhand,TEHRI GARHWAL,Construction of footpaths and pedestrian ways,100000.0,False,637.0,33.0
WS/MP478/2025-2026/154216,Mala Rajya Laxmi Shah,Uttarakhand,TEHRI GARHWAL,Construction of footpaths and pedestrian ways,100000.0,False,637.0,33.0
WS/MP478/2025-2026/154251,Mala Rajya Laxmi Shah,Uttarakhand,TEHRI GARHWAL,Construction of footpaths and pedestrian ways,100000.0,False,637.0,33.0
WS/MP478/2025-2026/154236,Mala Rajya Laxmi Shah,Uttarakhand,TEHRI GARHWAL,Construction of footpaths and pedestrian ways,100000.0,False,637.0,33.0
WS/MP478/2025-2026/154213,Mala Rajya Laxmi Shah,Uttarakhand,TEHRI GARHWAL,Construction of footpaths and pedestrian ways,100000.0,False,637.0,33.0
WS/MP18311/2024-2025/142736,MALVINDER SINGH KANG,Punjab,ANANDPUR SAHIB,Construction of buildings for community cultural activities,200000.0,True,657.0,32.9
WS/MP18328/2024-2025/148190,Kangana Ranaut,Himachal Pradesh,MANDI,Construction of boundary walls of existing public and community buildings,1000000.0,True,645.0,32.9
WS/MP18152/2024-2025/141888,SARABJEET SINGH KHALSA,Punjab,FARIDKOT(SC),Construction of community centers and community halls,2000000.0,True,628.0,32.9
WS/MP632/2025-2026/149659,Anto Antony,Kerala,PATHANAMTHITTA,"Purchase of IT systems, including hardware and software for educational purposes",770000.0,False,664.0,32.8
WS/MP478/2025-2026/154176,Mala Rajya Laxmi Shah,Uttarakhand,TEHRI GARHWAL,"Construction of Government office buildings (Post office, Police station, Police chauki, etc.)",100000.0,False,637.0,32.8
WS/MP18393/2025-2026/140466,MADHAVANENI RAGHUNANDAN RAO,Telangana,MEDAK,Construction of additional rooms and halls in the existing public and community building,1250000.0,True,339.0,32.8
WS/MP18095/2025-2026/147276,K. C VENUGOPAL,Kerala,ALAPPUZHA,Purchase of vans and buses for educational institutions,1791636.0,True,286.0,32.7
WS/MP18308/2025-2026/145425,RAVINDRA DATTARAM WAIKAR,Maharashtra,MUMBAI NORTH WEST,Construction of toilet blocks,2100000.0,True,151.0,32.7
WS/MP638/2024-2025/153257,Virendra Kumar,Madhya Pradesh,TIKAMGARH(SC),Construction of buildings for community cultural activities,900000.0,False,641.0,32.7
WS/MP18095/2025-2026/139279,K. C VENUGOPAL,Kerala,ALAPPUZHA,Purchase of vans and buses for educational institutions,1929021.0,True,411.0,32.7
WS/MP18048/2024-2025/149436,MAHESH KASHYAP,Chhattisgarh,BASTAR(ST),Construction of common work sheds/ common covered sitting area,891293.0,False,666.0,32.7
WS/MP18152/2024-2025/137618,SARABJEET SINGH KHALSA,Punjab,FARIDKOT(SC),Development of public parks,400000.0,True,590.0,32.7
WS/MP18311/2024-2025/153575,MALVINDER SINGH KANG,Punjab,ANANDPUR SAHIB,Installation of fixed garden gym equipment,300000.0,False,638.0,32.6
WS/MP18311/2024-2025/153576,MALVINDER SINGH KANG,Punjab,ANANDPUR SAHIB,Installation of fixed garden gym equipment,300000.0,False,638.0,32.6
WS/MP18311/2024-2025/153609,MALVINDER SINGH KANG,Punjab,ANANDPUR SAHIB,Installation of fixed garden gym equipment,300000.0,False,637.0,32.6
WS/MP18311/2024-2025/153574,MALVINDER SINGH KANG,Punjab,ANANDPUR SAHIB,Installation of fixed garden gym equipment,300000.0,False,638.0,32.6
WS/MP18311/2024-2025/153571,MALVINDER SINGH KANG,Punjab,ANANDPUR SAHIB,Installation of fixed garden gym equipment,300000.0,False,638.0,32.6
WS/MP18311/2024-2025/153606,MALVINDER SINGH KANG,Punjab,ANANDPUR SAHIB,Installation of fixed garden gym equipment,300000.0,False,637.0,32.6
WS/MP582/2024-2025/145293,Prabhubhai Nagarbhai Vasava,Gujarat,BARDOLI(ST),Construction of footpaths and pedestrian ways,500000.0,True,655.0,32.6
WS/MP18311/2024-2025/153613,MALVINDER SINGH KANG,Punjab,ANANDPUR SAHIB,Installation of fixed garden gym equipment,300000.0,False,637.0,32.6
WS/MP18311/2024-2025/153577,MALVINDER SINGH KANG,Punjab,ANANDPUR SAHIB,Installation of fixed garden gym equipment,300000.0,False,638.0,32.6
WS/MP18311/2024-2025/153600,MALVINDER SINGH KANG,Punjab,ANANDPUR SAHIB,Installation of fixed garden gym equipment,300000.0,False,638.0,32.6
WS/MP18064/2024-2025/154879,NAVEEN JINDAL,Haryana,KURUKSHETRA,Crematoriums/energy efficient crematoriums or structures on burial/cremation ground,297000.0,False,635.0,32.6
WS/MP632/2024-2025/134589,Anto Antony,Kerala,PATHANAMTHITTA,Purchase of books for public libraries/ digitization of library books,50000.0,True,579.0,32.6
WS/MP18183/2024-2025/140770,MURASOLI S,Tamil Nadu,THANJAVUR,Construction of community centers and community halls,1349348.0,True,547.0,32.6
WS/MP18062/2024-2025/154058,JAI PARKASH,Haryana,HISAR,"Construction of roads, link roads, pathways or any other road with or without drainage system",500000.0,False,639.0,32.5
WS/MP18095/2025-2026/139280,K. C VENUGOPAL,Kerala,ALAPPUZHA,Purchase of vans and buses for educational institutions,2222622.0,True,321.0,32.5
WS/MP18062/2024-2025/154026,JAI PARKASH,Haryana,HISAR,"Construction of roads, link roads, pathways or any other road with or without drainage system",299950.0,False,639.0,32.5
WS/MP18062/2024-2025/154024,JAI PARKASH,Haryana,HISAR,"Construction of roads, link roads, pathways or any other road with or without drainage system",500000.0,False,639.0,32.5
WS/MP423/2025-2026/139237,Shri Abhishek Banerjee,West Bengal,DIAMOND HARBOUR,"Purchase of ambulances (Four, three and two wheelers)",900000.0,True,332.0,32.5
WS/MP499/2024-2025/144948,Smt Satabdi Roy (Banerjee),West Bengal,BIRBHUM,Installing community drinking water plants,250000.0,True,563.0,32.4
WS/MP858/2025-2026/137767,Asit Kumar Mal,West Bengal,BOLPUR(SC),"Construction of cycle tracks, cycle stand and segregated non-motorized vehicle (NMV) lanes",339202.0,True,402.0,32.4
WS/MP18193/2024-2025/151783,EATALA RAJENDER,Telangana,MALKAJGIRI,Crematoriums/energy efficient crematoriums or structures on burial/cremation ground,800000.0,False,650.0,32.4
WS/MP18095/2025-2026/139296,K. C VENUGOPAL,Kerala,ALAPPUZHA,Construction of buildings for crèches and anganwadies,1500000.0,True,281.0,32.4
WS/MP18193/2024-2025/150344,EATALA RAJENDER,Telangana,MALKAJGIRI,Crematoriums/energy efficient crematoriums or structures on burial/cremation ground,1050000.0,False,660.0,32.4
WS/MP18074/2024-2025/136751,KALI CHARAN MUNDA,Jharkhand,KHUNTI(ST),Construction of common work sheds/ common covered sitting area,300000.0,True,692.0,32.3
WS/MP600/2025-2026/148266,Jitendra Singh,Jammu And Kashmir,UDHAMPUR,"Construction of roads, link roads, pathways or any other road with or without drainage system",300000.0,True,461.0,32.3
,Mala Rajya Laxmi Shah,Uttarakhand,TEHRI GARHWAL,Unknown,250000.0,False,637.0,32.2
WS/MP18133/2025-2026/148514,SHRIMANT CHH UDAYANRAJE PRATAPSINHAMAHARAJ BHONSLE,Maharashtra,SATARA,Crematoriums/energy efficient crematoriums or structures on burial/cremation ground,500000.0,True,488.0,32.2
WS/MP632/2024-2025/142401,Anto Antony,Kerala,PATHANAMTHITTA,Construction of bus-sheds or bus-stops,500000.0,True,514.0,32.2
WS/MP18095/2025-2026/147401,K. C VENUGOPAL,Kerala,ALAPPUZHA,Purchase of vans and buses for educational institutions,2100000.0,True,377.0,32.2
WS/MP18074/2024-2025/137034,KALI CHARAN MUNDA,Jharkhand,KHUNTI(ST),Installing tube-wells and borewells,400000.0,True,678.0,32.2
WS/MP632/2024-2025/142380,Anto Antony,Kerala,PATHANAMTHITTA,Construction of bus-sheds or bus-stops,500000.0,True,513.0,32.2
WS/MP18248/2025-2026/153085,DR. SHARMILA SARKAR,West Bengal,BARDHAMAN PURBA(SC),Providing CCTV camera system for security of public areas,550000.0,False,643.0,32.1
WS/MP353/2025-2026/153112,Adv Dean Kuriakose,Kerala,IDUKKI,Lighting of public spaces,215496.0,False,642.0,32.0
WS/MP353/2025-2026/153114,Adv Dean Kuriakose,Kerala,IDUKKI,Lighting of public spaces,215496.0,False,642.0,32.0
WS/MP524/2024-2025/152581,Midhun Reddy,Andhra Pradesh,RAJAMPET,Renovation of ponds and lakes,500000.0,False,647.0,32.0
WS/MP18308/2025-2026/145426,RAVINDRA DATTARAM WAIKAR,Maharashtra,MUMBAI NORTH WEST,Fitting of Sitting RCC Benches in Public Places,1500000.0,True,396.0,32.0
WS/MP18308/2025-2026/145433,RAVINDRA DATTARAM WAIKAR,Maharashtra,MUMBAI NORTH WEST,Fitting of Sitting RCC Benches in Public Places,1500000.0,True,382.0,32.0
WS/MP353/2025-2026/153126,Adv Dean Kuriakose,Kerala,IDUKKI,Lighting of public spaces,215496.0,False,642.0,32.0
WS/MP353/2025-2026/153138,Adv Dean Kuriakose,Kerala,IDUKKI,Lighting of public spaces,215496.0,False,642.0,32.0
WS/MP524/2024-2025/152583,Midhun Reddy,Andhra Pradesh,RAJAMPET,Renovation of ponds and lakes,500000.0,False,647.0,32.0
WS/MP353/2025-2026/153121,Adv Dean Kuriakose,Kerala,IDUKKI,Lighting of public spaces,215496.0,False,642.0,32.0
WS/MP353/2025-2026/153118,Adv Dean Kuriakose,Kerala,IDUKKI,Lighting of public spaces,215496.0,False,642.0,32.0
WS/MP353/2025-2026/153119,Adv Dean Kuriakose,Kerala,IDUKKI,Lighting of public spaces,215496.0,False,642.0,32.0
WS/MP353/2025-2026/153122,Adv Dean Kuriakose,Kerala,IDUKKI,Lighting of public spaces,215496.0,False,642.0,32.0
WS/MP353/2025-2026/153124,Adv Dean Kuriakose,Kerala,IDUKKI,Lighting of public spaces,215496.0,False,642.0,32.0
,Nityanand Rai,Bihar,UJJARPUR,Unknown,325000.0,False,634.0,31.9
,Nityanand Rai,Bihar,UJJARPUR,Unknown,325000.0,False,634.0,31.9
,Nityanand Rai,Bihar,UJJARPUR,Unknown,325000.0,False,634.0,31.9
WS/MP18048/2024-2025/149428,MAHESH KASHYAP,Chhattisgarh,BASTAR(ST),Construction of common work sheds/ common covered sitting area,476145.0,False,666.0,31.9
WS/MP18048/2024-2025/149431,MAHESH KASHYAP,Chhattisgarh,BASTAR(ST),Construction of common work sheds/ common covered sitting area,476461.0,False,666.0,31.9
WS/MP18048/2024-2025/149427,MAHESH KASHYAP,Chhattisgarh,BASTAR(ST),Construction of common work sheds/ common covered sitting area,476145.0,False,666.0,31.9
WS/MP345/2024-2025/135019,Shri NK Premachandran,Kerala,KOLLAM,Construction of buildings for crèches and anganwadies,2479478.34,True,528.0,31.9
,Nityanand Rai,Bihar,UJJARPUR,Unknown,325000.0,False,634.0,31.9
WS/MP18152/2024-2025/141161,SARABJEET SINGH KHALSA,Punjab,FARIDKOT(SC),Development of public parks,300000.0,True,590.0,31.8
WS/MP18062/2024-2025/153794,JAI PARKASH,Haryana,HISAR,"Construction of roads, link roads, pathways or any other road with or without drainage system",799515.0,False,640.0,31.8
WS/MP664/2026-2027/146585,Arvind Ganpat Sawant,Maharashtra,MUMBAI SOUTH,Development of playground,1500000.0,True,97.0,31.8
WS/MP18095/2025-2026/139347,K. C VENUGOPAL,Kerala,ALAPPUZHA,Construction of culverts and bridges,2500000.0,True,412.0,31.7
WS/MP18238/2024-2025/141061,RAMASHANKAR RAJBHAR,Uttar Pradesh,SALEMPUR,Improvement of electricity distribution infrastructure,450000.0,True,611.0,31.7
WS/MP632/2025-2026/142074,Anto Antony,Kerala,PATHANAMTHITTA,Lighting of public spaces,215789.0,True,484.0,31.7
WS/MP18253/2025-2026/150571,BAPI HALDAR,West Bengal,MATHURAPUR(SC),Construction of common work sheds/ common covered sitting area,299678.0,False,658.0,31.7
WS/MP632/2025-2026/142065,Anto Antony,Kerala,PATHANAMTHITTA,Lighting of public spaces,215789.0,True,484.0,31.7
WS/MP743/2025-2026/142803,Ganesan Selvam,Tamil Nadu,KANCHEEPURAM(SC),Construction of buildings for community cultural activities,900000.0,True,229.0,31.7
WS/MP638/2024-2025/152430,Virendra Kumar,Madhya Pradesh,TIKAMGARH(SC),Construction of buildings for community cultural activities,1200000.0,False,647.0,31.7
WS/MP638/2024-2025/152372,Virendra Kumar,Madhya Pradesh,TIKAMGARH(SC),Construction of buildings for community cultural activities,1200000.0,False,647.0,31.7
WS/MP638/2024-2025/152371,Virendra Kumar,Madhya Pradesh,TIKAMGARH(SC),Construction of buildings for community cultural activities,1200000.0,False,647.0,31.7
WS/MP638/2025-2026/152432,Virendra Kumar,Madhya Pradesh,TIKAMGARH(SC),Construction of buildings for community cultural activities,1200000.0,False,647.0,31.7
WS/MP423/2024-2025/138575,Shri Abhishek Banerjee,West Bengal,DIAMOND HARBOUR,Providing drains and gutters for public drainage,299987.0,True,622.0,31.7
WS/MP345/2024-2025/135014,Shri NK Premachandran,Kerala,KOLLAM,Construction of public libraries and reading rooms,1000000.0,True,528.0,31.7
WS/MP638/2024-2025/152436,Virendra Kumar,Madhya Pradesh,TIKAMGARH(SC),Construction of buildings for community cultural activities,1200000.0,False,647.0,31.7
WS/MP638/2024-2025/152435,Virendra Kumar,Madhya Pradesh,TIKAMGARH(SC),Construction of buildings for community cultural activities,1200000.0,False,647.0,31.7
WS/MP638/2024-2025/152354,Virendra Kumar,Madhya Pradesh,TIKAMGARH(SC),Construction of buildings for community cultural activities,1200000.0,False,647.0,31.7
WS/MP638/2024-2025/152434,Virendra Kumar,Madhya Pradesh,TIKAMGARH(SC),Construction of buildings for community cultural activities,1200000.0,False,647.0,31.7
WS/MP638/2024-2025/152420,Virendra Kumar,Madhya Pradesh,TIKAMGARH(SC),Construction of buildings for community cultural activities,1200000.0,False,647.0,31.7
WS/MP638/2024-2025/152431,Virendra Kumar,Madhya Pradesh,TIKAMGARH(SC),Construction of buildings for community cultural activities,1200000.0,False,647.0,31.7
WS/MP638/2024-2025/152433,Virendra Kumar,Madhya Pradesh,TIKAMGARH(SC),Construction of buildings for community cultural activities,1200000.0,False,647.0,31.7
WS/MP18133/2025-2026/148917,SHRIMANT CHH UDAYANRAJE PRATAPSINHAMAHARAJ BHONSLE,Maharashtra,SATARA,Construction of community centers and community halls,500000.0,True,376.0,31.6
WS/MP18328/2024-2025/144159,Kangana Ranaut,Himachal Pradesh,MANDI,Construction of community centers and community halls,1000000.0,True,643.0,31.6
WS/MP18271/2025-2026/135006,JAGADISH CHANDRA BARMA BASUNIA,West Bengal,COOCHBEHAR(SC),Lighting of public spaces,586716.0,True,361.0,31.6
WS/MP18271/2025-2026/135180,JAGADISH CHANDRA BARMA BASUNIA,West Bengal,COOCHBEHAR(SC),Lighting of public spaces,586716.0,True,361.0,31.6
WS/MP18271/2025-2026/135182,JAGADISH CHANDRA BARMA BASUNIA,West Bengal,COOCHBEHAR(SC),Lighting of public spaces,586716.0,True,361.0,31.6
WS/MP18271/2025-2026/135183,JAGADISH CHANDRA BARMA BASUNIA,West Bengal,COOCHBEHAR(SC),Lighting of public spaces,586716.0,True,361.0,31.6
WS/MP18271/2025-2026/135184,JAGADISH CHANDRA BARMA BASUNIA,West Bengal,COOCHBEHAR(SC),Lighting of public spaces,586716.0,True,361.0,31.6
WS/MP18271/2025-2026/135210,JAGADISH CHANDRA BARMA BASUNIA,West Bengal,COOCHBEHAR(SC),Lighting of public spaces,586716.0,True,361.0,31.6
WS/MP18271/2025-2026/135185,JAGADISH CHANDRA BARMA BASUNIA,West Bengal,COOCHBEHAR(SC),Lighting of public spaces,586716.0,True,361.0,31.6
WS/MP18271/2025-2026/135272,JAGADISH CHANDRA BARMA BASUNIA,West Bengal,COOCHBEHAR(SC),Lighting of public spaces,586716.0,True,361.0,31.6
WS/MP18271/2025-2026/135007,JAGADISH CHANDRA BARMA BASUNIA,West Bengal,COOCHBEHAR(SC),Lighting of public spaces,586716.0,True,361.0,31.6
WS/MP18271/2025-2026/135164,JAGADISH CHANDRA BARMA BASUNIA,West Bengal,COOCHBEHAR(SC),Lighting of public spaces,586716.0,True,361.0,31.6
WS/MP18271/2025-2026/135004,JAGADISH CHANDRA BARMA BASUNIA,West Bengal,COOCHBEHAR(SC),Lighting of public spaces,586716.0,True,361.0,31.6
WS/MP743/2025-2026/142806,Ganesan Selvam,Tamil Nadu,KANCHEEPURAM(SC),Construction of buildings for community cultural activities,899711.0,True,339.0,31.6
WS/MP18271/2025-2026/135165,JAGADISH CHANDRA BARMA BASUNIA,West Bengal,COOCHBEHAR(SC),Lighting of public spaces,586716.0,True,361.0,31.6
WS/MP18271/2025-2026/135166,JAGADISH CHANDRA BARMA BASUNIA,West Bengal,COOCHBEHAR(SC),Lighting of public spaces,586716.0,True,361.0,31.6
WS/MP582/2024-2025/147392,Prabhubhai Nagarbhai Vasava,Gujarat,BARDOLI(ST),Construction of footpaths and pedestrian ways,400000.0,True,628.0,31.6
WS/MP429/2024-2025/140534,Jyotsna Charandas Mahant,Chhattisgarh,KORBA,Construction of common work sheds/ common covered sitting area,200000.0,True,523.0,31.6
WS/MP18271/2025-2026/135005,JAGADISH CHANDRA BARMA BASUNIA,West Bengal,COOCHBEHAR(SC),Lighting of public spaces,586716.0,True,361.0,31.6
WS/MP18133/2025-2026/148483,SHRIMANT CHH UDAYANRAJE PRATAPSINHAMAHARAJ BHONSLE,Maharashtra,SATARA,Construction of community centers and community halls,500000.0,True,376.0,31.6
WS/MP18062/2024-2025/154053,JAI PARKASH,Haryana,HISAR,"Construction of roads, link roads, pathways or any other road with or without drainage system",1000000.0,False,639.0,31.6
WS/MP18271/2025-2026/135163,JAGADISH CHANDRA BARMA BASUNIA,West Bengal,COOCHBEHAR(SC),Lighting of public spaces,586716.0,True,361.0,31.6
WS/MP18271/2025-2026/135172,JAGADISH CHANDRA BARMA BASUNIA,West Bengal,COOCHBEHAR(SC),Lighting of public spaces,586716.0,True,361.0,31.6
WS/MP18271/2025-2026/135173,JAGADISH CHANDRA BARMA BASUNIA,West Bengal,COOCHBEHAR(SC),Lighting of public spaces,586716.0,True,361.0,31.6
WS/MP18271/2025-2026/135171,JAGADISH CHANDRA BARMA BASUNIA,West Bengal,COOCHBEHAR(SC),Lighting of public spaces,586716.0,True,361.0,31.6
WS/MP394/2025-2026/136041,Shri vijayakumar Vasanth,Tamil Nadu,KANNIYAKUMARI,Construction of rooms and halls in school and colleges,2500000.0,True,351.0,31.6
WS/MP18271/2025-2026/135181,JAGADISH CHANDRA BARMA BASUNIA,West Bengal,COOCHBEHAR(SC),Lighting of public spaces,586716.0,True,361.0,31.6
WS/MP18271/2025-2026/135012,JAGADISH CHANDRA BARMA BASUNIA,West Bengal,COOCHBEHAR(SC),Lighting of public spaces,586716.0,True,361.0,31.6
WS/MP18248/2024-2025/150921,DR. SHARMILA SARKAR,West Bengal,BARDHAMAN PURBA(SC),Construction of buildings for community cultural activities,700000.0,False,656.0,31.5
WS/MP18183/2024-2025/143387,MURASOLI S,Tamil Nadu,THANJAVUR,Construction of public libraries and reading rooms,4980095.0,True,543.0,31.5
WS/MP18277/2024-2025/149794,AZAD KIRTI JHA,West Bengal,BARDHAMAN-DURGAPUR,Crematoriums/energy efficient crematoriums or structures on burial/cremation ground,550000.0,False,663.0,31.4
WS/MP18277/2024-2025/149797,AZAD KIRTI JHA,West Bengal,BARDHAMAN-DURGAPUR,Crematoriums/energy efficient crematoriums or structures on burial/cremation ground,550000.0,False,663.0,31.4
WS/MP18133/2025-2026/148481,SHRIMANT CHH UDAYANRAJE PRATAPSINHAMAHARAJ BHONSLE,Maharashtra,SATARA,Construction of community centers and community halls,700000.0,True,370.0,31.4
WS/MP18095/2025-2026/147400,K. C VENUGOPAL,Kerala,ALAPPUZHA,Installing community drinking water plants,358334.0,True,177.0,31.4
WS/MP18082/2025-2026/154597,GOVIND MAKTHAPPA KARJOL,Karnataka,CHITRADURGA(SC),Purchase of hospital equipment,500000.0,False,636.0,31.3
WS/MP18322/2024-2025/140654,NALIN SOREN,Jharkhand,DUMKA(ST),Renovation of ponds and lakes,600000.0,True,611.0,31.3
WS/MP18277/2024-2025/149815,AZAD KIRTI JHA,West Bengal,BARDHAMAN-DURGAPUR,Construction of boundary walls of existing public and community buildings,500000.0,False,663.0,31.3
WS/MP18311/2024-2025/142721,MALVINDER SINGH KANG,Punjab,ANANDPUR SAHIB,"Construction of rooms and facilities for hospitals, FWC , PHC Centers and ANM centers",200000.0,True,657.0,31.3
WS/MP18048/2024-2025/147874,MAHESH KASHYAP,Chhattisgarh,BASTAR(ST),Construction of buildings for community cultural activities,500000.0,True,620.0,31.3
WS/MP18048/2024-2025/148036,MAHESH KASHYAP,Chhattisgarh,BASTAR(ST),Construction of buildings for community cultural activities,500000.0,True,620.0,31.3
WS/MP18082/2025-2026/154598,GOVIND MAKTHAPPA KARJOL,Karnataka,CHITRADURGA(SC),Purchase of hospital equipment,500000.0,False,636.0,31.3
WS/MP524/2024-2025/147044,Midhun Reddy,Andhra Pradesh,RAJAMPET,Installing tube-wells and borewells,180000.0,True,599.0,31.2
WS/MP644/2024-2025/151117,Janardan Mishra,Madhya Pradesh,REWA,Street lights,1744500.0,False,655.0,31.2
WS/MP18048/2024-2025/148032,MAHESH KASHYAP,Chhattisgarh,BASTAR(ST),Construction of buildings for community cultural activities,867000.0,True,620.0,31.1
WS/MP638/2024-2025/152489,Virendra Kumar,Madhya Pradesh,TIKAMGARH(SC),Crematoriums/energy efficient crematoriums or structures on burial/cremation ground,500000.0,False,647.0,31.1
WS/MP18048/2024-2025/147893,MAHESH KASHYAP,Chhattisgarh,BASTAR(ST),Construction of buildings for community cultural activities,900000.0,True,620.0,31.1
WS/MP18048/2024-2025/147769,MAHESH KASHYAP,Chhattisgarh,BASTAR(ST),Construction of buildings for community cultural activities,991000.0,True,620.0,31.1
WS/MP632/2024-2025/142073,Anto Antony,Kerala,PATHANAMTHITTA,Lighting of public spaces,217501.0,True,541.0,31.0
WS/MP743/2025-2026/142805,Ganesan Selvam,Tamil Nadu,KANCHEEPURAM(SC),Construction of bus-sheds or bus-stops,799198.0,True,369.0,31.0
,BALRAM NAIK PORIKA,Telangana,MAHABUBABAD,Unknown,500000.0,False,656.0,31.0
WS/MP429/2024-2025/140541,Jyotsna Charandas Mahant,Chhattisgarh,KORBA,Construction of common work sheds/ common covered sitting area,200000.0,True,675.0,31.0
WS/MP18335/2025-2026/150723,RADHE SHYAM RATHIYA,Chhattisgarh,RAIGARH(ST),"Purchase of smart boards, visual display units and projectors",500000.0,False,656.0,31.0
WS/MP429/2024-2025/140546,Jyotsna Charandas Mahant,Chhattisgarh,KORBA,Construction of common work sheds/ common covered sitting area,200000.0,True,675.0,31.0
WS/MP429/2024-2025/140553,Jyotsna Charandas Mahant,Chhattisgarh,KORBA,Construction of common work sheds/ common covered sitting area,200000.0,True,675.0,31.0
WS/MP429/2024-2025/140548,Jyotsna Charandas Mahant,Chhattisgarh,KORBA,Construction of common work sheds/ common covered sitting area,200000.0,True,675.0,31.0
,BALRAM NAIK PORIKA,Telangana,MAHABUBABAD,Unknown,500000.0,False,656.0,31.0
WS/MP644/2024-2025/151165,Janardan Mishra,Madhya Pradesh,REWA,Street lights,697800.0,False,655.0,31.0
,BALRAM NAIK PORIKA,Telangana,MAHABUBABAD,Unknown,500000.0,False,656.0,31.0
WS/MP18048/2024-2025/147870,MAHESH KASHYAP,Chhattisgarh,BASTAR(ST),Construction of buildings for community cultural activities,700000.0,True,620.0,30.9
WS/MP18133/2025-2026/148485,SHRIMANT CHH UDAYANRAJE PRATAPSINHAMAHARAJ BHONSLE,Maharashtra,SATARA,Construction of community centers and community halls,1000000.0,True,376.0,30.9
WS/MP18307/2025-2026/143526,Piyush Vedprakash Goyal,Maharashtra,MUMBAI NORTH,Construction of rooms and halls in school and colleges,4500000.0,True,151.0,30.9
WS/MP18335/2025-2026/150722,RADHE SHYAM RATHIYA,Chhattisgarh,RAIGARH(ST),Construction of water tanks,50000.0,False,656.0,30.9
WS/MP18133/2025-2026/148463,SHRIMANT CHH UDAYANRAJE PRATAPSINHAMAHARAJ BHONSLE,Maharashtra,SATARA,Construction of community centers and community halls,1000000.0,True,376.0,30.9
WS/MP18133/2025-2026/148479,SHRIMANT CHH UDAYANRAJE PRATAPSINHAMAHARAJ BHONSLE,Maharashtra,SATARA,Construction of community centers and community halls,1000000.0,True,376.0,30.9
WS/MP18133/2025-2026/148598,SHRIMANT CHH UDAYANRAJE PRATAPSINHAMAHARAJ BHONSLE,Maharashtra,SATARA,Construction of community centers and community halls,1000000.0,True,376.0,30.9
WS/MP18133/2025-2026/148486,SHRIMANT CHH UDAYANRAJE PRATAPSINHAMAHARAJ BHONSLE,Maharashtra,SATARA,Construction of community centers and community halls,1000000.0,True,376.0,30.9
WS/MP478/2025-2026/154239,Mala Rajya Laxmi Shah,Uttarakhand,TEHRI GARHWAL,Construction of culverts and bridges,100000.0,False,637.0,30.8
WS/MP18335/2025-2026/150781,RADHE SHYAM RATHIYA,Chhattisgarh,RAIGARH(ST),"Purchase of smart boards, visual display units and projectors",1000000.0,False,656.0,30.8
WS/MP345/2024-2025/138113,Shri NK Premachandran,Kerala,KOLLAM,Construction of buildings for crèches and anganwadies,1285000.0,True,520.0,30.8
WS/MP410/2024-2025/146780,Pradan Baruah,Assam,LAKHIMPUR,Construction of community centers and community halls,300000.0,True,598.0,30.7
WS/MP574/2025-2026/145479,Bharatsinhji Shankarji Dabhi,Gujarat,PATAN,Construction of rooms and halls in school and colleges,500000.0,True,367.0,30.7
WS/MP574/2025-2026/145482,Bharatsinhji Shankarji Dabhi,Gujarat,PATAN,Construction of rooms and halls in school and colleges,500000.0,True,367.0,30.7
WS/MP574/2025-2026/145476,Bharatsinhji Shankarji Dabhi,Gujarat,PATAN,Construction of rooms and halls in school and colleges,500000.0,True,367.0,30.7
WS/MP638/2024-2025/152452,Virendra Kumar,Madhya Pradesh,TIKAMGARH(SC),Construction of public toilets and bathrooms,500000.0,False,647.0,30.7
WS/MP574/2025-2026/145489,Bharatsinhji Shankarji Dabhi,Gujarat,PATAN,Construction of rooms and halls in school and colleges,500000.0,True,367.0,30.7
WS/MP644/2024-2025/151181,Janardan Mishra,Madhya Pradesh,REWA,Street lights,3837900.0,False,655.0,30.7
WS/MP644/2024-2025/151113,Janardan Mishra,Madhya Pradesh,REWA,Street lights,3663450.0,False,655.0,30.6
WS/MP394/2025-2026/136038,Shri vijayakumar Vasanth,Tamil Nadu,KANNIYAKUMARI,Construction of community centers and community halls,1000000.0,True,173.0,30.6
WS/MP18249/2025-2026/144807,PARTHA BHOWMICK,West Bengal,BARRACKPUR,Construction of community centers and community halls,700000.0,True,180.0,30.6
,Shri Bhartruhari Mahtab,Odisha,CUTTACK,Unknown,950000.0,False,653.0,30.6
WS/MP394/2025-2026/136039,Shri vijayakumar Vasanth,Tamil Nadu,KANNIYAKUMARI,Construction of community centers and community halls,1000000.0,True,354.0,30.6
WS/MP18048/2024-2025/148038,MAHESH KASHYAP,Chhattisgarh,BASTAR(ST),Construction of buildings for community cultural activities,487000.0,True,620.0,30.5
WS/MP641/2024-2025/153847,Gajendra Singh Patel,Madhya Pradesh,KHARGONE(ST),Purchase of mobile water tankers,166026.0,False,639.0,30.5
WS/MP524/2024-2025/151573,Midhun Reddy,Andhra Pradesh,RAJAMPET,Providing supply pipelines for drinking water,500000.0,False,647.0,30.5
WS/MP18311/2024-2025/141029,MALVINDER SINGH KANG,Punjab,ANANDPUR SAHIB,Construction of community centers and community halls,400000.0,True,698.0,30.5
WS/MP720/2024-2025/140303,Chandra Prakash Joshi,Rajasthan,CHITTORGARH,Construction of buildings for community cultural activities,500000.0,True,640.0,30.5
WS/MP18152/2024-2025/140028,SARABJEET SINGH KHALSA,Punjab,FARIDKOT(SC),Construction of community centers and community halls,400000.0,True,611.0,30.5
WS/MP18048/2024-2025/148042,MAHESH KASHYAP,Chhattisgarh,BASTAR(ST),Construction of buildings for community cultural activities,487000.0,True,620.0,30.5
WS/MP410/2024-2025/146775,Pradan Baruah,Assam,LAKHIMPUR,Construction of community centers and community halls,1000000.0,True,545.0,30.5
WS/MP641/2024-2025/153848,Gajendra Singh Patel,Madhya Pradesh,KHARGONE(ST),Purchase of mobile water tankers,166026.0,False,639.0,30.5
WS/MP641/2024-2025/153850,Gajendra Singh Patel,Madhya Pradesh,KHARGONE(ST),Purchase of mobile water tankers,166026.0,False,639.0,30.5
WS/MP641/2024-2025/153849,Gajendra Singh Patel,Madhya Pradesh,KHARGONE(ST),Purchase of mobile water tankers,166026.0,False,639.0,30.5
WS/MP632/2024-2025/142306,Anto Antony,Kerala,PATHANAMTHITTA,Lighting of public spaces,219745.0,True,529.0,30.4
WS/MP18393/2024-2025/154072,MADHAVANENI RAGHUNANDAN RAO,Telangana,MEDAK,Construction of public libraries and reading rooms,300000.0,False,639.0,30.4
WS/MP353/2024-2025/153140,Adv Dean Kuriakose,Kerala,IDUKKI,Lighting of public spaces,207949.0,False,642.0,30.4
WS/MP18393/2024-2025/154059,MADHAVANENI RAGHUNANDAN RAO,Telangana,MEDAK,Construction of public libraries and reading rooms,500000.0,False,639.0,30.4
WS/MP18393/2024-2025/154070,MADHAVANENI RAGHUNANDAN RAO,Telangana,MEDAK,Construction of public libraries and reading rooms,500000.0,False,639.0,30.4
WS/MP18065/2025-2026/135808,DEEPENDER SINGH HOODA,Haryana,ROHTAK,Construction of buildings for sports facilities,500000.0,True,384.0,30.4
WS/MP632/2024-2025/142370,Anto Antony,Kerala,PATHANAMTHITTA,Lighting of public spaces,219745.0,True,529.0,30.4
,Mala Rajya Laxmi Shah,Uttarakhand,TEHRI GARHWAL,Unknown,100000.0,False,637.0,30.3
WS/MP18076/2025-2026/145723,DR C N MANJUNATH,Karnataka,BANGALORE RURAL,Construction of bus-sheds or bus-stops,500000.0,True,404.0,30.3
WS/MP18076/2025-2026/145721,DR C N MANJUNATH,Karnataka,BANGALORE RURAL,Construction of bus-sheds or bus-stops,500000.0,True,404.0,30.3
WS/MP18076/2025-2026/145696,DR C N MANJUNATH,Karnataka,BANGALORE RURAL,Construction of bus-sheds or bus-stops,500000.0,True,404.0,30.3
WS/MP18076/2025-2026/145695,DR C N MANJUNATH,Karnataka,BANGALORE RURAL,Construction of bus-sheds or bus-stops,500000.0,True,404.0,30.3
WS/MP18076/2025-2026/145722,DR C N MANJUNATH,Karnataka,BANGALORE RURAL,Construction of bus-sheds or bus-stops,500000.0,True,404.0,30.3
WS/MP353/2024-2025/155227,Adv Dean Kuriakose,Kerala,IDUKKI,"Construction of roads, link roads, pathways or any other road with or without drainage system",1000000.0,False,635.0,30.3
,Mala Rajya Laxmi Shah,Uttarakhand,TEHRI GARHWAL,Unknown,100000.0,False,637.0,30.2
WS/MP18048/2024-2025/145574,MAHESH KASHYAP,Chhattisgarh,BASTAR(ST),Construction of buildings for community cultural activities,500000.0,True,604.0,30.2
WS/MP18065/2025-2026/134736,DEEPENDER SINGH HOODA,Haryana,ROHTAK,Construction of buildings for multi-gym,1000000.0,True,356.0,30.2
WS/MP18065/2024-2025/135793,DEEPENDER SINGH HOODA,Haryana,ROHTAK,Construction of community centers and community halls,500000.0,True,577.0,30.1
WS/MP18065/2024-2025/135798,DEEPENDER SINGH HOODA,Haryana,ROHTAK,Construction of community centers and community halls,500000.0,True,577.0,30.1
WS/MP644/2024-2025/151169,Janardan Mishra,Madhya Pradesh,REWA,Street lights,1395600.0,False,655.0,30.1
,Bansuri Swaraj,Delhi,NEW DELHI,Unknown,565600.0,False,645.0,30.1
WS/MP632/2024-2025/142330,Anto Antony,Kerala,PATHANAMTHITTA,Lighting of public spaces,219831.0,True,529.0,30.1
WS/MP632/2024-2025/142381,Anto Antony,Kerala,PATHANAMTHITTA,Lighting of public spaces,221132.0,True,524.0,30.1
WS/MP632/2024-2025/142379,Anto Antony,Kerala,PATHANAMTHITTA,Lighting of public spaces,222303.0,True,524.0,30.1
WS/MP632/2024-2025/142378,Anto Antony,Kerala,PATHANAMTHITTA,Lighting of public spaces,222303.0,True,524.0,30.1
WS/MP632/2024-2025/142079,Anto Antony,Kerala,PATHANAMTHITTA,Lighting of public spaces,218793.0,True,544.0,30.1
WS/MP632/2024-2025/142383,Anto Antony,Kerala,PATHANAMTHITTA,Lighting of public spaces,221132.0,True,524.0,30.1
WS/MP632/2024-2025/142409,Anto Antony,Kerala,PATHANAMTHITTA,Lighting of public spaces,219831.0,True,529.0,30.1
WS/MP632/2024-2025/142382,Anto Antony,Kerala,PATHANAMTHITTA,Lighting of public spaces,221132.0,True,524.0,30.1
WS/MP644/2024-2025/151160,Janardan Mishra,Madhya Pradesh,REWA,Street lights,1395600.0,False,655.0,30.1
WS/MP758/2025-2026/149078,Smt S Jothimani,Tamil Nadu,KARUR,Purchase of hospital equipment,137500.0,False,670.0,30.0
WS/MP353/2024-2025/144141,Adv Dean Kuriakose,Kerala,IDUKKI,Lighting of public spaces,207949.0,True,551.0,30.0
WS/MP18393/2024-2025/154074,MADHAVANENI RAGHUNANDAN RAO,Telangana,MEDAK,Construction of public libraries and reading rooms,100000.0,False,639.0,30.0
WS/MP18173/2024-2025/137448,THARANIVENTHAN M S,Tamil Nadu,ARANI,Construction of boundary walls of existing public and community buildings,499950.0,True,671.0,30.0
WS/MP423/2025-2026/138923,Shri Abhishek Banerjee,West Bengal,DIAMOND HARBOUR,Construction of rooms and halls in school and colleges,1498000.0,True,478.0,30.0
WS/MP740/2025-2026/140343,Andimuthu Raja,Tamil Nadu,NILGIRIS(SC),Construction of water tanks,899731.0,True,320.0,30.0
WS/MP353/2024-2025/144150,Adv Dean Kuriakose,Kerala,IDUKKI,Lighting of public spaces,207949.0,True,551.0,30.0
WS/MP18393/2024-2025/154073,MADHAVANENI RAGHUNANDAN RAO,Telangana,MEDAK,Construction of public libraries and reading rooms,100000.0,False,639.0,30.0
WS/MP353/2024-2025/144154,Adv Dean Kuriakose,Kerala,IDUKKI,Lighting of public spaces,207949.0,True,551.0,30.0
WS/MP353/2024-2025/144155,Adv Dean Kuriakose,Kerala,IDUKKI,Lighting of public spaces,215496.0,True,551.0,29.9
WS/MP18074/2024-2025/136932,KALI CHARAN MUNDA,Jharkhand,KHUNTI(ST),Construction of rooms and halls in school and colleges,1200000.0,True,678.0,29.9
WS/MP18065/2025-2026/135231,DEEPENDER SINGH HOODA,Haryana,ROHTAK,Construction of boundary walls of existing public and community buildings,500000.0,True,160.0,29.9
WS/MP353/2024-2025/144140,Adv Dean Kuriakose,Kerala,IDUKKI,Lighting of public spaces,215496.0,True,551.0,29.9
WS/MP499/2025-2026/144953,Smt Satabdi Roy (Banerjee),West Bengal,BIRBHUM,"Construction of roads, link roads, pathways or any other road with or without drainage system",474443.0,True,467.0,29.8
WS/MP632/2025-2026/142076,Anto Antony,Kerala,PATHANAMTHITTA,"Purchase of ambulances (Four, three and two wheelers)",900000.0,True,166.0,29.8
WS/MP632/2025-2026/142400,Anto Antony,Kerala,PATHANAMTHITTA,"Purchase of ambulances (Four, three and two wheelers)",872863.0,True,311.0,29.8
WS/MP664/2025-2026/146325,Arvind Ganpat Sawant,Maharashtra,MUMBAI SOUTH,Construction of community centers and community halls,1193715.0,True,340.0,29.8
WS/MP632/2024-2025/142326,Anto Antony,Kerala,PATHANAMTHITTA,Lighting of public spaces,219745.0,True,521.0,29.8
WS/MP632/2025-2026/142391,Anto Antony,Kerala,PATHANAMTHITTA,"Purchase of ambulances (Four, three and two wheelers)",872863.0,True,311.0,29.8
WS/MP632/2024-2025/142369,Anto Antony,Kerala,PATHANAMTHITTA,Lighting of public spaces,219745.0,True,521.0,29.8
WS/MP632/2024-2025/142309,Anto Antony,Kerala,PATHANAMTHITTA,Lighting of public spaces,219746.0,True,521.0,29.8
WS/MP18328/2024-2025/144162,Kangana Ranaut,Himachal Pradesh,MANDI,Construction of community centers and community halls,300000.0,True,568.0,29.8
WS/MP632/2025-2026/142059,Anto Antony,Kerala,PATHANAMTHITTA,"Purchase of ambulances (Four, three and two wheelers)",900000.0,True,291.0,29.8
,Bansuri Swaraj,Delhi,NEW DELHI,Unknown,350000.0,False,645.0,29.8
WS/MP18205/2025-2026/148492,SANATAN PANDEY,Uttar Pradesh,BALLIA,Installation of fixed garden gym equipment,690000.0,True,507.0,29.7
WS/MP18205/2025-2026/148491,SANATAN PANDEY,Uttar Pradesh,BALLIA,Installation of fixed garden gym equipment,690000.0,True,507.0,29.7
,DEEPENDER SINGH HOODA,Haryana,ROHTAK,Unknown,1100000.0,False,748.0,29.7
WS/MP664/2025-2026/146362,Arvind Ganpat Sawant,Maharashtra,MUMBAI SOUTH,Construction of community centers and community halls,1093255.0,True,340.0,29.7
WS/MP18205/2025-2026/148489,SANATAN PANDEY,Uttar Pradesh,BALLIA,Installation of fixed garden gym equipment,690000.0,True,507.0,29.7
WS/MP18048/2024-2025/149434,MAHESH KASHYAP,Chhattisgarh,BASTAR(ST),Construction of boundary walls of existing public and community buildings,1320804.0,False,666.0,29.7
WS/MP18048/2024-2025/149435,MAHESH KASHYAP,Chhattisgarh,BASTAR(ST),Construction of boundary walls of existing public and community buildings,1320804.0,False,666.0,29.7
WS/MP664/2025-2026/146329,Arvind Ganpat Sawant,Maharashtra,MUMBAI SOUTH,Construction of community centers and community halls,1246813.0,True,340.0,29.7
WS/MP18205/2025-2026/148494,SANATAN PANDEY,Uttar Pradesh,BALLIA,Installation of fixed garden gym equipment,690000.0,True,507.0,29.7
WS/MP18205/2025-2026/148490,SANATAN PANDEY,Uttar Pradesh,BALLIA,Installation of fixed garden gym equipment,690000.0,True,507.0,29.7
WS/MP18205/2025-2026/148488,SANATAN PANDEY,Uttar Pradesh,BALLIA,Installation of fixed garden gym equipment,690000.0,True,507.0,29.7
WS/MP18065/2026-2027/152353,DEEPENDER SINGH HOODA,Haryana,ROHTAK,Construction of veterinary hospitals and dispensaries,2100000.0,False,647.0,29.6
WS/MP632/2024-2025/142201,Anto Antony,Kerala,PATHANAMTHITTA,Lighting of public spaces,220500.0,True,524.0,29.6
WS/MP18313/2024-2025/141606,RAJ KUMAR ROAT,Rajasthan,BANSWARA(ST),Development of playfields and sports grounds,1200000.0,True,618.0,29.6
WS/MP664/2025-2026/146327,Arvind Ganpat Sawant,Maharashtra,MUMBAI SOUTH,Construction of community centers and community halls,1094240.0,True,340.0,29.6
WS/MP18380/2024-2025/151776,VINOD KUMAR BIND,Uttar Pradesh,BHADOHI,Lighting of public spaces,119126.0,False,650.0,29.5
WS/MP18380/2024-2025/151944,VINOD KUMAR BIND,Uttar Pradesh,BHADOHI,Lighting of public spaces,119126.0,False,650.0,29.5
WS/MP18380/2024-2025/151761,VINOD KUMAR BIND,Uttar Pradesh,BHADOHI,Lighting of public spaces,119126.0,False,650.0,29.5
WS/MP18380/2024-2025/151939,VINOD KUMAR BIND,Uttar Pradesh,BHADOHI,Lighting of public spaces,119126.0,False,650.0,29.5
WS/MP18380/2024-2025/151937,VINOD KUMAR BIND,Uttar Pradesh,BHADOHI,Lighting of public spaces,119126.0,False,650.0,29.5
WS/MP18380/2024-2025/151934,VINOD KUMAR BIND,Uttar Pradesh,BHADOHI,Lighting of public spaces,119126.0,False,650.0,29.5
WS/MP18380/2024-2025/151819,VINOD KUMAR BIND,Uttar Pradesh,BHADOHI,Lighting of public spaces,119126.0,False,650.0,29.5
WS/MP18380/2024-2025/151919,VINOD KUMAR BIND,Uttar Pradesh,BHADOHI,Lighting of public spaces,119126.0,False,650.0,29.5
WS/MP18380/2024-2025/151967,VINOD KUMAR BIND,Uttar Pradesh,BHADOHI,Lighting of public spaces,119126.0,False,650.0,29.5
WS/MP18380/2024-2025/151946,VINOD KUMAR BIND,Uttar Pradesh,BHADOHI,Lighting of public spaces,119126.0,False,650.0,29.5
WS/MP18380/2024-2025/151945,VINOD KUMAR BIND,Uttar Pradesh,BHADOHI,Lighting of public spaces,119126.0,False,650.0,29.5
WS/MP18380/2024-2025/151970,VINOD KUMAR BIND,Uttar Pradesh,BHADOHI,Lighting of public spaces,119126.0,False,650.0,29.5
WS/MP18380/2024-2025/151933,VINOD KUMAR BIND,Uttar Pradesh,BHADOHI,Lighting of public spaces,119126.0,False,650.0,29.5
WS/MP18380/2024-2025/151920,VINOD KUMAR BIND,Uttar Pradesh,BHADOHI,Lighting of public spaces,119126.0,False,650.0,29.5
WS/MP18380/2024-2025/151922,VINOD KUMAR BIND,Uttar Pradesh,BHADOHI,Lighting of public spaces,119126.0,False,650.0,29.5
WS/MP18380/2024-2025/151943,VINOD KUMAR BIND,Uttar Pradesh,BHADOHI,Lighting of public spaces,119126.0,False,650.0,29.5
WS/MP18380/2024-2025/151918,VINOD KUMAR BIND,Uttar Pradesh,BHADOHI,Lighting of public spaces,119126.0,False,650.0,29.5
WS/MP18380/2024-2025/151917,VINOD KUMAR BIND,Uttar Pradesh,BHADOHI,Lighting of public spaces,119126.0,False,650.0,29.5
WS/MP18307/2025-2026/143612,Piyush Vedprakash Goyal,Maharashtra,MUMBAI NORTH,Tree plantation for community,1500000.0,True,151.0,29.5
WS/MP18048/2024-2025/148031,MAHESH KASHYAP,Chhattisgarh,BASTAR(ST),Purchase of mobile water tankers,1120000.0,True,620.0,29.5
WS/MP18380/2024-2025/151803,VINOD KUMAR BIND,Uttar Pradesh,BHADOHI,Lighting of public spaces,119126.0,False,650.0,29.5
WS/MP18380/2024-2025/151816,VINOD KUMAR BIND,Uttar Pradesh,BHADOHI,Lighting of public spaces,119126.0,False,650.0,29.5
WS/MP18307/2025-2026/143611,Piyush Vedprakash Goyal,Maharashtra,MUMBAI NORTH,Tree plantation for community,1500000.0,True,205.0,29.5
WS/MP18152/2024-2025/137615,SARABJEET SINGH KHALSA,Punjab,FARIDKOT(SC),Construction of community centers and community halls,500000.0,True,621.0,29.5
WS/MP18307/2025-2026/143600,Piyush Vedprakash Goyal,Maharashtra,MUMBAI NORTH,Tree plantation for community,1500000.0,True,151.0,29.5
WS/MP18380/2024-2025/151938,VINOD KUMAR BIND,Uttar Pradesh,BHADOHI,Lighting of public spaces,119126.0,False,650.0,29.5
WS/MP18380/2024-2025/151931,VINOD KUMAR BIND,Uttar Pradesh,BHADOHI,Lighting of public spaces,119126.0,False,650.0,29.5
WS/MP18380/2024-2025/149489,VINOD KUMAR BIND,Uttar Pradesh,BHADOHI,Lighting of public spaces,119126.0,False,666.0,29.5
WS/MP18380/2024-2025/151921,VINOD KUMAR BIND,Uttar Pradesh,BHADOHI,Lighting of public spaces,119126.0,False,650.0,29.5
WS/MP18380/2024-2025/151969,VINOD KUMAR BIND,Uttar Pradesh,BHADOHI,Lighting of public spaces,119126.0,False,650.0,29.5
WS/MP18380/2024-2025/151973,VINOD KUMAR BIND,Uttar Pradesh,BHADOHI,Lighting of public spaces,119126.0,False,650.0,29.5
WS/MP18380/2024-2025/151818,VINOD KUMAR BIND,Uttar Pradesh,BHADOHI,Lighting of public spaces,119126.0,False,650.0,29.5
WS/MP18380/2024-2025/151782,VINOD KUMAR BIND,Uttar Pradesh,BHADOHI,Lighting of public spaces,119126.0,False,650.0,29.5
WS/MP529/2024-2025/148903,Maddila Gurumoorthy,Andhra Pradesh,TIRUPATI(SC),Providing drains and gutters for public drainage,253000.0,True,541.0,29.4
WS/MP18065/2024-2025/152351,DEEPENDER SINGH HOODA,Haryana,ROHTAK,Development of playfields and sports grounds,1100000.0,False,647.0,29.4
WS/MP345/2024-2025/138116,Shri NK Premachandran,Kerala,KOLLAM,Construction of buildings for crèches and anganwadies,1250000.0,True,526.0,29.4
WS/MP632/2024-2025/142329,Anto Antony,Kerala,PATHANAMTHITTA,Lighting of public spaces,217488.0,True,515.0,29.3
WS/MP18074/2024-2025/137039,KALI CHARAN MUNDA,Jharkhand,KHUNTI(ST),Construction of rooms and halls in school and colleges,1000000.0,True,678.0,29.3
WS/MP18065/2024-2025/152352,DEEPENDER SINGH HOODA,Haryana,ROHTAK,Construction of public libraries and reading rooms,1500000.0,False,647.0,29.3
WS/MP18152/2024-2025/141186,SARABJEET SINGH KHALSA,Punjab,FARIDKOT(SC),"Construction of roads, link roads, pathways or any other road with or without drainage system",985000.0,True,559.0,29.2
WS/MP18065/2024-2025/152350,DEEPENDER SINGH HOODA,Haryana,ROHTAK,Setting up public non-conventional energy plants,1100000.0,False,647.0,29.2
WS/MP18321/2025-2026/152522,SHOBHANABEN MAHENDRASINH BARAIYA,Gujarat,SABARKANTHA,Providing CCTV camera system for security of public areas,500000.0,False,647.0,29.2
WS/MP18021/2025-2026/145961,RAKIBUL HUSSAIN,Assam,DHUBRI,Construction of boundary walls of existing public and community buildings,250000.0,True,339.0,29.2
WS/MP18065/2025-2026/134740,DEEPENDER SINGH HOODA,Haryana,ROHTAK,Construction of community centers and community halls,1100000.0,True,384.0,29.2
WS/MP18193/2024-2025/151558,EATALA RAJENDER,Telangana,MALKAJGIRI,Development of playfields and sports grounds,1495950.0,False,652.0,29.2
WS/MP18321/2025-2026/152523,SHOBHANABEN MAHENDRASINH BARAIYA,Gujarat,SABARKANTHA,Providing CCTV camera system for security of public areas,500000.0,False,647.0,29.2
WS/MP18074/2024-2025/140514,KALI CHARAN MUNDA,Jharkhand,KHUNTI(ST),Construction of buildings for community cultural activities,1100000.0,True,678.0,29.1
WS/MP524/2024-2025/152573,Midhun Reddy,Andhra Pradesh,RAJAMPET,Installing tube-wells and borewells,250000.0,False,647.0,29.1
WS/MP429/2024-2025/153087,Jyotsna Charandas Mahant,Chhattisgarh,KORBA,Construction of community centers and community halls,600000.0,False,643.0,29.1
WS/MP632/2025-2026/142399,Anto Antony,Kerala,PATHANAMTHITTA,Street lights,798500.0,True,249.0,29.1
WS/MP345/2024-2025/143793,Shri NK Premachandran,Kerala,KOLLAM,Construction of buildings for crèches and anganwadies,1500000.0,True,520.0,29.1
WS/MP394/2025-2026/136043,Shri vijayakumar Vasanth,Tamil Nadu,KANNIYAKUMARI,Construction of community centers and community halls,2000000.0,True,222.0,29.0
WS/MP18021/2025-2026/145938,RAKIBUL HUSSAIN,Assam,DHUBRI,Construction of common work sheds/ common covered sitting area,500000.0,True,394.0,29.0
WS/MP18048/2024-2025/149432,MAHESH KASHYAP,Chhattisgarh,BASTAR(ST),Construction of culverts and bridges,571715.0,False,666.0,29.0
WS/MP394/2024-2025/136044,Shri vijayakumar Vasanth,Tamil Nadu,KANNIYAKUMARI,Installing tube-wells and borewells,300000.0,True,698.0,29.0
WS/MP18021/2025-2026/145958,RAKIBUL HUSSAIN,Assam,DHUBRI,Construction of common work sheds/ common covered sitting area,500000.0,True,193.0,29.0
WS/MP18313/2024-2025/146374,RAJ KUMAR ROAT,Rajasthan,BANSWARA(ST),Construction of public toilets and bathrooms,300000.0,True,614.0,29.0
WS/MP353/2024-2025/145743,Adv Dean Kuriakose,Kerala,IDUKKI,Construction of culverts and bridges,1000000.0,True,626.0,29.0
WS/MP18307/2025-2026/143602,Piyush Vedprakash Goyal,Maharashtra,MUMBAI NORTH,Tree plantation for community,2000000.0,True,151.0,28.9
WS/MP18308/2025-2026/145424,RAVINDRA DATTARAM WAIKAR,Maharashtra,MUMBAI NORTH WEST,Construction of community centers and community halls,1800000.0,True,215.0,28.9
WS/MP18308/2025-2026/145430,RAVINDRA DATTARAM WAIKAR,Maharashtra,MUMBAI NORTH WEST,Construction of community centers and community halls,2000000.0,True,151.0,28.9
,Bansuri Swaraj,Delhi,NEW DELHI,Unknown,250000.0,False,645.0,28.9
WS/MP18328/2024-2025/148240,Kangana Ranaut,Himachal Pradesh,MANDI,"Construction of roads, link roads, pathways or any other road with or without drainage system",300000.0,True,645.0,28.9
WS/MP18152/2024-2025/140064,SARABJEET SINGH KHALSA,Punjab,FARIDKOT(SC),Providing drains and gutters for public drainage,300000.0,True,619.0,28.9
WS/MP18308/2025-2026/145422,RAVINDRA DATTARAM WAIKAR,Maharashtra,MUMBAI NORTH WEST,Construction of community centers and community halls,2500000.0,True,396.0,28.9
WS/MP664/2025-2026/146330,Arvind Ganpat Sawant,Maharashtra,MUMBAI SOUTH,Construction of community centers and community halls,1496175.0,True,340.0,28.9
WS/MP18307/2025-2026/143601,Piyush Vedprakash Goyal,Maharashtra,MUMBAI NORTH,Tree plantation for community,2000000.0,True,151.0,28.9
WS/MP664/2025-2026/146335,Arvind Ganpat Sawant,Maharashtra,MUMBAI SOUTH,Construction of community centers and community halls,1494831.0,True,340.0,28.9
WS/MP664/2025-2026/146368,Arvind Ganpat Sawant,Maharashtra,MUMBAI SOUTH,Construction of community centers and community halls,1795410.0,True,340.0,28.9
WS/MP664/2025-2026/146365,Arvind Ganpat Sawant,Maharashtra,MUMBAI SOUTH,Construction of community centers and community halls,2089002.0,True,340.0,28.9
WS/MP664/2025-2026/146367,Arvind Ganpat Sawant,Maharashtra,MUMBAI SOUTH,Construction of community centers and community halls,2094646.0,True,340.0,28.9
WS/MP391/2025-2026/146422,Thiru Dayanidhi Maran,Tamil Nadu,CHENNAI CENTRAL,Construction of buildings for sports facilities,10000000.0,True,260.0,28.9
WS/MP644/2024-2025/151191,Janardan Mishra,Madhya Pradesh,REWA,Street lights,3140358.0,False,655.0,28.9
WS/MP664/2026-2027/146583,Arvind Ganpat Sawant,Maharashtra,MUMBAI SOUTH,Construction of community centers and community halls,2500000.0,True,97.0,28.9
WS/MP664/2026-2027/146584,Arvind Ganpat Sawant,Maharashtra,MUMBAI SOUTH,Construction of community centers and community halls,2000000.0,True,97.0,28.9
WS/MP664/2025-2026/146363,Arvind Ganpat Sawant,Maharashtra,MUMBAI SOUTH,Construction of community centers and community halls,1590188.0,True,340.0,28.8
WS/MP18307/2025-2026/143613,Piyush Vedprakash Goyal,Maharashtra,MUMBAI NORTH,"Construction of roads, link roads, pathways or any other road with or without drainage system",1500000.0,True,205.0,28.7
WS/MP18308/2025-2026/145419,RAVINDRA DATTARAM WAIKAR,Maharashtra,MUMBAI NORTH WEST,"Construction of roads, link roads, pathways or any other road with or without drainage system",1500000.0,True,396.0,28.7
WS/MP18308/2025-2026/145411,RAVINDRA DATTARAM WAIKAR,Maharashtra,MUMBAI NORTH WEST,"Construction of roads, link roads, pathways or any other road with or without drainage system",1500000.0,True,376.0,28.7
WS/MP18307/2025-2026/143610,Piyush Vedprakash Goyal,Maharashtra,MUMBAI NORTH,"Construction of roads, link roads, pathways or any other road with or without drainage system",1500000.0,True,205.0,28.7
WS/MP18328/2024-2025/148234,Kangana Ranaut,Himachal Pradesh,MANDI,Construction of culverts and bridges,300000.0,True,645.0,28.7
WS/MP347/2024-2025/138962,Shri Suresh Kodikunnil,Kerala,MAVELIKKARA(SC),Construction of rooms and halls in school and colleges,1550000.0,True,663.0,28.7
WS/MP18308/2025-2026/145428,RAVINDRA DATTARAM WAIKAR,Maharashtra,MUMBAI NORTH WEST,"Construction of roads, link roads, pathways or any other road with or without drainage system",1500000.0,True,418.0,28.7
WS/MP413/2025-2026/150082,Alok Kumar Suman,Bihar,GOPALGANJ (SC),Lighting of public spaces,995000.0,False,662.0,28.6
WS/MP568/2024-2025/136521,Vijay Baghel,Chhattisgarh,DURG,Construction of common work sheds/ common covered sitting area,1000000.0,True,730.0,28.6
WS/MP524/2024-2025/152586,Midhun Reddy,Andhra Pradesh,RAJAMPET,Installing tube-wells and borewells,200000.0,False,647.0,28.6
WS/MP413/2025-2026/150075,Alok Kumar Suman,Bihar,GOPALGANJ (SC),Lighting of public spaces,995000.0,False,662.0,28.6
WS/MP413/2025-2026/150428,Alok Kumar Suman,Bihar,GOPALGANJ (SC),Lighting of public spaces,995000.0,False,658.0,28.6
WS/MP413/2025-2026/150084,Alok Kumar Suman,Bihar,GOPALGANJ (SC),Lighting of public spaces,995000.0,False,662.0,28.6
WS/MP413/2025-2026/150066,Alok Kumar Suman,Bihar,GOPALGANJ (SC),Lighting of public spaces,995000.0,False,662.0,28.6
WS/MP413/2026-2027/150427,Alok Kumar Suman,Bihar,GOPALGANJ (SC),Lighting of public spaces,995000.0,False,658.0,28.6
WS/MP413/2026-2027/150424,Alok Kumar Suman,Bihar,GOPALGANJ (SC),Lighting of public spaces,995000.0,False,658.0,28.6
WS/MP413/2025-2026/150094,Alok Kumar Suman,Bihar,GOPALGANJ (SC),Lighting of public spaces,995000.0,False,662.0,28.6
WS/MP413/2025-2026/150426,Alok Kumar Suman,Bihar,GOPALGANJ (SC),Lighting of public spaces,995000.0,False,658.0,28.6
WS/MP413/2026-2027/150425,Alok Kumar Suman,Bihar,GOPALGANJ (SC),Lighting of public spaces,995000.0,False,658.0,28.6
WS/MP413/2025-2026/150073,Alok Kumar Suman,Bihar,GOPALGANJ (SC),Lighting of public spaces,995000.0,False,662.0,28.6
WS/MP413/2025-2026/150431,Alok Kumar Suman,Bihar,GOPALGANJ (SC),Lighting of public spaces,995000.0,False,658.0,28.6
WS/MP413/2025-2026/150433,Alok Kumar Suman,Bihar,GOPALGANJ (SC),Lighting of public spaces,995000.0,False,658.0,28.6
WS/MP413/2025-2026/150434,Alok Kumar Suman,Bihar,GOPALGANJ (SC),Lighting of public spaces,995000.0,False,658.0,28.6
,Faggan Singh Kulaste,Madhya Pradesh,MANDLA(ST),Unknown,500000.0,False,652.0,28.6
WS/MP413/2025-2026/150093,Alok Kumar Suman,Bihar,GOPALGANJ (SC),Lighting of public spaces,995000.0,False,662.0,28.6
WS/MP413/2025-2026/150091,Alok Kumar Suman,Bihar,GOPALGANJ (SC),Lighting of public spaces,995000.0,False,662.0,28.6
WS/MP413/2025-2026/150089,Alok Kumar Suman,Bihar,GOPALGANJ (SC),Lighting of public spaces,995000.0,False,662.0,28.6
WS/MP413/2025-2026/150086,Alok Kumar Suman,Bihar,GOPALGANJ (SC),Lighting of public spaces,995000.0,False,662.0,28.6
WS/MP18308/2025-2026/145420,RAVINDRA DATTARAM WAIKAR,Maharashtra,MUMBAI NORTH WEST,"Construction of roads, link roads, pathways or any other road with or without drainage system",2000000.0,True,382.0,28.5
WS/MP18308/2025-2026/145410,RAVINDRA DATTARAM WAIKAR,Maharashtra,MUMBAI NORTH WEST,"Construction of roads, link roads, pathways or any other road with or without drainage system",2000000.0,True,215.0,28.5
WS/MP18308/2025-2026/145414,RAVINDRA DATTARAM WAIKAR,Maharashtra,MUMBAI NORTH WEST,"Construction of roads, link roads, pathways or any other road with or without drainage system",2000000.0,True,151.0,28.5
WS/MP18152/2024-2025/140061,SARABJEET SINGH KHALSA,Punjab,FARIDKOT(SC),Providing drains and gutters for public drainage,400000.0,True,619.0,28.5
WS/MP18307/2025-2026/146575,Piyush Vedprakash Goyal,Maharashtra,MUMBAI NORTH,"Construction of roads, link roads, pathways or any other road with or without drainage system",2000000.0,True,205.0,28.5
WS/MP18308/2025-2026/145427,RAVINDRA DATTARAM WAIKAR,Maharashtra,MUMBAI NORTH WEST,"Construction of roads, link roads, pathways or any other road with or without drainage system",3000000.0,True,215.0,28.5
WS/MP18308/2025-2026/145431,RAVINDRA DATTARAM WAIKAR,Maharashtra,MUMBAI NORTH WEST,"Construction of roads, link roads, pathways or any other road with or without drainage system",4000000.0,True,215.0,28.5
WS/MP18308/2025-2026/145418,RAVINDRA DATTARAM WAIKAR,Maharashtra,MUMBAI NORTH WEST,"Construction of roads, link roads, pathways or any other road with or without drainage system",2000000.0,True,418.0,28.5
WS/MP18307/2025-2026/143603,Piyush Vedprakash Goyal,Maharashtra,MUMBAI NORTH,"Construction of roads, link roads, pathways or any other road with or without drainage system",2500000.0,True,205.0,28.5
WS/MP18307/2025-2026/143607,Piyush Vedprakash Goyal,Maharashtra,MUMBAI NORTH,"Construction of roads, link roads, pathways or any other road with or without drainage system",2000000.0,True,151.0,28.5
WS/MP429/2024-2025/140538,Jyotsna Charandas Mahant,Chhattisgarh,KORBA,Construction of common work sheds/ common covered sitting area,250000.0,True,683.0,28.4
WS/MP18089/2025-2026/154775,K. RAJASHEKAR BASAVARAJ HITNAL,Karnataka,KOPPAL,Construction of community centers and community halls,2500000.0,False,636.0,28.4
WS/MP18183/2024-2025/143403,MURASOLI S,Tamil Nadu,THANJAVUR,Construction of community centers and community halls,1319168.0,True,547.0,28.3
,Kanimozhi Karunanidhi,Tamil Nadu,THOOTHUKKUDI,Unknown,4000000.0,False,640.0,28.3
WS/MP345/2024-2025/135018,Shri NK Premachandran,Kerala,KOLLAM,Construction of community centers and community halls,3000000.0,True,528.0,28.2
WS/MP644/2024-2025/151198,Janardan Mishra,Madhya Pradesh,REWA,Street lights,1046786.0,False,655.0,28.2
WS/MP524/2024-2025/152575,Midhun Reddy,Andhra Pradesh,RAJAMPET,Installing tube-wells and borewells,500000.0,False,647.0,28.2
WS/MP18193/2024-2025/144398,EATALA RAJENDER,Telangana,MALKAJGIRI,Construction of boundary walls of existing public and community buildings,1500000.0,True,529.0,28.1
WS/MP18277/2025-2026/154151,AZAD KIRTI JHA,West Bengal,BARDHAMAN-DURGAPUR,Setting up of laboratories,400000.0,False,639.0,28.1
WS/MP571/2025-2026/143825,Shripad Yesso Naik,Goa,NORTH GOA,"Purchase of ambulances (Four, three and two wheelers)",2500000.0,True,228.0,28.1
WS/MP710/2025-2026/149935,Vaithilingam Ve,Puducherry,Puducherry,Street lights,2000000.0,False,663.0,28.0
WS/MP529/2024-2025/148902,Maddila Gurumoorthy,Andhra Pradesh,TIRUPATI(SC),Providing drains and gutters for public drainage,500000.0,True,541.0,28.0
WS/MP529/2024-2025/148904,Maddila Gurumoorthy,Andhra Pradesh,TIRUPATI(SC),Providing drains and gutters for public drainage,500000.0,True,541.0,28.0
WS/MP18277/2024-2025/154154,AZAD KIRTI JHA,West Bengal,BARDHAMAN-DURGAPUR,Construction of additional rooms and halls in the existing public and community building,800000.0,False,639.0,28.0
WS/MP18064/2024-2025/154878,NAVEEN JINDAL,Haryana,KURUKSHETRA,Construction of common work sheds/ common covered sitting area,400000.0,False,635.0,28.0
WS/MP644/2024-2025/151187,Janardan Mishra,Madhya Pradesh,REWA,Street lights,1395716.0,False,655.0,28.0
WS/MP18214/2025-2026/149826,JITENDRA KUMAR DOHARE,Uttar Pradesh,ETAWAH(SC),Street lights,268500.0,False,663.0,27.9
WS/MP18214/2025-2026/149825,JITENDRA KUMAR DOHARE,Uttar Pradesh,ETAWAH(SC),Street lights,268500.0,False,663.0,27.9
WS/MP18214/2025-2026/149828,JITENDRA KUMAR DOHARE,Uttar Pradesh,ETAWAH(SC),Street lights,268500.0,False,663.0,27.9
WS/MP18214/2025-2026/149829,JITENDRA KUMAR DOHARE,Uttar Pradesh,ETAWAH(SC),Street lights,268500.0,False,663.0,27.9
WS/MP18214/2025-2026/149827,JITENDRA KUMAR DOHARE,Uttar Pradesh,ETAWAH(SC),Street lights,268500.0,False,663.0,27.9
WS/MP18214/2025-2026/149844,JITENDRA KUMAR DOHARE,Uttar Pradesh,ETAWAH(SC),Street lights,268500.0,False,663.0,27.9
WS/MP18214/2025-2026/149837,JITENDRA KUMAR DOHARE,Uttar Pradesh,ETAWAH(SC),Street lights,268500.0,False,663.0,27.9
WS/MP18214/2025-2026/149836,JITENDRA KUMAR DOHARE,Uttar Pradesh,ETAWAH(SC),Street lights,268500.0,False,663.0,27.9
WS/MP18214/2025-2026/149835,JITENDRA KUMAR DOHARE,Uttar Pradesh,ETAWAH(SC),Street lights,268500.0,False,663.0,27.9
WS/MP18214/2025-2026/149841,JITENDRA KUMAR DOHARE,Uttar Pradesh,ETAWAH(SC),Street lights,268500.0,False,663.0,27.9
WS/MP18214/2025-2026/149845,JITENDRA KUMAR DOHARE,Uttar Pradesh,ETAWAH(SC),Street lights,268500.0,False,663.0,27.9
WS/MP18214/2025-2026/149842,JITENDRA KUMAR DOHARE,Uttar Pradesh,ETAWAH(SC),Street lights,268500.0,False,663.0,27.9
WS/MP18214/2025-2026/149843,JITENDRA KUMAR DOHARE,Uttar Pradesh,ETAWAH(SC),Street lights,268500.0,False,663.0,27.9
WS/MP18214/2025-2026/149833,JITENDRA KUMAR DOHARE,Uttar Pradesh,ETAWAH(SC),Street lights,268500.0,False,663.0,27.9
WS/MP18214/2025-2026/149840,JITENDRA KUMAR DOHARE,Uttar Pradesh,ETAWAH(SC),Street lights,268500.0,False,663.0,27.9
WS/MP18214/2025-2026/149839,JITENDRA KUMAR DOHARE,Uttar Pradesh,ETAWAH(SC),Street lights,268500.0,False,663.0,27.9
WS/MP18214/2025-2026/149838,JITENDRA KUMAR DOHARE,Uttar Pradesh,ETAWAH(SC),Street lights,268500.0,False,663.0,27.9
WS/MP18214/2025-2026/149850,JITENDRA KUMAR DOHARE,Uttar Pradesh,ETAWAH(SC),Street lights,268500.0,False,663.0,27.9
WS/MP18214/2025-2026/149849,JITENDRA KUMAR DOHARE,Uttar Pradesh,ETAWAH(SC),Street lights,268500.0,False,663.0,27.9
WS/MP18214/2025-2026/149851,JITENDRA KUMAR DOHARE,Uttar Pradesh,ETAWAH(SC),Street lights,268500.0,False,663.0,27.9
WS/MP18214/2025-2026/149852,JITENDRA KUMAR DOHARE,Uttar Pradesh,ETAWAH(SC),Street lights,268500.0,False,663.0,27.9
WS/MP18214/2025-2026/149853,JITENDRA KUMAR DOHARE,Uttar Pradesh,ETAWAH(SC),Street lights,268500.0,False,663.0,27.9
WS/MP18214/2025-2026/149848,JITENDRA KUMAR DOHARE,Uttar Pradesh,ETAWAH(SC),Street lights,268500.0,False,663.0,27.9
WS/MP18214/2025-2026/149847,JITENDRA KUMAR DOHARE,Uttar Pradesh,ETAWAH(SC),Street lights,268500.0,False,663.0,27.9
WS/MP18214/2025-2026/149846,JITENDRA KUMAR DOHARE,Uttar Pradesh,ETAWAH(SC),Street lights,268500.0,False,663.0,27.9
WS/MP18214/2025-2026/149830,JITENDRA KUMAR DOHARE,Uttar Pradesh,ETAWAH(SC),Street lights,268500.0,False,663.0,27.9
WS/MP18214/2025-2026/149834,JITENDRA KUMAR DOHARE,Uttar Pradesh,ETAWAH(SC),Street lights,268500.0,False,663.0,27.9
WS/MP18214/2025-2026/149831,JITENDRA KUMAR DOHARE,Uttar Pradesh,ETAWAH(SC),Street lights,268500.0,False,663.0,27.9
WS/MP18214/2025-2026/149832,JITENDRA KUMAR DOHARE,Uttar Pradesh,ETAWAH(SC),Street lights,268500.0,False,663.0,27.9
WS/MP18048/2024-2025/147647,MAHESH KASHYAP,Chhattisgarh,BASTAR(ST),Construction of buildings for community cultural activities,500000.0,True,586.0,27.9
WS/MP18311/2024-2025/142735,MALVINDER SINGH KANG,Punjab,ANANDPUR SAHIB,Construction of rooms and halls in school and colleges,200000.0,True,657.0,27.7
WS/MP18064/2024-2025/154876,NAVEEN JINDAL,Haryana,KURUKSHETRA,Crematoriums/energy efficient crematoriums or structures on burial/cremation ground,200000.0,False,635.0,27.7
WS/MP758/2025-2026/149070,Smt S Jothimani,Tamil Nadu,KARUR,"Purchase of smart boards, visual display units and projectors",199000.0,False,670.0,27.7
WS/MP18065/2024-2025/134742,DEEPENDER SINGH HOODA,Haryana,ROHTAK,Construction of community centers and community halls,1100000.0,True,537.0,27.7
WS/MP18335/2025-2026/150740,RADHE SHYAM RATHIYA,Chhattisgarh,RAIGARH(ST),"Construction of cycle tracks, cycle stand and segregated non-motorized vehicle (NMV) lanes",200000.0,False,656.0,27.7
WS/MP18021/2025-2026/145935,RAKIBUL HUSSAIN,Assam,DHUBRI,Construction of boundary walls of existing public and community buildings,500000.0,True,395.0,27.7
WS/MP18021/2025-2026/145936,RAKIBUL HUSSAIN,Assam,DHUBRI,Construction of community centers and community halls,500000.0,True,394.0,27.7
WS/MP18095/2025-2026/147281,K. C VENUGOPAL,Kerala,ALAPPUZHA,"Construction of roads, link roads, pathways or any other road with or without drainage system",2884733.0,True,193.0,27.6
WS/MP644/2024-2025/154697,Janardan Mishra,Madhya Pradesh,REWA,Improvement of electricity distribution infrastructure,541686.0,False,636.0,27.6
WS/MP394/2024-2025/136033,Shri vijayakumar Vasanth,Tamil Nadu,KANNIYAKUMARI,Construction of buildings for crèches and anganwadies,1300000.0,True,698.0,27.6
WS/MP18089/2025-2026/155152,K. RAJASHEKAR BASAVARAJ HITNAL,Karnataka,KOPPAL,Construction of community centers and community halls,2500000.0,False,634.0,27.6
WS/MP478/2024-2025/154246,Mala Rajya Laxmi Shah,Uttarakhand,TEHRI GARHWAL,Construction of common work sheds/ common covered sitting area,150000.0,False,637.0,27.6
WS/MP478/2025-2026/154248,Mala Rajya Laxmi Shah,Uttarakhand,TEHRI GARHWAL,Construction of common work sheds/ common covered sitting area,150000.0,False,637.0,27.6
WS/MP18095/2025-2026/148832,K. C VENUGOPAL,Kerala,ALAPPUZHA,"Construction of roads, link roads, pathways or any other road with or without drainage system",2000000.0,True,202.0,27.6
WS/MP18183/2024-2025/140722,MURASOLI S,Tamil Nadu,THANJAVUR,Construction of community centers and community halls,1325463.0,True,563.0,27.6
WS/MP478/2025-2026/154237,Mala Rajya Laxmi Shah,Uttarakhand,TEHRI GARHWAL,Fitting of Sitting RCC Benches in Public Places,100000.0,False,637.0,27.6
WS/MP350/2025-2026/143224,Shri Rajmohan Unnithan,Kerala,KASARAGOD,"Construction of roads, link roads, pathways or any other road with or without drainage system",600000.0,True,185.0,27.5
WS/MP18205/2024-2025/148583,SANATAN PANDEY,Uttar Pradesh,BALLIA,Street lights,216400.0,True,595.0,27.5
WS/MP18205/2024-2025/148581,SANATAN PANDEY,Uttar Pradesh,BALLIA,Street lights,216400.0,True,595.0,27.5
WS/MP18205/2024-2025/148594,SANATAN PANDEY,Uttar Pradesh,BALLIA,Street lights,216400.0,True,595.0,27.5
WS/MP18205/2024-2025/148722,SANATAN PANDEY,Uttar Pradesh,BALLIA,Street lights,216400.0,True,595.0,27.5
WS/MP18205/2024-2025/148721,SANATAN PANDEY,Uttar Pradesh,BALLIA,Street lights,216400.0,True,595.0,27.5
WS/MP18205/2024-2025/148720,SANATAN PANDEY,Uttar Pradesh,BALLIA,Street lights,216400.0,True,595.0,27.5
WS/MP18205/2024-2025/148577,SANATAN PANDEY,Uttar Pradesh,BALLIA,Street lights,216400.0,True,595.0,27.5
WS/MP18205/2024-2025/148724,SANATAN PANDEY,Uttar Pradesh,BALLIA,Street lights,216400.0,True,596.0,27.5
WS/MP18205/2024-2025/148723,SANATAN PANDEY,Uttar Pradesh,BALLIA,Street lights,216400.0,True,595.0,27.5
WS/MP18205/2024-2025/148584,SANATAN PANDEY,Uttar Pradesh,BALLIA,Street lights,216400.0,True,595.0,27.5
WS/MP18205/2024-2025/148596,SANATAN PANDEY,Uttar Pradesh,BALLIA,Street lights,216400.0,True,595.0,27.5
WS/MP18205/2024-2025/148597,SANATAN PANDEY,Uttar Pradesh,BALLIA,Street lights,216400.0,True,595.0,27.5
WS/MP18205/2024-2025/148586,SANATAN PANDEY,Uttar Pradesh,BALLIA,Street lights,216400.0,True,595.0,27.5
WS/MP410/2024-2025/146772,Pradan Baruah,Assam,LAKHIMPUR,Construction of community centers and community halls,500000.0,True,545.0,27.5
WS/MP18205/2024-2025/148591,SANATAN PANDEY,Uttar Pradesh,BALLIA,Street lights,216400.0,True,595.0,27.5
WS/MP18205/2024-2025/148592,SANATAN PANDEY,Uttar Pradesh,BALLIA,Street lights,216400.0,True,595.0,27.5
WS/MP18205/2024-2025/148589,SANATAN PANDEY,Uttar Pradesh,BALLIA,Street lights,216400.0,True,595.0,27.5
WS/MP18205/2024-2025/148593,SANATAN PANDEY,Uttar Pradesh,BALLIA,Street lights,216400.0,True,595.0,27.5
WS/MP18205/2024-2025/148585,SANATAN PANDEY,Uttar Pradesh,BALLIA,Street lights,216400.0,True,595.0,27.5
WS/MP18205/2024-2025/148588,SANATAN PANDEY,Uttar Pradesh,BALLIA,Street lights,216400.0,True,595.0,27.5
WS/MP410/2024-2025/146771,Pradan Baruah,Assam,LAKHIMPUR,Construction of community centers and community halls,500000.0,True,545.0,27.5
WS/MP410/2024-2025/146779,Pradan Baruah,Assam,LAKHIMPUR,Construction of community centers and community halls,500000.0,True,545.0,27.5
WS/MP410/2024-2025/146770,Pradan Baruah,Assam,LAKHIMPUR,Construction of community centers and community halls,500000.0,True,545.0,27.5
WS/MP410/2024-2025/146778,Pradan Baruah,Assam,LAKHIMPUR,Construction of community centers and community halls,500000.0,True,545.0,27.5
WS/MP410/2024-2025/146773,Pradan Baruah,Assam,LAKHIMPUR,Construction of community centers and community halls,500000.0,True,545.0,27.5
WS/MP410/2024-2025/146776,Pradan Baruah,Assam,LAKHIMPUR,Construction of community centers and community halls,500000.0,True,545.0,27.5
WS/MP18205/2024-2025/148595,SANATAN PANDEY,Uttar Pradesh,BALLIA,Street lights,216400.0,True,595.0,27.5
WS/MP18205/2024-2025/148587,SANATAN PANDEY,Uttar Pradesh,BALLIA,Street lights,216400.0,True,595.0,27.5
WS/MP18205/2024-2025/148580,SANATAN PANDEY,Uttar Pradesh,BALLIA,Street lights,216400.0,True,595.0,27.5
WS/MP18205/2024-2025/148725,SANATAN PANDEY,Uttar Pradesh,BALLIA,Street lights,216400.0,True,596.0,27.5
WS/MP18205/2024-2025/148575,SANATAN PANDEY,Uttar Pradesh,BALLIA,Street lights,216400.0,True,595.0,27.5
WS/MP18205/2024-2025/148576,SANATAN PANDEY,Uttar Pradesh,BALLIA,Street lights,216400.0,True,595.0,27.5
WS/MP18205/2024-2025/148579,SANATAN PANDEY,Uttar Pradesh,BALLIA,Street lights,216400.0,True,595.0,27.5
WS/MP644/2024-2025/154678,Janardan Mishra,Madhya Pradesh,REWA,Improvement of electricity distribution infrastructure,531686.0,False,636.0,27.5
WS/MP18205/2024-2025/148578,SANATAN PANDEY,Uttar Pradesh,BALLIA,Street lights,216400.0,True,595.0,27.5
WS/MP353/2024-2025/144147,Adv Dean Kuriakose,Kerala,IDUKKI,Lighting of public spaces,207949.0,True,580.0,27.4
WS/MP353/2024-2025/144146,Adv Dean Kuriakose,Kerala,IDUKKI,Lighting of public spaces,207949.0,True,580.0,27.4
WS/MP353/2024-2025/144149,Adv Dean Kuriakose,Kerala,IDUKKI,Lighting of public spaces,207949.0,True,579.0,27.4
WS/MP353/2024-2025/144151,Adv Dean Kuriakose,Kerala,IDUKKI,Lighting of public spaces,207949.0,True,579.0,27.4
WS/MP664/2025-2026/146364,Arvind Ganpat Sawant,Maharashtra,MUMBAI SOUTH,"Construction of roads, link roads, pathways or any other road with or without drainage system",994762.0,True,340.0,27.4
WS/MP18173/2025-2026/151514,THARANIVENTHAN M S,Tamil Nadu,ARANI,Lighting of public spaces,300000.0,False,647.0,27.4
WS/MP18253/2025-2026/139948,BAPI HALDAR,West Bengal,MATHURAPUR(SC),"Construction of roads, link roads, pathways or any other road with or without drainage system",349380.0,True,425.0,27.4
WS/MP18173/2025-2026/151515,THARANIVENTHAN M S,Tamil Nadu,ARANI,Lighting of public spaces,300000.0,False,647.0,27.4
WS/MP18311/2024-2025/153634,MALVINDER SINGH KANG,Punjab,ANANDPUR SAHIB,Construction of community centers and community halls,700000.0,False,621.0,27.3
WS/MP18021/2024-2025/142774,RAKIBUL HUSSAIN,Assam,DHUBRI,Construction of community centers and community halls,500000.0,True,652.0,27.3
WS/MP632/2026-2027/134591,Anto Antony,Kerala,PATHANAMTHITTA,Purchase of furniture and fixtures for educational purposes,96734.0,True,45.0,27.3
WS/MP18021/2024-2025/142763,RAKIBUL HUSSAIN,Assam,DHUBRI,Construction of boundary walls of existing public and community buildings,500000.0,True,652.0,27.3
WS/MP18021/2024-2025/142761,RAKIBUL HUSSAIN,Assam,DHUBRI,Construction of boundary walls of existing public and community buildings,500000.0,True,652.0,27.3
WS/MP18311/2024-2025/153620,MALVINDER SINGH KANG,Punjab,ANANDPUR SAHIB,Construction of community centers and community halls,700000.0,False,621.0,27.3
WS/MP350/2025-2026/153004,Shri Rajmohan Unnithan,Kerala,KASARAGOD,Street lights,299264.0,False,643.0,27.3
WS/MP18021/2024-2025/142776,RAKIBUL HUSSAIN,Assam,DHUBRI,Construction of community centers and community halls,500000.0,True,652.0,27.3
WS/MP18277/2024-2025/154150,AZAD KIRTI JHA,West Bengal,BARDHAMAN-DURGAPUR,Crematoriums/energy efficient crematoriums or structures on burial/cremation ground,400000.0,False,639.0,27.2
WS/MP508/2025-2026/134707,CN Annadurai,Tamil Nadu,TIRUVANNAMALAI,Street lights,435000.0,True,275.0,27.2
WS/MP18049/2025-2026/152175,TOKHAN SAHU,Chhattisgarh,BILASPUR,Construction of rooms and halls in school and colleges,1500000.0,False,648.0,27.2
WS/MP350/2025-2026/152987,Shri Rajmohan Unnithan,Kerala,KASARAGOD,Street lights,300000.0,False,643.0,27.1
WS/MP18039/2025-2026/152025,RAJESH VERMA,Bihar,KHAGARIA,"Construction of roads, link roads, pathways or any other road with or without drainage system",998059.0,False,650.0,27.1
WS/MP350/2025-2026/152778,Shri Rajmohan Unnithan,Kerala,KASARAGOD,Street lights,298935.0,False,643.0,27.1
WS/MP350/2025-2026/152835,Shri Rajmohan Unnithan,Kerala,KASARAGOD,Street lights,300000.0,False,643.0,27.1
WS/MP350/2025-2026/152828,Shri Rajmohan Unnithan,Kerala,KASARAGOD,Street lights,300000.0,False,643.0,27.1
WS/MP350/2025-2026/152822,Shri Rajmohan Unnithan,Kerala,KASARAGOD,Street lights,300000.0,False,643.0,27.1
WS/MP350/2025-2026/152824,Shri Rajmohan Unnithan,Kerala,KASARAGOD,Street lights,300000.0,False,643.0,27.1
WS/MP350/2025-2026/152823,Shri Rajmohan Unnithan,Kerala,KASARAGOD,Street lights,298935.0,False,643.0,27.1
WS/MP350/2025-2026/152780,Shri Rajmohan Unnithan,Kerala,KASARAGOD,Street lights,298935.0,False,643.0,27.1
WS/MP18312/2025-2026/154887,DURAI VAIKO,Tamil Nadu,TIRUCHIRAPPALLI,Installing tube-wells and borewells,492407.0,False,634.0,27.1
WS/MP18076/2025-2026/145734,DR C N MANJUNATH,Karnataka,BANGALORE RURAL,Fitting of Sitting RCC Benches in Public Places,300000.0,True,358.0,27.1
WS/MP350/2025-2026/152989,Shri Rajmohan Unnithan,Kerala,KASARAGOD,Street lights,298935.0,False,643.0,27.1
WS/MP350/2025-2026/152985,Shri Rajmohan Unnithan,Kerala,KASARAGOD,Street lights,299169.0,False,643.0,27.1
WS/MP350/2025-2026/152832,Shri Rajmohan Unnithan,Kerala,KASARAGOD,Street lights,298935.0,False,643.0,27.1
WS/MP350/2025-2026/152986,Shri Rajmohan Unnithan,Kerala,KASARAGOD,Street lights,299170.0,False,643.0,27.1
WS/MP353/2024-2025/143934,Adv Dean Kuriakose,Kerala,IDUKKI,Purchase of vans and buses for educational institutions,2447960.0,True,578.0,27.0
WS/MP18038/2025-2026/152938,TARIQ ANWAR,Bihar,KATIHAR,Lighting of public spaces,994740.0,False,644.0,26.9
WS/MP18038/2025-2026/152940,TARIQ ANWAR,Bihar,KATIHAR,Lighting of public spaces,994740.0,False,644.0,26.9
WS/MP18038/2025-2026/152947,TARIQ ANWAR,Bihar,KATIHAR,Lighting of public spaces,994740.0,False,644.0,26.9
WS/MP18038/2025-2026/152923,TARIQ ANWAR,Bihar,KATIHAR,Lighting of public spaces,994740.0,False,644.0,26.9
WS/MP18277/2024-2025/150058,AZAD KIRTI JHA,West Bengal,BARDHAMAN-DURGAPUR,Construction of boundary walls of existing public and community buildings,300000.0,False,662.0,26.9
WS/MP18038/2025-2026/152953,TARIQ ANWAR,Bihar,KATIHAR,Lighting of public spaces,994740.0,False,644.0,26.9
WS/MP18038/2025-2026/152952,TARIQ ANWAR,Bihar,KATIHAR,Lighting of public spaces,994740.0,False,644.0,26.9
WS/MP429/2024-2025/140681,Jyotsna Charandas Mahant,Chhattisgarh,KORBA,Construction of common work sheds/ common covered sitting area,200000.0,True,641.0,26.9
WS/MP18038/2025-2026/152932,TARIQ ANWAR,Bihar,KATIHAR,Lighting of public spaces,994740.0,False,644.0,26.9
WS/MP18038/2025-2026/152930,TARIQ ANWAR,Bihar,KATIHAR,Lighting of public spaces,994740.0,False,644.0,26.9
WS/MP350/2025-2026/152831,Shri Rajmohan Unnithan,Kerala,KASARAGOD,Street lights,298239.0,False,643.0,26.9
WS/MP18038/2025-2026/152935,TARIQ ANWAR,Bihar,KATIHAR,Lighting of public spaces,994740.0,False,644.0,26.9
WS/MP18038/2025-2026/152942,TARIQ ANWAR,Bihar,KATIHAR,Lighting of public spaces,994740.0,False,644.0,26.9
WS/MP644/2024-2025/151390,Janardan Mishra,Madhya Pradesh,REWA,Fitting of Sitting RCC Benches in Public Places,1749960.0,False,654.0,26.9
WS/MP18038/2025-2026/152955,TARIQ ANWAR,Bihar,KATIHAR,Lighting of public spaces,994740.0,False,644.0,26.9
WS/MP18038/2025-2026/152922,TARIQ ANWAR,Bihar,KATIHAR,Lighting of public spaces,994740.0,False,644.0,26.9
WS/MP350/2025-2026/153011,Shri Rajmohan Unnithan,Kerala,KASARAGOD,Street lights,298239.0,False,643.0,26.9
WS/MP18038/2025-2026/152950,TARIQ ANWAR,Bihar,KATIHAR,Lighting of public spaces,994740.0,False,644.0,26.9
WS/MP18038/2025-2026/152954,TARIQ ANWAR,Bihar,KATIHAR,Lighting of public spaces,994740.0,False,644.0,26.9
WS/MP18311/2024-2025/141027,MALVINDER SINGH KANG,Punjab,ANANDPUR SAHIB,Construction of community centers and community halls,700000.0,True,698.0,26.9
WS/MP18038/2025-2026/152919,TARIQ ANWAR,Bihar,KATIHAR,Lighting of public spaces,994740.0,False,644.0,26.9
WS/MP429/2024-2025/140685,Jyotsna Charandas Mahant,Chhattisgarh,KORBA,Construction of common work sheds/ common covered sitting area,200000.0,True,641.0,26.9
WS/MP350/2025-2026/152781,Shri Rajmohan Unnithan,Kerala,KASARAGOD,Street lights,298253.0,False,643.0,26.9
WS/MP18321/2024-2025/143694,SHOBHANABEN MAHENDRASINH BARAIYA,Gujarat,SABARKANTHA,Construction of rooms and halls in school and colleges,500000.0,True,522.0,26.9
WS/MP18038/2025-2026/152297,TARIQ ANWAR,Bihar,KATIHAR,Lighting of public spaces,994740.0,False,648.0,26.9
WS/MP18048/2025-2026/147648,MAHESH KASHYAP,Chhattisgarh,BASTAR(ST),Construction of common work sheds/ common covered sitting area,500000.0,True,474.0,26.8
WS/MP394/2024-2025/136037,Shri vijayakumar Vasanth,Tamil Nadu,KANNIYAKUMARI,Construction of culverts and bridges,1000000.0,True,698.0,26.7
WS/MP18173/2024-2025/137926,THARANIVENTHAN M S,Tamil Nadu,ARANI,Construction of buildings for crèches and anganwadies,1768860.0,True,698.0,26.7
WS/MP458/2025-2026/149728,Kanimozhi Karunanidhi,Tamil Nadu,THOOTHUKKUDI,Construction of rooms and halls in school and colleges,3600000.0,False,659.0,26.6
WS/MP644/2024-2025/151387,Janardan Mishra,Madhya Pradesh,REWA,Fitting of Sitting RCC Benches in Public Places,3062430.0,False,654.0,26.6
WS/MP18064/2024-2025/154880,NAVEEN JINDAL,Haryana,KURUKSHETRA,Construction of common work sheds/ common covered sitting area,350000.0,False,635.0,26.6
WS/MP18272/2024-2025/143420,KALIPADA SAREN,West Bengal,JHARGRAM(ST),Construction of boundary walls of existing public and community buildings,2988593.0,True,548.0,26.6
WS/MP644/2024-2025/154696,Janardan Mishra,Madhya Pradesh,REWA,Improvement of electricity distribution infrastructure,1373230.0,False,636.0,26.6
WS/MP643/2024-2025/146416,Gyaneshwar Patil,Madhya Pradesh,KHANDWA,Improvement of electricity distribution infrastructure,200000.0,True,514.0,26.5
,Hasmukh Bhai Soma Bhai Patel,Gujarat,AHMEDABAD EAST,Unknown,1000000.0,False,655.0,26.4
WS/MP18277/2024-2025/149822,AZAD KIRTI JHA,West Bengal,BARDHAMAN-DURGAPUR,Construction of buildings for community cultural activities,250000.0,False,663.0,26.3
WS/MP18277/2024-2025/149855,AZAD KIRTI JHA,West Bengal,BARDHAMAN-DURGAPUR,Construction of buildings for community cultural activities,250000.0,False,663.0,26.3
WS/MP423/2024-2025/138582,Shri Abhishek Banerjee,West Bengal,DIAMOND HARBOUR,Providing drains and gutters for public drainage,119975.0,True,622.0,26.3
WS/MP18248/2024-2025/153245,DR. SHARMILA SARKAR,West Bengal,BARDHAMAN PURBA(SC),Lighting of public spaces,399987.0,False,642.0,26.2
WS/MP394/2024-2025/136035,Shri vijayakumar Vasanth,Tamil Nadu,KANNIYAKUMARI,Construction of culverts and bridges,400000.0,True,698.0,26.2
WS/MP18248/2024-2025/153247,DR. SHARMILA SARKAR,West Bengal,BARDHAMAN PURBA(SC),Lighting of public spaces,399987.0,False,642.0,26.2
WS/MP18394/2025-2026/151355,V S Matheswaran,Tamil Nadu,NAMAKKAL,Lighting of public spaces,349181.0,False,654.0,26.2
,Shri Suresh Kodikunnil,Kerala,MAVELIKKARA(SC),Unknown,2500000.0,False,654.0,26.2
WS/MP18394/2025-2026/151350,V S Matheswaran,Tamil Nadu,NAMAKKAL,Lighting of public spaces,349181.0,False,654.0,26.2
,BAPI HALDAR,West Bengal,MATHURAPUR(SC),Unknown,900000.0,False,659.0,26.1
WS/MP524/2024-2025/152588,Midhun Reddy,Andhra Pradesh,RAJAMPET,Construction of boundary walls of existing public and community buildings,200000.0,False,647.0,26.1
WS/MP524/2024-2025/152589,Midhun Reddy,Andhra Pradesh,RAJAMPET,Construction of boundary walls of existing public and community buildings,200000.0,False,647.0,26.1
WS/MP429/2024-2025/140545,Jyotsna Charandas Mahant,Chhattisgarh,KORBA,Construction of community centers and community halls,500000.0,True,675.0,26.1
WS/MP429/2024-2025/146729,Jyotsna Charandas Mahant,Chhattisgarh,KORBA,Construction of common work sheds/ common covered sitting area,300000.0,True,641.0,26.1
WS/MP529/2024-2025/148901,Maddila Gurumoorthy,Andhra Pradesh,TIRUPATI(SC),Installing community drinking water plants,350000.0,True,594.0,26.1
WS/MP524/2024-2025/152590,Midhun Reddy,Andhra Pradesh,RAJAMPET,Construction of boundary walls of existing public and community buildings,200000.0,False,647.0,26.1
WS/MP429/2024-2025/140678,Jyotsna Charandas Mahant,Chhattisgarh,KORBA,Construction of common work sheds/ common covered sitting area,400000.0,True,671.0,26.0
WS/MP18394/2025-2026/151362,V S Matheswaran,Tamil Nadu,NAMAKKAL,Lighting of public spaces,350000.0,False,654.0,26.0
WS/MP18394/2025-2026/151361,V S Matheswaran,Tamil Nadu,NAMAKKAL,Lighting of public spaces,350000.0,False,654.0,26.0
WS/MP18173/2024-2025/137915,THARANIVENTHAN M S,Tamil Nadu,ARANI,Construction of community centers and community halls,1000000.0,True,598.0,26.0
WS/MP18049/2025-2026/152172,TOKHAN SAHU,Chhattisgarh,BILASPUR,Construction of common work sheds/ common covered sitting area,1600000.0,False,648.0,26.0
WS/MP347/2024-2025/136720,Shri Suresh Kodikunnil,Kerala,MAVELIKKARA(SC),Construction of culverts and bridges,5400000.0,True,663.0,26.0
WS/MP18394/2025-2026/151356,V S Matheswaran,Tamil Nadu,NAMAKKAL,Lighting of public spaces,350000.0,False,654.0,26.0
WS/MP18394/2026-2027/151349,V S Matheswaran,Tamil Nadu,NAMAKKAL,Lighting of public spaces,350000.0,False,654.0,26.0
WS/MP18394/2025-2026/151360,V S Matheswaran,Tamil Nadu,NAMAKKAL,Lighting of public spaces,350000.0,False,654.0,26.0
WS/MP722/2024-2025/153047,Dushyant Singh,Rajasthan,JHALAWAR-BARAN,Construction of toilet blocks,2500000.0,False,643.0,26.0
WS/MP18394/2025-2026/151358,V S Matheswaran,Tamil Nadu,NAMAKKAL,Lighting of public spaces,350000.0,False,654.0,26.0
WS/MP18394/2025-2026/151359,V S Matheswaran,Tamil Nadu,NAMAKKAL,Lighting of public spaces,350000.0,False,654.0,26.0
WS/MP529/2024-2025/147338,Maddila Gurumoorthy,Andhra Pradesh,TIRUPATI(SC),Construction of public irrigation facilities,500000.0,True,635.0,25.9
WS/MP18313/2024-2025/145992,RAJ KUMAR ROAT,Rajasthan,BANSWARA(ST),Construction of community centers and community halls,1000000.0,True,618.0,25.9
,Shri Suresh Kodikunnil,Kerala,MAVELIKKARA(SC),Unknown,1000000.0,False,654.0,25.9
WS/MP499/2024-2025/144949,Smt Satabdi Roy (Banerjee),West Bengal,BIRBHUM,Lighting of public spaces,305646.0,True,545.0,25.9
WS/MP722/2024-2025/153046,Dushyant Singh,Rajasthan,JHALAWAR-BARAN,Construction of community centers and community halls,1100000.0,False,643.0,25.9
WS/MP18313/2024-2025/143850,RAJ KUMAR ROAT,Rajasthan,BANSWARA(ST),Construction of public libraries and reading rooms,2000000.0,True,614.0,25.8
WS/MP18313/2024-2025/146005,RAJ KUMAR ROAT,Rajasthan,BANSWARA(ST),Construction of rainwater harvesting structures,800000.0,True,616.0,25.8
WS/MP654/2024-2025/149304,Smt Himadri Singh,Madhya Pradesh,SHAHDOL (ST),Construction of culverts and bridges,1000000.0,False,668.0,25.7
WS/MP18313/2024-2025/140384,RAJ KUMAR ROAT,Rajasthan,BANSWARA(ST),Construction of public libraries and reading rooms,1500000.0,True,618.0,25.7
WS/MP458/2025-2026/150051,Kanimozhi Karunanidhi,Tamil Nadu,THOOTHUKKUDI,Construction of community centers and community halls,1998754.0,False,659.0,25.7
WS/MP654/2024-2025/151714,Smt Himadri Singh,Madhya Pradesh,SHAHDOL (ST),Construction of culverts and bridges,1000000.0,False,651.0,25.7
WS/MP313/2024-2025/138767,Shri Tapir Gao,Arunachal Pradesh,ARUNACHAL EAST,Construction of buildings for training institutions,600000.0,True,571.0,25.7
WS/MP18242/2025-2026/147787,RAMBHUAL NISHAD,Uttar Pradesh,SULTANPUR,Construction of rooms and halls in school and colleges,1000000.0,True,466.0,25.7
WS/MP18065/2024-2025/135791,DEEPENDER SINGH HOODA,Haryana,ROHTAK,Construction of community centers and community halls,500000.0,True,600.0,25.6
,EATALA RAJENDER,Telangana,MALKAJGIRI,Unknown,1500000.0,False,650.0,25.6
,EATALA RAJENDER,Telangana,MALKAJGIRI,Unknown,2000000.0,False,667.0,25.6
WS/MP485/2024-2025/136224,Pratima Mondal,West Bengal,JOYNAGAR(SC),Street lights,349643.0,True,576.0,25.6
WS/MP582/2024-2025/145265,Prabhubhai Nagarbhai Vasava,Gujarat,BARDOLI(ST),Construction of common work sheds/ common covered sitting area,579471.0,True,570.0,25.6
WS/MP485/2024-2025/136225,Pratima Mondal,West Bengal,JOYNAGAR(SC),Street lights,349553.0,True,576.0,25.6
WS/MP485/2024-2025/136223,Pratima Mondal,West Bengal,JOYNAGAR(SC),Street lights,349494.0,True,576.0,25.6
WS/MP18312/2025-2026/154890,DURAI VAIKO,Tamil Nadu,TIRUCHIRAPPALLI,Construction of additional rooms and halls in the existing public and community building,1832032.0,False,634.0,25.6
WS/MP18064/2024-2025/154912,NAVEEN JINDAL,Haryana,KURUKSHETRA,Construction of common work sheds/ common covered sitting area,200000.0,False,635.0,25.6
WS/MP18193/2024-2025/149451,EATALA RAJENDER,Telangana,MALKAJGIRI,Construction of common work sheds/ common covered sitting area,1500000.0,False,667.0,25.6
WS/MP18065/2024-2025/135800,DEEPENDER SINGH HOODA,Haryana,ROHTAK,Construction of community centers and community halls,500000.0,True,600.0,25.6
WS/MP653/2025-2026/155146,Mahendra Singh Solanky,Madhya Pradesh,DEWAS(SC),Construction of community centers and community halls,500000.0,False,635.0,25.5
WS/MP18272/2025-2026/153287,KALIPADA SAREN,West Bengal,JHARGRAM(ST),Construction of rooms and halls in school and colleges,2461876.0,False,641.0,25.5
WS/MP632/2024-2025/134101,Anto Antony,Kerala,PATHANAMTHITTA,Lighting of public spaces,250000.0,True,650.0,25.5
WS/MP644/2024-2025/154674,Janardan Mishra,Madhya Pradesh,REWA,Construction of community centers and community halls,2500000.0,False,636.0,25.5
WS/MP654/2024-2025/149303,Smt Himadri Singh,Madhya Pradesh,SHAHDOL (ST),Construction of culverts and bridges,2499000.0,False,668.0,25.5
WS/MP18313/2024-2025/146002,RAJ KUMAR ROAT,Rajasthan,BANSWARA(ST),Construction of common work sheds/ common covered sitting area,1000000.0,True,614.0,25.5
WS/MP529/2024-2025/148900,Maddila Gurumoorthy,Andhra Pradesh,TIRUPATI(SC),Installing community drinking water plants,438782.0,True,594.0,25.5
WS/MP18064/2025-2026/150859,NAVEEN JINDAL,Haryana,KURUKSHETRA,Construction of common work sheds/ common covered sitting area,386856.0,False,656.0,25.5
WS/MP644/2024-2025/151386,Janardan Mishra,Madhya Pradesh,REWA,Fitting of Sitting RCC Benches in Public Places,874980.0,False,654.0,25.5
WS/MP644/2024-2025/151388,Janardan Mishra,Madhya Pradesh,REWA,Fitting of Sitting RCC Benches in Public Places,874980.0,False,654.0,25.5
WS/MP722/2024-2025/153048,Dushyant Singh,Rajasthan,JHALAWAR-BARAN,Construction of community centers and community halls,2500000.0,False,643.0,25.5
,Bansuri Swaraj,Delhi,NEW DELHI,Unknown,200000.0,False,645.0,25.5
WS/MP18312/2025-2026/154889,DURAI VAIKO,Tamil Nadu,TIRUCHIRAPPALLI,Installing tube-wells and borewells,488946.0,False,634.0,25.5
WS/MP394/2024-2025/136045,Shri vijayakumar Vasanth,Tamil Nadu,KANNIYAKUMARI,Construction of community centers and community halls,1500000.0,True,698.0,25.4
WS/MP18313/2024-2025/146008,RAJ KUMAR ROAT,Rajasthan,BANSWARA(ST),Construction of community centers and community halls,1200000.0,True,617.0,25.4
WS/MP643/2026-2027/146407,Gyaneshwar Patil,Madhya Pradesh,KHANDWA,Construction of common work sheds/ common covered sitting area,500000.0,True,95.0,25.4
WS/MP654/2024-2025/151713,Smt Himadri Singh,Madhya Pradesh,SHAHDOL (ST),Construction of culverts and bridges,1500000.0,False,651.0,25.4
WS/MP632/2024-2025/134105,Anto Antony,Kerala,PATHANAMTHITTA,Lighting of public spaces,250000.0,True,633.0,25.4
WS/MP632/2024-2025/134103,Anto Antony,Kerala,PATHANAMTHITTA,Lighting of public spaces,250000.0,True,633.0,25.4
WS/MP347/2025-2026/150748,Shri Suresh Kodikunnil,Kerala,MAVELIKKARA(SC),Purchase of vans and buses for educational institutions,2750000.0,False,656.0,25.4
WS/MP243/2024-2025/150046,Kakoli Ghosh Dastidar,West Bengal,BARASAT,Providing drains and gutters for public drainage,600000.0,False,662.0,25.4
WS/MP632/2024-2025/142086,Anto Antony,Kerala,PATHANAMTHITTA,Lighting of public spaces,398467.0,True,615.0,25.4
WS/MP18108/2025-2026/150369,DR. LATA WANKHEDE,Madhya Pradesh,SAGAR,Construction of additional rooms and halls in the existing public and community building,700000.0,False,659.0,25.3
,Sanjay Uttamrao Deshmukh,Maharashtra,YAVATMAL-WASHIM,Unknown,500000.0,False,677.0,25.3
,Arvind Ganpat Sawant,Maharashtra,MUMBAI SOUTH,Unknown,1200000.0,False,684.0,25.3
,Sanjay Uttamrao Deshmukh,Maharashtra,YAVATMAL-WASHIM,Unknown,500000.0,False,685.0,25.3
,Bansuri Swaraj,Delhi,NEW DELHI,Unknown,120000.0,False,645.0,25.3
,Arvind Ganpat Sawant,Maharashtra,MUMBAI SOUTH,Unknown,1200000.0,False,684.0,25.3
WS/MP18272/2024-2025/138305,KALIPADA SAREN,West Bengal,JHARGRAM(ST),Construction of rooms and halls in school and colleges,2911701.0,True,600.0,25.3
WS/MP18393/2024-2025/151997,MADHAVANENI RAGHUNANDAN RAO,Telangana,MEDAK,"Construction of roads, link roads, pathways or any other road with or without drainage system",500000.0,False,650.0,25.2
WS/MP18049/2024-2025/152166,TOKHAN SAHU,Chhattisgarh,BILASPUR,Construction of common work sheds/ common covered sitting area,500000.0,False,648.0,25.2
WS/MP18049/2025-2026/152164,TOKHAN SAHU,Chhattisgarh,BILASPUR,Construction of common work sheds/ common covered sitting area,500000.0,False,648.0,25.2
WS/MP18049/2025-2026/152168,TOKHAN SAHU,Chhattisgarh,BILASPUR,Construction of common work sheds/ common covered sitting area,500000.0,False,648.0,25.2
WS/MP18393/2025-2026/152028,MADHAVANENI RAGHUNANDAN RAO,Telangana,MEDAK,"Construction of roads, link roads, pathways or any other road with or without drainage system",500000.0,False,650.0,25.2
WS/MP18393/2025-2026/152027,MADHAVANENI RAGHUNANDAN RAO,Telangana,MEDAK,"Construction of roads, link roads, pathways or any other road with or without drainage system",500000.0,False,650.0,25.2
WS/MP577/2025-2026/142167,Jaswantsinh Sumanbhai Bhabhor,Gujarat,DAHOD(ST),Construction of rooms and halls in school and colleges,500000.0,True,480.0,25.2
,PRIYANKA SATISH JARKIHOLI,Karnataka,CHIKKODI,Unknown,800000.0,False,658.0,25.2
WS/MP18322/2024-2025/140647,NALIN SOREN,Jharkhand,DUMKA(ST),Construction of culverts and bridges,250000.0,True,611.0,25.2
WS/MP18393/2025-2026/152000,MADHAVANENI RAGHUNANDAN RAO,Telangana,MEDAK,"Construction of roads, link roads, pathways or any other road with or without drainage system",500000.0,False,650.0,25.2
WS/MP18049/2025-2026/152174,TOKHAN SAHU,Chhattisgarh,BILASPUR,Construction of common work sheds/ common covered sitting area,500000.0,False,648.0,25.2
,EATALA RAJENDER,Telangana,MALKAJGIRI,Unknown,850000.0,False,650.0,25.2
WS/MP458/2025-2026/149731,Kanimozhi Karunanidhi,Tamil Nadu,THOOTHUKKUDI,Construction of community centers and community halls,4000000.0,False,659.0,25.2
WS/MP458/2025-2026/149732,Kanimozhi Karunanidhi,Tamil Nadu,THOOTHUKKUDI,Construction of community centers and community halls,4000000.0,False,659.0,25.2
WS/MP458/2025-2026/150048,Kanimozhi Karunanidhi,Tamil Nadu,THOOTHUKKUDI,Construction of community centers and community halls,3999840.0,False,659.0,25.2
,Bansuri Swaraj,Delhi,NEW DELHI,Unknown,150000.0,False,645.0,25.2
WS/MP18048/2024-2025/147873,MAHESH KASHYAP,Chhattisgarh,BASTAR(ST),Construction of common work sheds/ common covered sitting area,500000.0,True,620.0,25.1
WS/MP529/2024-2025/147337,Maddila Gurumoorthy,Andhra Pradesh,TIRUPATI(SC),Installing community drinking water plants,457139.0,True,635.0,25.1
,Arvind Ganpat Sawant,Maharashtra,MUMBAI SOUTH,Unknown,1800000.0,False,684.0,25.1
WS/MP524/2024-2025/151578,Midhun Reddy,Andhra Pradesh,RAJAMPET,Construction of boundary walls of existing public and community buildings,300000.0,False,610.0,25.1
WS/MP18064/2024-2025/154909,NAVEEN JINDAL,Haryana,KURUKSHETRA,Construction of toilet blocks,120000.0,False,635.0,25.1
,Arvind Ganpat Sawant,Maharashtra,MUMBAI SOUTH,Unknown,1800000.0,False,684.0,25.1
WS/MP18064/2024-2025/154908,NAVEEN JINDAL,Haryana,KURUKSHETRA,Construction of toilet blocks,120000.0,False,635.0,25.1
,Bansuri Swaraj,Delhi,NEW DELHI,Unknown,180000.0,False,645.0,25.1
WS/MP18312/2025-2026/154885,DURAI VAIKO,Tamil Nadu,TIRUCHIRAPPALLI,Construction of additional rooms and halls in the existing public and community building,1566133.0,False,634.0,25.1
WS/MP18242/2025-2026/148018,RAMBHUAL NISHAD,Uttar Pradesh,SULTANPUR,Construction of rooms and halls in school and colleges,1500000.0,True,425.0,25.1
,Mahendra Singh Solanky,Madhya Pradesh,DEWAS(SC),Unknown,1000000.0,False,635.0,25.0
,JAGADISH CHANDRA BARMA BASUNIA,West Bengal,COOCHBEHAR(SC),Unknown,1298112.0,False,534.0,25.0
WS/MP653/2024-2025/153579,Mahendra Singh Solanky,Madhya Pradesh,DEWAS(SC),Construction of community centers and community halls,1000000.0,False,640.0,25.0
,Arvind Ganpat Sawant,Maharashtra,MUMBAI SOUTH,Unknown,2000000.0,False,684.0,25.0
,Arvind Ganpat Sawant,Maharashtra,MUMBAI SOUTH,Unknown,2000000.0,False,684.0,25.0
,JAGADISH CHANDRA BARMA BASUNIA,West Bengal,COOCHBEHAR(SC),Unknown,2823486.0,False,534.0,25.0
,K. C VENUGOPAL,Kerala,ALAPPUZHA,Unknown,800000.0,False,716.0,25.0
WS/MP18183/2024-2025/143791,MURASOLI S,Tamil Nadu,THANJAVUR,Construction of community centers and community halls,1350000.0,True,695.0,25.0
,DR KALGE SHIVAJI BANDAPPA,Maharashtra,LATUR(SC),Unknown,1500000.0,False,695.0,25.0
WS/MP18065/2024-2025/135925,DEEPENDER SINGH HOODA,Haryana,ROHTAK,Construction of community centers and community halls,1097821.0,True,600.0,25.0
WS/MP632/2024-2025/142327,Anto Antony,Kerala,PATHANAMTHITTA,Purchase of vans and buses for educational institutions,2381380.0,True,515.0,25.0
,Arvind Ganpat Sawant,Maharashtra,MUMBAI SOUTH,Unknown,2500000.0,False,684.0,25.0
,DHANORKAR PRATIBHA SURESH ALIAS BALUBHAU,Maharashtra,CHANDRAPUR,Unknown,700000.0,False,677.0,24.9
,Khagen Murmu,West Bengal,MALDAHA UTTAR,Unknown,11000000.0,False,666.0,24.9
WS/MP429/2024-2025/140686,Jyotsna Charandas Mahant,Chhattisgarh,KORBA,Construction of rooms and halls in school and colleges,250000.0,True,641.0,24.9
WS/MP18311/2024-2025/136803,MALVINDER SINGH KANG,Punjab,ANANDPUR SAHIB,Construction of community centers and community halls,700000.0,True,705.0,24.9
WS/MP18322/2024-2025/140646,NALIN SOREN,Jharkhand,DUMKA(ST),Construction of culverts and bridges,300000.0,True,611.0,24.9
WS/MP18311/2024-2025/143656,MALVINDER SINGH KANG,Punjab,ANANDPUR SAHIB,Construction of community centers and community halls,700000.0,True,640.0,24.9
,JAGADISH CHANDRA BARMA BASUNIA,West Bengal,COOCHBEHAR(SC),Unknown,5697372.0,False,534.0,24.9
,JAGADISH CHANDRA BARMA BASUNIA,West Bengal,COOCHBEHAR(SC),Unknown,5925309.0,False,534.0,24.9
WS/MP18322/2024-2025/140641,NALIN SOREN,Jharkhand,DUMKA(ST),Construction of culverts and bridges,350000.0,True,611.0,24.8
WS/MP18322/2024-2025/140645,NALIN SOREN,Jharkhand,DUMKA(ST),Construction of culverts and bridges,350000.0,True,611.0,24.8
WS/MP858/2025-2026/137769,Asit Kumar Mal,West Bengal,BOLPUR(SC),Renovation of ponds and lakes,500000.0,True,465.0,24.8
WS/MP18049/2025-2026/152171,TOKHAN SAHU,Chhattisgarh,BILASPUR,Construction of common work sheds/ common covered sitting area,799797.0,False,648.0,24.8
WS/MP866/2024-2025/152256,Kalanidhi Veeraswamy,Tamil Nadu,CHENNAI NORTH,Construction of rooms and halls in school and colleges,10000000.0,False,648.0,24.8
WS/MP18312/2025-2026/154884,DURAI VAIKO,Tamil Nadu,TIRUCHIRAPPALLI,Construction of buildings for crèches and anganwadies,1574803.0,False,634.0,24.8
WS/MP353/2024-2025/144281,Adv Dean Kuriakose,Kerala,IDUKKI,"Construction of roads, link roads, pathways or any other road with or without drainage system",1500000.0,True,626.0,24.8
WS/MP18328/2024-2025/148157,Kangana Ranaut,Himachal Pradesh,MANDI,Construction of culverts and bridges,500000.0,True,614.0,24.8
WS/MP18065/2024-2025/134739,DEEPENDER SINGH HOODA,Haryana,ROHTAK,Construction of community centers and community halls,500000.0,True,622.0,24.8
,PRIYANKA SATISH JARKIHOLI,Karnataka,CHIKKODI,Unknown,1000000.0,False,664.0,24.7
,Anto Antony,Kerala,PATHANAMTHITTA,Unknown,50000.0,False,702.0,24.7
WS/MP740/2025-2026/140344,Andimuthu Raja,Tamil Nadu,NILGIRIS(SC),Construction of buildings for crèches and anganwadies,1200000.0,True,269.0,24.7
WS/MP529/2024-2025/147336,Maddila Gurumoorthy,Andhra Pradesh,TIRUPATI(SC),Installing community drinking water plants,302674.0,True,635.0,24.7
WS/MP18048/2024-2025/147775,MAHESH KASHYAP,Chhattisgarh,BASTAR(ST),Construction of common work sheds/ common covered sitting area,486000.0,True,620.0,24.7
WS/MP524/2024-2025/147047,Midhun Reddy,Andhra Pradesh,RAJAMPET,Construction of community centers and community halls,1500000.0,True,610.0,24.7
WS/MP638/2024-2025/152407,Virendra Kumar,Madhya Pradesh,TIKAMGARH(SC),Construction of additional rooms and halls in the existing public and community building,500000.0,False,647.0,24.7
WS/MP529/2024-2025/147335,Maddila Gurumoorthy,Andhra Pradesh,TIRUPATI(SC),Installing community drinking water plants,330000.0,True,635.0,24.6
WS/MP18322/2024-2025/140655,NALIN SOREN,Jharkhand,DUMKA(ST),Construction of common work sheds/ common covered sitting area,300000.0,True,611.0,24.6
,JAGADISH CHANDRA BARMA BASUNIA,West Bengal,COOCHBEHAR(SC),Unknown,1077149.0,False,534.0,24.6
WS/MP18175/2024-2025/149209,MANI. A.,Tamil Nadu,DHARAMAPURI,Construction of buildings for crèches and anganwadies,1655000.0,False,669.0,24.6
WS/MP18175/2024-2025/149219,MANI. A.,Tamil Nadu,DHARAMAPURI,Construction of buildings for crèches and anganwadies,1655000.0,False,669.0,24.6
WS/MP384/2025-2026/145407,Shri Arjun Ram Meghwal,Rajasthan,BIKANER(SC),Construction of toilet blocks,1500000.0,True,353.0,24.6
WS/MP18152/2024-2025/140034,SARABJEET SINGH KHALSA,Punjab,FARIDKOT(SC),Crematoriums/energy efficient crematoriums or structures on burial/cremation ground,200000.0,True,611.0,24.5
,K. C VENUGOPAL,Kerala,ALAPPUZHA,Unknown,1500000.0,False,716.0,24.5
WS/MP18396/2024-2025/145981,Harsh Malhotra,Delhi,EAST DELHI,Development of public parks,762192.0,True,625.0,24.5
WS/MP18396/2024-2025/145977,Harsh Malhotra,Delhi,EAST DELHI,Development of public parks,762192.0,True,625.0,24.5
,K. C VENUGOPAL,Kerala,ALAPPUZHA,Unknown,1500000.0,False,670.0,24.5
,K. C VENUGOPAL,Kerala,ALAPPUZHA,Unknown,1576800.0,False,670.0,24.5
WS/MP18188/2024-2025/154589,KONDA VISHWESHWAR REDDY,Telangana,CHELVELLA,Installing tube-wells and borewells,200000.0,False,636.0,24.5
,K. C VENUGOPAL,Kerala,ALAPPUZHA,Unknown,1500000.0,False,716.0,24.5
,K. C VENUGOPAL,Kerala,ALAPPUZHA,Unknown,1500000.0,False,716.0,24.5
WS/MP18272/2025-2026/153288,KALIPADA SAREN,West Bengal,JHARGRAM(ST),Construction of boundary walls of existing public and community buildings,753562.0,False,641.0,24.5
,PRIYANKA SATISH JARKIHOLI,Karnataka,CHIKKODI,Unknown,500000.0,False,658.0,24.4
WS/MP18048/2024-2025/149429,MAHESH KASHYAP,Chhattisgarh,BASTAR(ST),"Construction of roads, link roads, pathways or any other road with or without drainage system",891087.0,False,666.0,24.4
WS/MP18248/2024-2025/150935,DR. SHARMILA SARKAR,West Bengal,BARDHAMAN PURBA(SC),Lighting of public spaces,290000.0,False,656.0,24.4
WS/MP18248/2024-2025/150929,DR. SHARMILA SARKAR,West Bengal,BARDHAMAN PURBA(SC),Lighting of public spaces,290000.0,False,656.0,24.4
WS/MP18248/2024-2025/150926,DR. SHARMILA SARKAR,West Bengal,BARDHAMAN PURBA(SC),Lighting of public spaces,290000.0,False,656.0,24.4
WS/MP644/2024-2025/154682,Janardan Mishra,Madhya Pradesh,REWA,Improvement of electricity distribution infrastructure,266250.0,False,636.0,24.4
WS/MP18082/2024-2025/154596,GOVIND MAKTHAPPA KARJOL,Karnataka,CHITRADURGA(SC),Construction of New Building,2500000.0,False,636.0,24.4
,PRIYANKA SATISH JARKIHOLI,Karnataka,CHIKKODI,Unknown,500000.0,False,658.0,24.4
WS/MP18312/2025-2026/154886,DURAI VAIKO,Tamil Nadu,TIRUCHIRAPPALLI,Construction of additional rooms and halls in the existing public and community building,1582944.0,False,634.0,24.4
WS/MP423/2025-2026/138462,Shri Abhishek Banerjee,West Bengal,DIAMOND HARBOUR,"Construction of roads, link roads, pathways or any other road with or without drainage system",800000.0,True,478.0,24.4
WS/MP858/2025-2026/137766,Asit Kumar Mal,West Bengal,BOLPUR(SC),Street lights,280000.0,True,446.0,24.4
,K. C VENUGOPAL,Kerala,ALAPPUZHA,Unknown,2000000.0,False,716.0,24.4
,PRIYANKA SATISH JARKIHOLI,Karnataka,CHIKKODI,Unknown,500000.0,False,664.0,24.4
WS/MP18074/2024-2025/140512,KALI CHARAN MUNDA,Jharkhand,KHUNTI(ST),"Construction of roads, link roads, pathways or any other road with or without drainage system",1300000.0,True,678.0,24.4
WS/MP858/2025-2026/137765,Asit Kumar Mal,West Bengal,BOLPUR(SC),Street lights,279462.0,True,466.0,24.3
,K. C VENUGOPAL,Kerala,ALAPPUZHA,Unknown,1404000.0,False,670.0,24.3
WS/MP18074/2024-2025/140517,KALI CHARAN MUNDA,Jharkhand,KHUNTI(ST),"Construction of roads, link roads, pathways or any other road with or without drainage system",1000000.0,True,678.0,24.3
WS/MP18074/2024-2025/140513,KALI CHARAN MUNDA,Jharkhand,KHUNTI(ST),"Construction of roads, link roads, pathways or any other road with or without drainage system",1200000.0,True,678.0,24.3
WS/MP858/2025-2026/137763,Asit Kumar Mal,West Bengal,BOLPUR(SC),Street lights,279462.0,True,466.0,24.3
WS/MP858/2025-2026/137762,Asit Kumar Mal,West Bengal,BOLPUR(SC),Street lights,279860.0,True,466.0,24.3
WS/MP858/2025-2026/137760,Asit Kumar Mal,West Bengal,BOLPUR(SC),Street lights,279860.0,True,466.0,24.3
WS/MP858/2025-2026/137761,Asit Kumar Mal,West Bengal,BOLPUR(SC),Street lights,279504.0,True,466.0,24.3
WS/MP18048/2024-2025/148011,MAHESH KASHYAP,Chhattisgarh,BASTAR(ST),Construction of common work sheds/ common covered sitting area,500000.0,True,608.0,24.3
WS/MP858/2025-2026/137764,Asit Kumar Mal,West Bengal,BOLPUR(SC),Street lights,279462.0,True,466.0,24.3
WS/MP18048/2024-2025/147776,MAHESH KASHYAP,Chhattisgarh,BASTAR(ST),Construction of common work sheds/ common covered sitting area,500000.0,True,608.0,24.3
WS/MP18065/2024-2025/135795,DEEPENDER SINGH HOODA,Haryana,ROHTAK,Construction of community centers and community halls,698917.0,True,622.0,24.3
WS/MP632/2024-2025/134100,Anto Antony,Kerala,PATHANAMTHITTA,Lighting of public spaces,218570.0,True,650.0,24.2
WS/MP18065/2024-2025/134741,DEEPENDER SINGH HOODA,Haryana,ROHTAK,Construction of boundary walls of existing public and community buildings,500000.0,True,656.0,24.2
WS/MP632/2024-2025/134104,Anto Antony,Kerala,PATHANAMTHITTA,Lighting of public spaces,219694.0,True,633.0,24.2
WS/MP632/2024-2025/142406,Anto Antony,Kerala,PATHANAMTHITTA,Lighting of public spaces,219831.0,True,579.0,24.2
WS/MP632/2024-2025/142407,Anto Antony,Kerala,PATHANAMTHITTA,Lighting of public spaces,219831.0,True,578.0,24.2
WS/MP632/2024-2025/142408,Anto Antony,Kerala,PATHANAMTHITTA,Lighting of public spaces,219831.0,True,579.0,24.2
WS/MP18048/2024-2025/149426,MAHESH KASHYAP,Chhattisgarh,BASTAR(ST),"Construction of roads, link roads, pathways or any other road with or without drainage system",878010.0,False,666.0,24.2
,Arvind Ganpat Sawant,Maharashtra,MUMBAI SOUTH,Unknown,1000000.0,False,684.0,24.2
WS/MP529/2024-2025/152035,Maddila Gurumoorthy,Andhra Pradesh,TIRUPATI(SC),Construction of toilet blocks,492768.0,False,649.0,24.2
WS/MP18313/2024-2025/146009,RAJ KUMAR ROAT,Rajasthan,BANSWARA(ST),Construction of community centers and community halls,600000.0,True,618.0,24.2
,DHANORKAR PRATIBHA SURESH ALIAS BALUBHAU,Maharashtra,CHANDRAPUR,Unknown,1000000.0,False,677.0,24.2
WS/MP812/2026-2027/147515,Vijay Kumar Dubey,Uttar Pradesh,KUSHI NAGAR,Construction of community centers and community halls,1347476.0,True,127.0,24.2
WS/MP632/2024-2025/134094,Anto Antony,Kerala,PATHANAMTHITTA,Lighting of public spaces,218008.0,True,649.0,24.2
WS/MP423/2025-2026/138822,Shri Abhishek Banerjee,West Bengal,DIAMOND HARBOUR,"Construction of roads, link roads, pathways or any other road with or without drainage system",497132.0,True,458.0,24.2
,DHANORKAR PRATIBHA SURESH ALIAS BALUBHAU,Maharashtra,CHANDRAPUR,Unknown,1000000.0,False,677.0,24.2
,DHANORKAR PRATIBHA SURESH ALIAS BALUBHAU,Maharashtra,CHANDRAPUR,Unknown,1000000.0,False,677.0,24.2
WS/MP18313/2024-2025/140425,RAJ KUMAR ROAT,Rajasthan,BANSWARA(ST),Construction of community centers and community halls,500000.0,True,618.0,24.2
WS/MP585/2025-2026/151164,Hasmukh Bhai Soma Bhai Patel,Gujarat,AHMEDABAD EAST,Construction of common work sheds/ common covered sitting area,495000.0,False,655.0,24.1
WS/MP18048/2024-2025/147783,MAHESH KASHYAP,Chhattisgarh,BASTAR(ST),Construction of culverts and bridges,900000.0,True,620.0,24.1
,Shri Suresh Kodikunnil,Kerala,MAVELIKKARA(SC),Unknown,500000.0,False,656.0,24.0
WS/MP812/2024-2025/147491,Vijay Kumar Dubey,Uttar Pradesh,KUSHI NAGAR,Installation of multi-gym equipment,850000.0,True,542.0,24.0
,Devusinh Jesingbhai Chauhan,Gujarat,KHEDA,Unknown,327000.0,False,635.0,24.0
WS/MP18048/2024-2025/147773,MAHESH KASHYAP,Chhattisgarh,BASTAR(ST),Construction of culverts and bridges,588000.0,True,620.0,24.0
WS/MP18074/2024-2025/136924,KALI CHARAN MUNDA,Jharkhand,KHUNTI(ST),"Construction of roads, link roads, pathways or any other road with or without drainage system",1200000.0,True,692.0,23.9
WS/MP18253/2024-2025/139729,BAPI HALDAR,West Bengal,MATHURAPUR(SC),Providing drains and gutters for public drainage,300000.0,True,642.0,23.9
WS/MP18106/2024-2025/147204,SHIVMANGAL SINGH TOMAR,Madhya Pradesh,MORENA,Construction of buildings for community cultural activities,400000.0,True,626.0,23.9
WS/MP18108/2024-2025/151957,DR. LATA WANKHEDE,Madhya Pradesh,SAGAR,Construction of common work sheds/ common covered sitting area,500000.0,False,650.0,23.9
,K. C VENUGOPAL,Kerala,ALAPPUZHA,Unknown,500000.0,False,716.0,23.9
WS/MP644/2024-2025/154684,Janardan Mishra,Madhya Pradesh,REWA,Improvement of electricity distribution infrastructure,405547.0,False,636.0,23.8
WS/MP18074/2024-2025/137042,KALI CHARAN MUNDA,Jharkhand,KHUNTI(ST),Construction of additional rooms and halls in the existing public and community building,800000.0,True,692.0,23.8
WS/MP353/2024-2025/147637,Adv Dean Kuriakose,Kerala,IDUKKI,"Construction of roads, link roads, pathways or any other road with or without drainage system",1748919.0,True,591.0,23.8
WS/MP18108/2024-2025/154836,DR. LATA WANKHEDE,Madhya Pradesh,SAGAR,Construction of additional rooms and halls in the existing public and community building,500000.0,False,636.0,23.8
WS/MP18074/2024-2025/136926,KALI CHARAN MUNDA,Jharkhand,KHUNTI(ST),"Construction of roads, link roads, pathways or any other road with or without drainage system",1000000.0,True,692.0,23.8
WS/MP18074/2024-2025/137043,KALI CHARAN MUNDA,Jharkhand,KHUNTI(ST),"Construction of roads, link roads, pathways or any other road with or without drainage system",1000000.0,True,692.0,23.8
WS/MP571/2025-2026/153953,Shripad Yesso Naik,Goa,NORTH GOA,"Purchase of prosthetics, wheel chairs, tricycles (manual or motorized), elect scooties, hearing aids",130000.0,False,625.0,23.7
WS/MP459/2025-2026/149090,T Sumathy (A) Thamizhachi Thangapandian,Tamil Nadu,CHENNAI SOUTH,Purchase of books and periodicals for libraries/digitization of library books,1600000.0,False,669.0,23.7
WS/MP571/2025-2026/149444,Shripad Yesso Naik,Goa,NORTH GOA,"Purchase of prosthetics, wheel chairs, tricycles (manual or motorized), elect scooties, hearing aids",130000.0,False,667.0,23.7
WS/MP571/2025-2026/149438,Shripad Yesso Naik,Goa,NORTH GOA,"Purchase of prosthetics, wheel chairs, tricycles (manual or motorized), elect scooties, hearing aids",130000.0,False,667.0,23.7
WS/MP571/2025-2026/153929,Shripad Yesso Naik,Goa,NORTH GOA,"Purchase of prosthetics, wheel chairs, tricycles (manual or motorized), elect scooties, hearing aids",130000.0,False,626.0,23.7
WS/MP479/2024-2025/138331,Saumitra khan,West Bengal,BISHNUPUR(SC),Construction of buildings for community cultural activities,348999.0,True,594.0,23.7
WS/MP571/2025-2026/153952,Shripad Yesso Naik,Goa,NORTH GOA,"Purchase of prosthetics, wheel chairs, tricycles (manual or motorized), elect scooties, hearing aids",130000.0,False,625.0,23.7
WS/MP571/2025-2026/153948,Shripad Yesso Naik,Goa,NORTH GOA,"Purchase of prosthetics, wheel chairs, tricycles (manual or motorized), elect scooties, hearing aids",130000.0,False,625.0,23.7
WS/MP571/2025-2026/153949,Shripad Yesso Naik,Goa,NORTH GOA,"Purchase of prosthetics, wheel chairs, tricycles (manual or motorized), elect scooties, hearing aids",130000.0,False,626.0,23.7
WS/MP18048/2024-2025/147871,MAHESH KASHYAP,Chhattisgarh,BASTAR(ST),Construction of common work sheds/ common covered sitting area,400000.0,True,620.0,23.7
WS/MP524/2024-2025/147046,Midhun Reddy,Andhra Pradesh,RAJAMPET,"Construction of roads, link roads, pathways or any other road with or without drainage system",300000.0,True,610.0,23.7
WS/MP18323/2026-2027/144110,DR KALGE SHIVAJI BANDAPPA,Maharashtra,LATUR(SC),Construction of community centers and community halls,967593.0,True,128.0,23.6
WS/MP18396/2024-2025/145979,Harsh Malhotra,Delhi,EAST DELHI,Development of public parks,761500.0,True,625.0,23.6
,Shri Suresh Kodikunnil,Kerala,MAVELIKKARA(SC),Unknown,250000.0,False,654.0,23.6
WS/MP18396/2024-2025/145978,Harsh Malhotra,Delhi,EAST DELHI,Development of public parks,761500.0,True,625.0,23.6
WS/MP18323/2026-2027/144111,DR KALGE SHIVAJI BANDAPPA,Maharashtra,LATUR(SC),Construction of community centers and community halls,998705.0,True,93.0,23.6
WS/MP18133/2025-2026/148916,SHRIMANT CHH UDAYANRAJE PRATAPSINHAMAHARAJ BHONSLE,Maharashtra,SATARA,Construction of rooms and halls in school and colleges,800000.0,True,488.0,23.6
WS/MP18048/2024-2025/148039,MAHESH KASHYAP,Chhattisgarh,BASTAR(ST),Construction of common work sheds/ common covered sitting area,388000.0,True,620.0,23.6
WS/MP18219/2025-2026/143344,AJENDRA SINGH LODHI,Uttar Pradesh,HAMIRPUR_UP,Construction of common work sheds/ common covered sitting area,700000.0,True,403.0,23.5
WS/MP18219/2025-2026/143778,AJENDRA SINGH LODHI,Uttar Pradesh,HAMIRPUR_UP,Construction of common work sheds/ common covered sitting area,700000.0,True,403.0,23.5
WS/MP18219/2025-2026/143779,AJENDRA SINGH LODHI,Uttar Pradesh,HAMIRPUR_UP,Construction of common work sheds/ common covered sitting area,700000.0,True,403.0,23.5
WS/MP18219/2025-2026/143780,AJENDRA SINGH LODHI,Uttar Pradesh,HAMIRPUR_UP,Construction of common work sheds/ common covered sitting area,700000.0,True,403.0,23.5
WS/MP18219/2025-2026/143777,AJENDRA SINGH LODHI,Uttar Pradesh,HAMIRPUR_UP,Construction of common work sheds/ common covered sitting area,700000.0,True,403.0,23.5
WS/MP18219/2025-2026/143343,AJENDRA SINGH LODHI,Uttar Pradesh,HAMIRPUR_UP,Construction of common work sheds/ common covered sitting area,700000.0,True,403.0,23.5
WS/MP18219/2025-2026/143345,AJENDRA SINGH LODHI,Uttar Pradesh,HAMIRPUR_UP,Construction of common work sheds/ common covered sitting area,700000.0,True,403.0,23.5
WS/MP18219/2025-2026/143349,AJENDRA SINGH LODHI,Uttar Pradesh,HAMIRPUR_UP,Construction of common work sheds/ common covered sitting area,700000.0,True,403.0,23.5
WS/MP353/2024-2025/144280,Adv Dean Kuriakose,Kerala,IDUKKI,"Construction of roads, link roads, pathways or any other road with or without drainage system",826340.0,True,622.0,23.5
WS/MP18219/2025-2026/143348,AJENDRA SINGH LODHI,Uttar Pradesh,HAMIRPUR_UP,Construction of common work sheds/ common covered sitting area,700000.0,True,403.0,23.5
WS/MP18219/2025-2026/143781,AJENDRA SINGH LODHI,Uttar Pradesh,HAMIRPUR_UP,Construction of common work sheds/ common covered sitting area,700000.0,True,403.0,23.5
WS/MP18219/2025-2026/143346,AJENDRA SINGH LODHI,Uttar Pradesh,HAMIRPUR_UP,Construction of common work sheds/ common covered sitting area,700000.0,True,403.0,23.5
WS/MP350/2025-2026/152474,Shri Rajmohan Unnithan,Kerala,KASARAGOD,Purchase of vans and buses for educational institutions,2300000.0,False,647.0,23.5
WS/MP18219/2025-2026/143347,AJENDRA SINGH LODHI,Uttar Pradesh,HAMIRPUR_UP,Construction of common work sheds/ common covered sitting area,700000.0,True,403.0,23.5
WS/MP18242/2025-2026/147786,RAMBHUAL NISHAD,Uttar Pradesh,SULTANPUR,Construction of boundary walls of existing public and community buildings,1000000.0,True,472.0,23.4
WS/MP353/2024-2025/143936,Adv Dean Kuriakose,Kerala,IDUKKI,"Construction of roads, link roads, pathways or any other road with or without drainage system",877632.0,True,620.0,23.4
WS/MP479/2024-2025/138334,Saumitra khan,West Bengal,BISHNUPUR(SC),"Construction of cycle tracks, cycle stand and segregated non-motorized vehicle (NMV) lanes",499031.0,True,618.0,23.3
,DR KALGE SHIVAJI BANDAPPA,Maharashtra,LATUR(SC),Unknown,800000.0,False,682.0,23.3
WS/MP632/2024-2025/142069,Anto Antony,Kerala,PATHANAMTHITTA,Lighting of public spaces,217501.0,True,570.0,23.2
,Vaithilingam Ve,Puducherry,Puducherry,Unknown,2000000.0,False,663.0,23.2
,Vaithilingam Ve,Puducherry,Puducherry,Unknown,2000000.0,False,663.0,23.2
,Vaithilingam Ve,Puducherry,Puducherry,Unknown,2000000.0,False,663.0,23.2
WS/MP577/2025-2026/138730,Jaswantsinh Sumanbhai Bhabhor,Gujarat,DAHOD(ST),Construction of boundary walls of existing public and community buildings,500000.0,True,480.0,23.2
WS/MP632/2024-2025/142060,Anto Antony,Kerala,PATHANAMTHITTA,Lighting of public spaces,217501.0,True,576.0,23.2
WS/MP249/2024-2025/155378,Shri Deepak (Dev) Adhikari,West Bengal,GHATAL,Lighting of public spaces,349000.0,False,580.0,23.1
WS/MP485/2024-2025/134837,Pratima Mondal,West Bengal,JOYNAGAR(SC),Street lights,250000.0,True,522.0,23.1
WS/MP485/2024-2025/134838,Pratima Mondal,West Bengal,JOYNAGAR(SC),Street lights,250000.0,True,522.0,23.1
WS/MP632/2024-2025/134092,Anto Antony,Kerala,PATHANAMTHITTA,Lighting of public spaces,216919.0,True,650.0,23.1
WS/MP249/2024-2025/155366,Shri Deepak (Dev) Adhikari,West Bengal,GHATAL,Lighting of public spaces,349000.0,False,580.0,23.1
WS/MP249/2024-2025/155356,Shri Deepak (Dev) Adhikari,West Bengal,GHATAL,Lighting of public spaces,349000.0,False,580.0,23.1
WS/MP249/2024-2025/155357,Shri Deepak (Dev) Adhikari,West Bengal,GHATAL,Lighting of public spaces,349000.0,False,580.0,23.1
,DR KALGE SHIVAJI BANDAPPA,Maharashtra,LATUR(SC),Unknown,1000000.0,False,695.0,23.1
WS/MP249/2024-2025/155358,Shri Deepak (Dev) Adhikari,West Bengal,GHATAL,Lighting of public spaces,349000.0,False,580.0,23.1
WS/MP249/2024-2025/155359,Shri Deepak (Dev) Adhikari,West Bengal,GHATAL,Lighting of public spaces,349000.0,False,580.0,23.1
WS/MP644/2024-2025/151389,Janardan Mishra,Madhya Pradesh,REWA,Fitting of Sitting RCC Benches in Public Places,729150.0,False,654.0,23.1
WS/MP249/2024-2025/155363,Shri Deepak (Dev) Adhikari,West Bengal,GHATAL,Lighting of public spaces,349000.0,False,580.0,23.1
WS/MP249/2024-2025/155360,Shri Deepak (Dev) Adhikari,West Bengal,GHATAL,Lighting of public spaces,349000.0,False,580.0,23.1
WS/MP18238/2025-2026/152814,RAMASHANKAR RAJBHAR,Uttar Pradesh,SALEMPUR,"Construction of roads, link roads, pathways or any other road with or without drainage system",700000.0,False,643.0,23.1
,DR KALGE SHIVAJI BANDAPPA,Maharashtra,LATUR(SC),Unknown,1000000.0,False,695.0,23.1
WS/MP18108/2025-2026/150360,DR. LATA WANKHEDE,Madhya Pradesh,SAGAR,Construction of additional rooms and halls in the existing public and community building,300000.0,False,659.0,23.1
,DR KALGE SHIVAJI BANDAPPA,Maharashtra,LATUR(SC),Unknown,1000000.0,False,695.0,23.1
,DR KALGE SHIVAJI BANDAPPA,Maharashtra,LATUR(SC),Unknown,1000000.0,False,695.0,23.1
,DR KALGE SHIVAJI BANDAPPA,Maharashtra,LATUR(SC),Unknown,1000000.0,False,695.0,23.1
WS/MP18104/2024-2025/152592,DARSHAN SINGH CHOUDHARY,Madhya Pradesh,HOSHANGABAD,"Purchase of prosthetics, wheel chairs, tricycles (manual or motorized), elect scooties, hearing aids",115000.0,False,612.0,23.1
WS/MP18104/2025-2026/153165,DARSHAN SINGH CHOUDHARY,Madhya Pradesh,HOSHANGABAD,"Purchase of prosthetics, wheel chairs, tricycles (manual or motorized), elect scooties, hearing aids",115000.0,False,612.0,23.1
WS/MP18064/2025-2026/150858,NAVEEN JINDAL,Haryana,KURUKSHETRA,Construction of common work sheds/ common covered sitting area,119485.0,False,656.0,23.0
WS/MP18335/2025-2026/150741,RADHE SHYAM RATHIYA,Chhattisgarh,RAIGARH(ST),Construction of common work sheds/ common covered sitting area,1500000.0,False,656.0,23.0
,K. C VENUGOPAL,Kerala,ALAPPUZHA,Unknown,400000.0,False,670.0,22.9
WS/MP18323/2025-2026/144107,DR KALGE SHIVAJI BANDAPPA,Maharashtra,LATUR(SC),Construction of community centers and community halls,1494640.0,True,201.0,22.9
,Vaithilingam Ve,Puducherry,Puducherry,Unknown,2980000.0,False,663.0,22.9
WS/MP18065/2024-2025/149666,DEEPENDER SINGH HOODA,Haryana,ROHTAK,Construction of boundary walls of existing public and community buildings,1100000.0,False,664.0,22.8
WS/MP345/2024-2025/138117,Shri NK Premachandran,Kerala,KOLLAM,"Construction of roads, link roads, pathways or any other road with or without drainage system",1350000.0,True,526.0,22.8
WS/MP18323/2026-2027/144120,DR KALGE SHIVAJI BANDAPPA,Maharashtra,LATUR(SC),Construction of community centers and community halls,1991059.0,True,93.0,22.8
WS/MP348/2024-2025/152561,Shri Benny Behanan,Kerala,CHALAKUDY,Purchase of vans and buses for educational institutions,1803729.0,False,647.0,22.8
WS/MP632/2024-2025/142062,Anto Antony,Kerala,PATHANAMTHITTA,Lighting of public spaces,217501.0,True,615.0,22.8
WS/MP18335/2025-2026/150784,RADHE SHYAM RATHIYA,Chhattisgarh,RAIGARH(ST),Construction of rooms and halls in school and colleges,1831000.0,False,656.0,22.8
WS/MP632/2024-2025/142064,Anto Antony,Kerala,PATHANAMTHITTA,Lighting of public spaces,217501.0,True,619.0,22.8
WS/MP582/2024-2025/141893,Prabhubhai Nagarbhai Vasava,Gujarat,BARDOLI(ST),Lighting of public spaces,191980.0,True,628.0,22.8
WS/MP582/2024-2025/147351,Prabhubhai Nagarbhai Vasava,Gujarat,BARDOLI(ST),Lighting of public spaces,192000.0,True,597.0,22.8
WS/MP632/2024-2025/142070,Anto Antony,Kerala,PATHANAMTHITTA,Lighting of public spaces,217501.0,True,615.0,22.8
WS/MP18064/2024-2025/154875,NAVEEN JINDAL,Haryana,KURUKSHETRA,"Construction of roads, link roads, pathways or any other road with or without drainage system",250000.0,False,635.0,22.8
WS/MP18064/2024-2025/154877,NAVEEN JINDAL,Haryana,KURUKSHETRA,"Construction of roads, link roads, pathways or any other road with or without drainage system",250000.0,False,635.0,22.8
WS/MP18064/2024-2025/154911,NAVEEN JINDAL,Haryana,KURUKSHETRA,"Construction of roads, link roads, pathways or any other road with or without drainage system",250000.0,False,635.0,22.8
WS/MP632/2026-2027/149132,Anto Antony,Kerala,PATHANAMTHITTA,Lighting of public spaces,217190.0,False,669.0,22.7
WS/MP18064/2024-2025/154913,NAVEEN JINDAL,Haryana,KURUKSHETRA,"Construction of roads, link roads, pathways or any other road with or without drainage system",350000.0,False,635.0,22.7
WS/MP632/2024-2025/134102,Anto Antony,Kerala,PATHANAMTHITTA,Lighting of public spaces,216033.0,True,650.0,22.7
WS/MP18313/2024-2025/147431,RAJ KUMAR ROAT,Rajasthan,BANSWARA(ST),"Construction of roads, link roads, pathways or any other road with or without drainage system",1000000.0,True,617.0,22.7
WS/MP18064/2024-2025/154915,NAVEEN JINDAL,Haryana,KURUKSHETRA,"Construction of roads, link roads, pathways or any other road with or without drainage system",350000.0,False,635.0,22.7
WS/MP632/2025-2026/153053,Anto Antony,Kerala,PATHANAMTHITTA,Lighting of public spaces,217562.0,False,643.0,22.7
WS/MP18232/2024-2025/143930,HARENDRA SINGH MALIK,Uttar Pradesh,MUZAFFARNAGAR,Providing drains and gutters for public drainage,986000.0,True,513.0,22.7
WS/MP18357/2024-2025/146474,JYOTIRADITYA M. SCINDIA,Madhya Pradesh,GUNA,Construction of rooms and halls in school and colleges,321000.0,True,544.0,22.6
WS/MP18133/2025-2026/148510,SHRIMANT CHH UDAYANRAJE PRATAPSINHAMAHARAJ BHONSLE,Maharashtra,SATARA,Construction of additional rooms and halls in the existing public and community building,1000000.0,True,488.0,22.6
WS/MP18242/2025-2026/148017,RAMBHUAL NISHAD,Uttar Pradesh,SULTANPUR,Construction of rooms and halls in school and colleges,2500000.0,True,509.0,22.6
WS/MP18167/2024-2025/146924,BRIJENDRA SINGH OLA,Rajasthan,JHUNJHUNU,Improvement of electricity distribution infrastructure,159048.0,True,604.0,22.6
WS/MP18064/2024-2025/154910,NAVEEN JINDAL,Haryana,KURUKSHETRA,"Construction of roads, link roads, pathways or any other road with or without drainage system",300000.0,False,635.0,22.5
,RAMASHANKAR RAJBHAR,Uttar Pradesh,SALEMPUR,Unknown,319000.0,False,698.0,22.5
,RAMASHANKAR RAJBHAR,Uttar Pradesh,SALEMPUR,Unknown,319000.0,False,698.0,22.5
WS/MP18250/2026-2027/140435,SK NURUL ISLAM,West Bengal,BASIRHAT,Street lights,500000.0,True,9.0,22.5
WS/MP18250/2025-2026/140433,SK NURUL ISLAM,West Bengal,BASIRHAT,Street lights,500000.0,True,170.0,22.5
,RAMASHANKAR RAJBHAR,Uttar Pradesh,SALEMPUR,Unknown,319000.0,False,698.0,22.5
WS/MP18250/2025-2026/140436,SK NURUL ISLAM,West Bengal,BASIRHAT,Street lights,500000.0,True,313.0,22.5
,Vaithilingam Ve,Puducherry,Puducherry,Unknown,4967000.0,False,647.0,22.5
WS/MP18250/2025-2026/141761,SK NURUL ISLAM,West Bengal,BASIRHAT,Street lights,439648.0,True,368.0,22.4
WS/MP18321/2025-2026/143691,SHOBHANABEN MAHENDRASINH BARAIYA,Gujarat,SABARKANTHA,"Construction of roads, link roads, pathways or any other road with or without drainage system",500000.0,True,502.0,22.4
WS/MP18232/2024-2025/149182,HARENDRA SINGH MALIK,Uttar Pradesh,MUZAFFARNAGAR,Street lights,12881.0,False,669.0,22.3
WS/MP18048/2025-2026/147770,MAHESH KASHYAP,Chhattisgarh,BASTAR(ST),"Construction of roads, link roads, pathways or any other road with or without drainage system",707000.0,True,458.0,22.3
WS/MP18209/2025-2026/146908,CHANDAN CHAUHAN,Uttar Pradesh,BIJNOR,"Construction of roads, link roads, pathways or any other road with or without drainage system",919400.0,True,411.0,22.3
WS/MP18247/2024-2025/145107,ARUP CHAKRABORTY,West Bengal,BANKURA,Street lights,7600000.0,True,621.0,22.2
WS/MP18277/2024-2025/149801,AZAD KIRTI JHA,West Bengal,BARDHAMAN-DURGAPUR,"Construction of roads, link roads, pathways or any other road with or without drainage system",450000.0,False,663.0,22.2
WS/MP740/2026-2027/140341,Andimuthu Raja,Tamil Nadu,NILGIRIS(SC),Construction of community centers and community halls,1400000.0,True,100.0,22.2
WS/MP18048/2024-2025/147771,MAHESH KASHYAP,Chhattisgarh,BASTAR(ST),Construction of boundary walls of existing public and community buildings,1408000.0,True,620.0,22.2
WS/MP18277/2024-2025/154145,AZAD KIRTI JHA,West Bengal,BARDHAMAN-DURGAPUR,"Construction of roads, link roads, pathways or any other road with or without drainage system",450000.0,False,639.0,22.2
WS/MP740/2026-2027/140334,Andimuthu Raja,Tamil Nadu,NILGIRIS(SC),Construction of community centers and community halls,1400000.0,True,90.0,22.2
WS/MP18250/2026-2027/139022,SK NURUL ISLAM,West Bengal,BASIRHAT,Construction of water tanks,2765000.0,True,46.0,22.2
WS/MP18247/2024-2025/145108,ARUP CHAKRABORTY,West Bengal,BANKURA,Street lights,4020731.0,True,621.0,22.2
WS/MP18277/2024-2025/149803,AZAD KIRTI JHA,West Bengal,BARDHAMAN-DURGAPUR,"Construction of roads, link roads, pathways or any other road with or without drainage system",450000.0,False,663.0,22.2
WS/MP18048/2024-2025/147782,MAHESH KASHYAP,Chhattisgarh,BASTAR(ST),Construction of boundary walls of existing public and community buildings,583000.0,True,620.0,22.2
WS/MP18173/2024-2025/137925,THARANIVENTHAN M S,Tamil Nadu,ARANI,Construction of community centers and community halls,1352339.0,True,641.0,22.2
WS/MP18247/2024-2025/145106,ARUP CHAKRABORTY,West Bengal,BANKURA,Street lights,2579844.0,True,621.0,22.2
WS/MP18247/2024-2025/145080,ARUP CHAKRABORTY,West Bengal,BANKURA,Street lights,1433240.0,True,621.0,22.2
WS/MP18048/2024-2025/145568,MAHESH KASHYAP,Chhattisgarh,BASTAR(ST),Construction of culverts and bridges,700000.0,True,604.0,22.2
WS/MP384/2024-2025/154561,Shri Arjun Ram Meghwal,Rajasthan,BIKANER(SC),Construction of community centers and community halls,1500000.0,False,637.0,22.2
WS/MP18133/2025-2026/148915,SHRIMANT CHH UDAYANRAJE PRATAPSINHAMAHARAJ BHONSLE,Maharashtra,SATARA,Construction of boundary walls of existing public and community buildings,500000.0,True,467.0,22.1
WS/MP18357/2024-2025/146473,JYOTIRADITYA M. SCINDIA,Madhya Pradesh,GUNA,Construction of rooms and halls in school and colleges,300000.0,True,544.0,22.1
WS/MP638/2024-2025/152565,Virendra Kumar,Madhya Pradesh,TIKAMGARH(SC),Construction of buildings for community cultural activities,2500000.0,False,647.0,22.1
WS/MP743/2025-2026/142801,Ganesan Selvam,Tamil Nadu,KANCHEEPURAM(SC),Construction of community centers and community halls,1011000.0,True,269.0,22.1
WS/MP18313/2024-2025/140376,RAJ KUMAR ROAT,Rajasthan,BANSWARA(ST),"Construction of roads, link roads, pathways or any other road with or without drainage system",1500000.0,True,619.0,22.0
WS/MP18277/2024-2025/150063,AZAD KIRTI JHA,West Bengal,BARDHAMAN-DURGAPUR,Construction of additional rooms and halls in the existing public and community building,250000.0,False,662.0,22.0
WS/MP18209/2025-2026/146913,CHANDAN CHAUHAN,Uttar Pradesh,BIJNOR,"Construction of roads, link roads, pathways or any other road with or without drainage system",676100.0,True,433.0,22.0
WS/MP18209/2025-2026/146888,CHANDAN CHAUHAN,Uttar Pradesh,BIJNOR,"Construction of roads, link roads, pathways or any other road with or without drainage system",276100.0,True,411.0,22.0
WS/MP18074/2024-2025/140518,KALI CHARAN MUNDA,Jharkhand,KHUNTI(ST),"Construction of roads, link roads, pathways or any other road with or without drainage system",200000.0,True,678.0,21.9
WS/MP18335/2025-2026/150744,RADHE SHYAM RATHIYA,Chhattisgarh,RAIGARH(ST),Construction of additional rooms and halls in the existing public and community building,1000000.0,False,656.0,21.9
WS/MP18209/2025-2026/146909,CHANDAN CHAUHAN,Uttar Pradesh,BIJNOR,"Construction of roads, link roads, pathways or any other road with or without drainage system",993700.0,True,433.0,21.9
WS/MP743/2025-2026/142807,Ganesan Selvam,Tamil Nadu,KANCHEEPURAM(SC),Installing community drinking water plants,750000.0,True,198.0,21.9
,KISHORI LAL,Uttar Pradesh,AMETHI,Unknown,625000.0,False,684.0,21.8
WS/MP479/2024-2025/138322,Saumitra khan,West Bengal,BISHNUPUR(SC),Lighting of public spaces,574443.0,True,618.0,21.8
WS/MP18277/2024-2025/154148,AZAD KIRTI JHA,West Bengal,BARDHAMAN-DURGAPUR,"Construction of roads, link roads, pathways or any other road with or without drainage system",420000.0,False,639.0,21.8
WS/MP18277/2025-2026/154146,AZAD KIRTI JHA,West Bengal,BARDHAMAN-DURGAPUR,"Construction of roads, link roads, pathways or any other road with or without drainage system",400000.0,False,639.0,21.8
,KISHORI LAL,Uttar Pradesh,AMETHI,Unknown,625000.0,False,684.0,21.8
WS/MP18209/2025-2026/146911,CHANDAN CHAUHAN,Uttar Pradesh,BIJNOR,"Construction of roads, link roads, pathways or any other road with or without drainage system",840900.0,True,411.0,21.8
WS/MP498/2024-2025/154356,Dr Sukanta Majumdar,West Bengal,BALURGHAT,Installing community drinking water plants,299487.0,False,627.0,21.8
WS/MP498/2024-2025/154845,Dr Sukanta Majumdar,West Bengal,BALURGHAT,Installing community drinking water plants,299487.0,False,627.0,21.8
WS/MP498/2024-2025/154846,Dr Sukanta Majumdar,West Bengal,BALURGHAT,Installing community drinking water plants,299423.0,False,627.0,21.8
WS/MP18277/2024-2025/154144,AZAD KIRTI JHA,West Bengal,BARDHAMAN-DURGAPUR,"Construction of roads, link roads, pathways or any other road with or without drainage system",430000.0,False,639.0,21.8
WS/MP18277/2024-2025/154143,AZAD KIRTI JHA,West Bengal,BARDHAMAN-DURGAPUR,"Construction of roads, link roads, pathways or any other road with or without drainage system",400000.0,False,639.0,21.8
WS/MP727/2024-2025/140495,Om Birla,Rajasthan,KOTA,"Construction of roads, link roads, pathways or any other road with or without drainage system",500000.0,True,591.0,21.8
WS/MP18253/2024-2025/136916,BAPI HALDAR,West Bengal,MATHURAPUR(SC),Street lights,133300.0,True,621.0,21.7
WS/MP18209/2025-2026/146887,CHANDAN CHAUHAN,Uttar Pradesh,BIJNOR,"Construction of roads, link roads, pathways or any other road with or without drainage system",276400.0,True,423.0,21.7
WS/MP18356/2025-2026/149684,PRIYANKA SATISH JARKIHOLI,Karnataka,CHIKKODI,Purchase of furniture and fixtures for educational purposes,250000.0,False,664.0,21.7
WS/MP18048/2024-2025/149433,MAHESH KASHYAP,Chhattisgarh,BASTAR(ST),"Construction of roads, link roads, pathways or any other road with or without drainage system",693074.0,False,666.0,21.6
WS/MP18048/2024-2025/149430,MAHESH KASHYAP,Chhattisgarh,BASTAR(ST),"Construction of roads, link roads, pathways or any other road with or without drainage system",750000.0,False,666.0,21.6
WS/MP18250/2025-2026/142039,SK NURUL ISLAM,West Bengal,BASIRHAT,Construction of water tanks,2660000.0,True,177.0,21.6
WS/MP18221/2025-2026/140826,NARAYAN DAS AHIRWAR,Uttar Pradesh,JALAUN(SC),Lighting of public spaces,243000.0,True,444.0,21.5
WS/MP18221/2025-2026/140907,NARAYAN DAS AHIRWAR,Uttar Pradesh,JALAUN(SC),Lighting of public spaces,243000.0,True,444.0,21.5
WS/MP18221/2025-2026/140880,NARAYAN DAS AHIRWAR,Uttar Pradesh,JALAUN(SC),Lighting of public spaces,243000.0,True,444.0,21.5
WS/MP18221/2025-2026/140882,NARAYAN DAS AHIRWAR,Uttar Pradesh,JALAUN(SC),Lighting of public spaces,243000.0,True,444.0,21.5
WS/MP18221/2025-2026/140881,NARAYAN DAS AHIRWAR,Uttar Pradesh,JALAUN(SC),Lighting of public spaces,243000.0,True,444.0,21.5
WS/MP18221/2025-2026/140867,NARAYAN DAS AHIRWAR,Uttar Pradesh,JALAUN(SC),Lighting of public spaces,243000.0,True,444.0,21.5
WS/MP18221/2025-2026/140870,NARAYAN DAS AHIRWAR,Uttar Pradesh,JALAUN(SC),Lighting of public spaces,243000.0,True,444.0,21.5
WS/MP18221/2025-2026/140828,NARAYAN DAS AHIRWAR,Uttar Pradesh,JALAUN(SC),Lighting of public spaces,243000.0,True,444.0,21.5
WS/MP18221/2025-2026/140827,NARAYAN DAS AHIRWAR,Uttar Pradesh,JALAUN(SC),Lighting of public spaces,243000.0,True,444.0,21.5
WS/MP18221/2025-2026/140879,NARAYAN DAS AHIRWAR,Uttar Pradesh,JALAUN(SC),Lighting of public spaces,243000.0,True,444.0,21.5
WS/MP18221/2025-2026/140829,NARAYAN DAS AHIRWAR,Uttar Pradesh,JALAUN(SC),Lighting of public spaces,243000.0,True,444.0,21.5
WS/MP18221/2025-2026/140831,NARAYAN DAS AHIRWAR,Uttar Pradesh,JALAUN(SC),Lighting of public spaces,243000.0,True,436.0,21.5
WS/MP18221/2025-2026/140830,NARAYAN DAS AHIRWAR,Uttar Pradesh,JALAUN(SC),Lighting of public spaces,243000.0,True,444.0,21.5
WS/MP18221/2025-2026/140951,NARAYAN DAS AHIRWAR,Uttar Pradesh,JALAUN(SC),Lighting of public spaces,243000.0,True,443.0,21.5
WS/MP18221/2025-2026/140952,NARAYAN DAS AHIRWAR,Uttar Pradesh,JALAUN(SC),Lighting of public spaces,243000.0,True,443.0,21.5
WS/MP18221/2025-2026/140929,NARAYAN DAS AHIRWAR,Uttar Pradesh,JALAUN(SC),Lighting of public spaces,243000.0,True,444.0,21.5
WS/MP18221/2025-2026/140927,NARAYAN DAS AHIRWAR,Uttar Pradesh,JALAUN(SC),Lighting of public spaces,243000.0,True,444.0,21.5
WS/MP18221/2025-2026/140931,NARAYAN DAS AHIRWAR,Uttar Pradesh,JALAUN(SC),Lighting of public spaces,243000.0,True,444.0,21.5
WS/MP18221/2025-2026/140932,NARAYAN DAS AHIRWAR,Uttar Pradesh,JALAUN(SC),Lighting of public spaces,243000.0,True,444.0,21.5
WS/MP18221/2025-2026/140933,NARAYAN DAS AHIRWAR,Uttar Pradesh,JALAUN(SC),Lighting of public spaces,243000.0,True,443.0,21.5
WS/MP18221/2025-2026/140928,NARAYAN DAS AHIRWAR,Uttar Pradesh,JALAUN(SC),Lighting of public spaces,243000.0,True,444.0,21.5
WS/MP18221/2025-2026/140935,NARAYAN DAS AHIRWAR,Uttar Pradesh,JALAUN(SC),Lighting of public spaces,243000.0,True,444.0,21.5
WS/MP18221/2025-2026/140936,NARAYAN DAS AHIRWAR,Uttar Pradesh,JALAUN(SC),Lighting of public spaces,243000.0,True,443.0,21.5
WS/MP18221/2025-2026/140937,NARAYAN DAS AHIRWAR,Uttar Pradesh,JALAUN(SC),Lighting of public spaces,243000.0,True,443.0,21.5
WS/MP18221/2025-2026/140938,NARAYAN DAS AHIRWAR,Uttar Pradesh,JALAUN(SC),Lighting of public spaces,243000.0,True,443.0,21.5
WS/MP18221/2025-2026/140902,NARAYAN DAS AHIRWAR,Uttar Pradesh,JALAUN(SC),Lighting of public spaces,243000.0,True,444.0,21.5
WS/MP18221/2025-2026/140905,NARAYAN DAS AHIRWAR,Uttar Pradesh,JALAUN(SC),Lighting of public spaces,243000.0,True,444.0,21.5
WS/MP18221/2025-2026/140906,NARAYAN DAS AHIRWAR,Uttar Pradesh,JALAUN(SC),Lighting of public spaces,243000.0,True,444.0,21.5
WS/MP18221/2025-2026/140930,NARAYAN DAS AHIRWAR,Uttar Pradesh,JALAUN(SC),Lighting of public spaces,243000.0,True,444.0,21.5
WS/MP18221/2025-2026/140908,NARAYAN DAS AHIRWAR,Uttar Pradesh,JALAUN(SC),Lighting of public spaces,243000.0,True,444.0,21.5
WS/MP18221/2025-2026/140909,NARAYAN DAS AHIRWAR,Uttar Pradesh,JALAUN(SC),Lighting of public spaces,243000.0,True,444.0,21.5
WS/MP18221/2025-2026/140911,NARAYAN DAS AHIRWAR,Uttar Pradesh,JALAUN(SC),Lighting of public spaces,243000.0,True,444.0,21.5
WS/MP18221/2025-2026/140912,NARAYAN DAS AHIRWAR,Uttar Pradesh,JALAUN(SC),Lighting of public spaces,243000.0,True,444.0,21.5
WS/MP18221/2025-2026/140913,NARAYAN DAS AHIRWAR,Uttar Pradesh,JALAUN(SC),Lighting of public spaces,243000.0,True,444.0,21.5
WS/MP18221/2025-2026/140914,NARAYAN DAS AHIRWAR,Uttar Pradesh,JALAUN(SC),Lighting of public spaces,243000.0,True,444.0,21.5
WS/MP18221/2025-2026/140916,NARAYAN DAS AHIRWAR,Uttar Pradesh,JALAUN(SC),Lighting of public spaces,243000.0,True,444.0,21.5
WS/MP18221/2025-2026/140917,NARAYAN DAS AHIRWAR,Uttar Pradesh,JALAUN(SC),Lighting of public spaces,243000.0,True,444.0,21.5
WS/MP18221/2025-2026/140918,NARAYAN DAS AHIRWAR,Uttar Pradesh,JALAUN(SC),Lighting of public spaces,243000.0,True,444.0,21.5
WS/MP18221/2025-2026/140919,NARAYAN DAS AHIRWAR,Uttar Pradesh,JALAUN(SC),Lighting of public spaces,243000.0,True,444.0,21.5
WS/MP18221/2025-2026/140921,NARAYAN DAS AHIRWAR,Uttar Pradesh,JALAUN(SC),Lighting of public spaces,243000.0,True,444.0,21.5
WS/MP18221/2025-2026/140922,NARAYAN DAS AHIRWAR,Uttar Pradesh,JALAUN(SC),Lighting of public spaces,243000.0,True,444.0,21.5
WS/MP18221/2025-2026/140883,NARAYAN DAS AHIRWAR,Uttar Pradesh,JALAUN(SC),Lighting of public spaces,243000.0,True,444.0,21.5
WS/MP18221/2025-2026/140884,NARAYAN DAS AHIRWAR,Uttar Pradesh,JALAUN(SC),Lighting of public spaces,243000.0,True,444.0,21.5
WS/MP18221/2025-2026/140885,NARAYAN DAS AHIRWAR,Uttar Pradesh,JALAUN(SC),Lighting of public spaces,243000.0,True,444.0,21.5
WS/MP18221/2025-2026/140934,NARAYAN DAS AHIRWAR,Uttar Pradesh,JALAUN(SC),Lighting of public spaces,243000.0,True,444.0,21.5
WS/MP18221/2025-2026/140886,NARAYAN DAS AHIRWAR,Uttar Pradesh,JALAUN(SC),Lighting of public spaces,243000.0,True,444.0,21.5
WS/MP18221/2025-2026/140887,NARAYAN DAS AHIRWAR,Uttar Pradesh,JALAUN(SC),Lighting of public spaces,243000.0,True,444.0,21.5
WS/MP18221/2025-2026/140893,NARAYAN DAS AHIRWAR,Uttar Pradesh,JALAUN(SC),Lighting of public spaces,243000.0,True,444.0,21.5
WS/MP18221/2025-2026/140888,NARAYAN DAS AHIRWAR,Uttar Pradesh,JALAUN(SC),Lighting of public spaces,243000.0,True,444.0,21.5
WS/MP18221/2025-2026/140895,NARAYAN DAS AHIRWAR,Uttar Pradesh,JALAUN(SC),Lighting of public spaces,243000.0,True,444.0,21.5
WS/MP18221/2025-2026/140896,NARAYAN DAS AHIRWAR,Uttar Pradesh,JALAUN(SC),Lighting of public spaces,243000.0,True,444.0,21.5
WS/MP18221/2025-2026/140897,NARAYAN DAS AHIRWAR,Uttar Pradesh,JALAUN(SC),Lighting of public spaces,243000.0,True,444.0,21.5
WS/MP18221/2025-2026/140894,NARAYAN DAS AHIRWAR,Uttar Pradesh,JALAUN(SC),Lighting of public spaces,243000.0,True,444.0,21.5
WS/MP18221/2025-2026/140899,NARAYAN DAS AHIRWAR,Uttar Pradesh,JALAUN(SC),Lighting of public spaces,243000.0,True,444.0,21.5
WS/MP18221/2025-2026/140900,NARAYAN DAS AHIRWAR,Uttar Pradesh,JALAUN(SC),Lighting of public spaces,243000.0,True,444.0,21.5
WS/MP18221/2025-2026/140856,NARAYAN DAS AHIRWAR,Uttar Pradesh,JALAUN(SC),Lighting of public spaces,243000.0,True,444.0,21.5
WS/MP18221/2025-2026/140901,NARAYAN DAS AHIRWAR,Uttar Pradesh,JALAUN(SC),Lighting of public spaces,243000.0,True,444.0,21.5
WS/MP18221/2025-2026/140857,NARAYAN DAS AHIRWAR,Uttar Pradesh,JALAUN(SC),Lighting of public spaces,243000.0,True,444.0,21.5
WS/MP18221/2025-2026/140863,NARAYAN DAS AHIRWAR,Uttar Pradesh,JALAUN(SC),Lighting of public spaces,243000.0,True,444.0,21.5
WS/MP18221/2025-2026/140864,NARAYAN DAS AHIRWAR,Uttar Pradesh,JALAUN(SC),Lighting of public spaces,243000.0,True,444.0,21.5
WS/MP18221/2025-2026/140898,NARAYAN DAS AHIRWAR,Uttar Pradesh,JALAUN(SC),Lighting of public spaces,243000.0,True,444.0,21.5
WS/MP18221/2025-2026/140871,NARAYAN DAS AHIRWAR,Uttar Pradesh,JALAUN(SC),Lighting of public spaces,243000.0,True,444.0,21.5
WS/MP18221/2025-2026/140872,NARAYAN DAS AHIRWAR,Uttar Pradesh,JALAUN(SC),Lighting of public spaces,243000.0,True,444.0,21.5
WS/MP18221/2025-2026/140866,NARAYAN DAS AHIRWAR,Uttar Pradesh,JALAUN(SC),Lighting of public spaces,243000.0,True,444.0,21.5
WS/MP18221/2025-2026/140865,NARAYAN DAS AHIRWAR,Uttar Pradesh,JALAUN(SC),Lighting of public spaces,243000.0,True,444.0,21.5
WS/MP18221/2025-2026/140868,NARAYAN DAS AHIRWAR,Uttar Pradesh,JALAUN(SC),Lighting of public spaces,243000.0,True,444.0,21.5
WS/MP18221/2025-2026/140869,NARAYAN DAS AHIRWAR,Uttar Pradesh,JALAUN(SC),Lighting of public spaces,243000.0,True,444.0,21.5
WS/MP18221/2025-2026/140948,NARAYAN DAS AHIRWAR,Uttar Pradesh,JALAUN(SC),Lighting of public spaces,243000.0,True,443.0,21.5
WS/MP18221/2025-2026/140947,NARAYAN DAS AHIRWAR,Uttar Pradesh,JALAUN(SC),Lighting of public spaces,243000.0,True,443.0,21.5
WS/MP18221/2025-2026/140950,NARAYAN DAS AHIRWAR,Uttar Pradesh,JALAUN(SC),Lighting of public spaces,243000.0,True,443.0,21.5
WS/MP18221/2025-2026/140949,NARAYAN DAS AHIRWAR,Uttar Pradesh,JALAUN(SC),Lighting of public spaces,243000.0,True,443.0,21.5
WS/MP640/2026-2027/151612,Faggan Singh Kulaste,Madhya Pradesh,MANDLA(ST),"Construction of roads, link roads, pathways or any other road with or without drainage system",1000000.0,False,652.0,21.5
WS/MP18221/2025-2026/140926,NARAYAN DAS AHIRWAR,Uttar Pradesh,JALAUN(SC),Lighting of public spaces,243000.0,True,444.0,21.5
WS/MP18221/2025-2026/140924,NARAYAN DAS AHIRWAR,Uttar Pradesh,JALAUN(SC),Lighting of public spaces,243000.0,True,444.0,21.5
WS/MP18221/2025-2026/140923,NARAYAN DAS AHIRWAR,Uttar Pradesh,JALAUN(SC),Lighting of public spaces,243000.0,True,444.0,21.5
WS/MP640/2026-2027/151613,Faggan Singh Kulaste,Madhya Pradesh,MANDLA(ST),"Construction of roads, link roads, pathways or any other road with or without drainage system",1000000.0,False,652.0,21.5
WS/MP18221/2025-2026/140925,NARAYAN DAS AHIRWAR,Uttar Pradesh,JALAUN(SC),Lighting of public spaces,243000.0,True,444.0,21.5
WS/MP681/2024-2025/143654,Sanjay Haribhau Jadhav,Maharashtra,PARBHANI,Construction of community centers and community halls,999000.0,True,684.0,21.5
WS/MP681/2024-2025/143649,Sanjay Haribhau Jadhav,Maharashtra,PARBHANI,Construction of community centers and community halls,999000.0,True,684.0,21.5
WS/MP18221/2025-2026/140954,NARAYAN DAS AHIRWAR,Uttar Pradesh,JALAUN(SC),Lighting of public spaces,243000.0,True,443.0,21.5
WS/MP18221/2025-2026/140817,NARAYAN DAS AHIRWAR,Uttar Pradesh,JALAUN(SC),Lighting of public spaces,243000.0,True,444.0,21.5
WS/MP18221/2025-2026/140821,NARAYAN DAS AHIRWAR,Uttar Pradesh,JALAUN(SC),Lighting of public spaces,243000.0,True,444.0,21.5
WS/MP18221/2025-2026/140822,NARAYAN DAS AHIRWAR,Uttar Pradesh,JALAUN(SC),Lighting of public spaces,243000.0,True,444.0,21.5
WS/MP18221/2025-2026/140819,NARAYAN DAS AHIRWAR,Uttar Pradesh,JALAUN(SC),Lighting of public spaces,243000.0,True,444.0,21.5
WS/MP18221/2025-2026/140818,NARAYAN DAS AHIRWAR,Uttar Pradesh,JALAUN(SC),Lighting of public spaces,243000.0,True,444.0,21.5
WS/MP18221/2025-2026/140825,NARAYAN DAS AHIRWAR,Uttar Pradesh,JALAUN(SC),Lighting of public spaces,243000.0,True,444.0,21.5
WS/MP18221/2025-2026/140824,NARAYAN DAS AHIRWAR,Uttar Pradesh,JALAUN(SC),Lighting of public spaces,243000.0,True,444.0,21.5
WS/MP18221/2025-2026/140833,NARAYAN DAS AHIRWAR,Uttar Pradesh,JALAUN(SC),Lighting of public spaces,243000.0,True,444.0,21.5
WS/MP18221/2025-2026/140832,NARAYAN DAS AHIRWAR,Uttar Pradesh,JALAUN(SC),Lighting of public spaces,243000.0,True,444.0,21.5
WS/MP18221/2025-2026/140845,NARAYAN DAS AHIRWAR,Uttar Pradesh,JALAUN(SC),Lighting of public spaces,243000.0,True,444.0,21.5
WS/MP18221/2025-2026/140846,NARAYAN DAS AHIRWAR,Uttar Pradesh,JALAUN(SC),Lighting of public spaces,243000.0,True,444.0,21.5
WS/MP18221/2025-2026/140852,NARAYAN DAS AHIRWAR,Uttar Pradesh,JALAUN(SC),Lighting of public spaces,243000.0,True,444.0,21.5
WS/MP18221/2025-2026/140820,NARAYAN DAS AHIRWAR,Uttar Pradesh,JALAUN(SC),Lighting of public spaces,243000.0,True,444.0,21.5
WS/MP18221/2025-2026/140959,NARAYAN DAS AHIRWAR,Uttar Pradesh,JALAUN(SC),Lighting of public spaces,243000.0,True,443.0,21.5
WS/MP18221/2025-2026/140958,NARAYAN DAS AHIRWAR,Uttar Pradesh,JALAUN(SC),Lighting of public spaces,243000.0,True,443.0,21.5
WS/MP18221/2025-2026/140850,NARAYAN DAS AHIRWAR,Uttar Pradesh,JALAUN(SC),Lighting of public spaces,243000.0,True,444.0,21.5
WS/MP18221/2025-2026/140957,NARAYAN DAS AHIRWAR,Uttar Pradesh,JALAUN(SC),Lighting of public spaces,243000.0,True,443.0,21.5
WS/MP18221/2025-2026/140956,NARAYAN DAS AHIRWAR,Uttar Pradesh,JALAUN(SC),Lighting of public spaces,243000.0,True,443.0,21.5
WS/MP18221/2025-2026/140855,NARAYAN DAS AHIRWAR,Uttar Pradesh,JALAUN(SC),Lighting of public spaces,243000.0,True,444.0,21.5
WS/MP18221/2025-2026/140854,NARAYAN DAS AHIRWAR,Uttar Pradesh,JALAUN(SC),Lighting of public spaces,243000.0,True,444.0,21.5
WS/MP18221/2025-2026/140853,NARAYAN DAS AHIRWAR,Uttar Pradesh,JALAUN(SC),Lighting of public spaces,243000.0,True,444.0,21.5
WS/MP18221/2025-2026/140960,NARAYAN DAS AHIRWAR,Uttar Pradesh,JALAUN(SC),Lighting of public spaces,243000.0,True,443.0,21.5
WS/MP18221/2025-2026/140941,NARAYAN DAS AHIRWAR,Uttar Pradesh,JALAUN(SC),Lighting of public spaces,243000.0,True,443.0,21.5
WS/MP18221/2025-2026/140940,NARAYAN DAS AHIRWAR,Uttar Pradesh,JALAUN(SC),Lighting of public spaces,243000.0,True,443.0,21.5
WS/MP18221/2025-2026/140939,NARAYAN DAS AHIRWAR,Uttar Pradesh,JALAUN(SC),Lighting of public spaces,243000.0,True,443.0,21.5
WS/MP18221/2025-2026/140963,NARAYAN DAS AHIRWAR,Uttar Pradesh,JALAUN(SC),Lighting of public spaces,243000.0,True,443.0,21.5
WS/MP18221/2025-2026/140962,NARAYAN DAS AHIRWAR,Uttar Pradesh,JALAUN(SC),Lighting of public spaces,243000.0,True,443.0,21.5
WS/MP18221/2025-2026/140961,NARAYAN DAS AHIRWAR,Uttar Pradesh,JALAUN(SC),Lighting of public spaces,243000.0,True,443.0,21.5
WS/MP18221/2025-2026/140851,NARAYAN DAS AHIRWAR,Uttar Pradesh,JALAUN(SC),Lighting of public spaces,243000.0,True,444.0,21.5
WS/MP18221/2025-2026/140943,NARAYAN DAS AHIRWAR,Uttar Pradesh,JALAUN(SC),Lighting of public spaces,243000.0,True,443.0,21.5
WS/MP18221/2025-2026/140944,NARAYAN DAS AHIRWAR,Uttar Pradesh,JALAUN(SC),Lighting of public spaces,243000.0,True,443.0,21.5
WS/MP743/2025-2026/142804,Ganesan Selvam,Tamil Nadu,KANCHEEPURAM(SC),Construction of community centers and community halls,799676.0,True,235.0,21.5
WS/MP18221/2025-2026/140955,NARAYAN DAS AHIRWAR,Uttar Pradesh,JALAUN(SC),Lighting of public spaces,243000.0,True,443.0,21.5
WS/MP640/2026-2027/151610,Faggan Singh Kulaste,Madhya Pradesh,MANDLA(ST),"Construction of roads, link roads, pathways or any other road with or without drainage system",1000000.0,False,652.0,21.5
WS/MP640/2026-2027/151609,Faggan Singh Kulaste,Madhya Pradesh,MANDLA(ST),"Construction of roads, link roads, pathways or any other road with or without drainage system",1000000.0,False,652.0,21.5
WS/MP640/2026-2027/151611,Faggan Singh Kulaste,Madhya Pradesh,MANDLA(ST),"Construction of roads, link roads, pathways or any other road with or without drainage system",1000000.0,False,652.0,21.5
WS/MP18221/2025-2026/140942,NARAYAN DAS AHIRWAR,Uttar Pradesh,JALAUN(SC),Lighting of public spaces,243000.0,True,443.0,21.5
WS/MP18221/2025-2026/140814,NARAYAN DAS AHIRWAR,Uttar Pradesh,JALAUN(SC),Lighting of public spaces,243000.0,True,444.0,21.5
WS/MP18221/2025-2026/140816,NARAYAN DAS AHIRWAR,Uttar Pradesh,JALAUN(SC),Lighting of public spaces,243000.0,True,444.0,21.5
WS/MP18221/2025-2026/140945,NARAYAN DAS AHIRWAR,Uttar Pradesh,JALAUN(SC),Lighting of public spaces,243000.0,True,443.0,21.5
WS/MP18221/2025-2026/140946,NARAYAN DAS AHIRWAR,Uttar Pradesh,JALAUN(SC),Lighting of public spaces,243000.0,True,443.0,21.5
WS/MP18221/2025-2026/140815,NARAYAN DAS AHIRWAR,Uttar Pradesh,JALAUN(SC),Lighting of public spaces,243000.0,True,444.0,21.5
WS/MP18221/2025-2026/140813,NARAYAN DAS AHIRWAR,Uttar Pradesh,JALAUN(SC),Lighting of public spaces,243000.0,True,444.0,21.5
WS/MP18049/2025-2026/152173,TOKHAN SAHU,Chhattisgarh,BILASPUR,Construction of common work sheds/ common covered sitting area,100000.0,False,648.0,21.4
WS/MP498/2024-2025/154847,Dr Sukanta Majumdar,West Bengal,BALURGHAT,Installing community drinking water plants,300000.0,False,627.0,21.4
WS/MP18074/2024-2025/140515,KALI CHARAN MUNDA,Jharkhand,KHUNTI(ST),"Construction of roads, link roads, pathways or any other road with or without drainage system",600000.0,True,678.0,21.4
WS/MP498/2024-2025/154359,Dr Sukanta Majumdar,West Bengal,BALURGHAT,Installing community drinking water plants,300000.0,False,627.0,21.4
WS/MP18173/2024-2025/137454,THARANIVENTHAN M S,Tamil Nadu,ARANI,"Construction of roads, link roads, pathways or any other road with or without drainage system",499850.0,True,604.0,21.3
WS/MP632/2024-2025/134096,Anto Antony,Kerala,PATHANAMTHITTA,Lighting of public spaces,215081.0,True,650.0,21.3
WS/MP18335/2025-2026/150729,RADHE SHYAM RATHIYA,Chhattisgarh,RAIGARH(ST),Construction of community centers and community halls,1000000.0,False,656.0,21.2
WS/MP18335/2024-2025/150742,RADHE SHYAM RATHIYA,Chhattisgarh,RAIGARH(ST),Construction of community centers and community halls,1000000.0,False,656.0,21.2
WS/MP18335/2025-2026/150734,RADHE SHYAM RATHIYA,Chhattisgarh,RAIGARH(ST),Construction of community centers and community halls,1000000.0,False,656.0,21.2
WS/MP18335/2025-2026/150733,RADHE SHYAM RATHIYA,Chhattisgarh,RAIGARH(ST),Construction of community centers and community halls,1000000.0,False,656.0,21.2
WS/MP812/2024-2025/147492,Vijay Kumar Dubey,Uttar Pradesh,KUSHI NAGAR,Installation of multi-gym equipment,848044.0,True,551.0,21.1
WS/MP812/2026-2027/147511,Vijay Kumar Dubey,Uttar Pradesh,KUSHI NAGAR,"Construction of roads, link roads, pathways or any other road with or without drainage system",349000.0,True,4.0,21.1
WS/MP812/2024-2025/147485,Vijay Kumar Dubey,Uttar Pradesh,KUSHI NAGAR,Installation of multi-gym equipment,848160.0,True,551.0,21.1
WS/MP524/2024-2025/151574,Midhun Reddy,Andhra Pradesh,RAJAMPET,"Construction of roads, link roads, pathways or any other road with or without drainage system",300000.0,False,647.0,21.0
WS/MP681/2024-2025/143648,Sanjay Haribhau Jadhav,Maharashtra,PARBHANI,Construction of community centers and community halls,899000.0,True,684.0,21.0
,DR C N MANJUNATH,Karnataka,BANGALORE RURAL,Unknown,500000.0,False,675.0,21.0
WS/MP18104/2024-2025/154273,DARSHAN SINGH CHOUDHARY,Madhya Pradesh,HOSHANGABAD,Construction of footpaths and pedestrian ways,100000.0,False,612.0,21.0
WS/MP18277/2024-2025/154142,AZAD KIRTI JHA,West Bengal,BARDHAMAN-DURGAPUR,"Construction of roads, link roads, pathways or any other road with or without drainage system",350000.0,False,639.0,21.0
WS/MP18133/2024-2025/148466,SHRIMANT CHH UDAYANRAJE PRATAPSINHAMAHARAJ BHONSLE,Maharashtra,SATARA,Construction of community centers and community halls,1000000.0,True,541.0,20.9
WS/MP18049/2024-2025/152160,TOKHAN SAHU,Chhattisgarh,BILASPUR,Construction of common work sheds/ common covered sitting area,200000.0,False,648.0,20.9
WS/MP18133/2024-2025/148465,SHRIMANT CHH UDAYANRAJE PRATAPSINHAMAHARAJ BHONSLE,Maharashtra,SATARA,Construction of community centers and community halls,1000000.0,True,541.0,20.9
,Shripad Yesso Naik,Goa,NORTH GOA,Unknown,260650.0,False,625.0,20.9
WS/MP18133/2025-2026/148567,SHRIMANT CHH UDAYANRAJE PRATAPSINHAMAHARAJ BHONSLE,Maharashtra,SATARA,Construction of boundary walls of existing public and community buildings,1000000.0,True,488.0,20.9
WS/MP812/2024-2025/147484,Vijay Kumar Dubey,Uttar Pradesh,KUSHI NAGAR,Installation of multi-gym equipment,848161.0,True,551.0,20.9
WS/MP18167/2024-2025/145172,BRIJENDRA SINGH OLA,Rajasthan,JHUNJHUNU,Construction of boundary walls of existing public and community buildings,1000000.0,True,599.0,20.9
WS/MP18074/2024-2025/136923,KALI CHARAN MUNDA,Jharkhand,KHUNTI(ST),"Construction of roads, link roads, pathways or any other road with or without drainage system",600000.0,True,692.0,20.9
WS/MP18133/2025-2026/148459,SHRIMANT CHH UDAYANRAJE PRATAPSINHAMAHARAJ BHONSLE,Maharashtra,SATARA,Construction of community centers and community halls,1000000.0,True,488.0,20.8
WS/MP18133/2025-2026/148462,SHRIMANT CHH UDAYANRAJE PRATAPSINHAMAHARAJ BHONSLE,Maharashtra,SATARA,Construction of community centers and community halls,1000000.0,True,488.0,20.8
WS/MP18133/2025-2026/148451,SHRIMANT CHH UDAYANRAJE PRATAPSINHAMAHARAJ BHONSLE,Maharashtra,SATARA,Construction of community centers and community halls,1000000.0,True,488.0,20.8
WS/MP18133/2025-2026/148509,SHRIMANT CHH UDAYANRAJE PRATAPSINHAMAHARAJ BHONSLE,Maharashtra,SATARA,Construction of community centers and community halls,1000000.0,True,488.0,20.8
WS/MP18064/2024-2025/154916,NAVEEN JINDAL,Haryana,KURUKSHETRA,"Construction of roads, link roads, pathways or any other road with or without drainage system",200000.0,False,635.0,20.8
WS/MP18064/2024-2025/154907,NAVEEN JINDAL,Haryana,KURUKSHETRA,"Construction of roads, link roads, pathways or any other road with or without drainage system",200000.0,False,635.0,20.8
WS/MP18133/2025-2026/148476,SHRIMANT CHH UDAYANRAJE PRATAPSINHAMAHARAJ BHONSLE,Maharashtra,SATARA,Construction of community centers and community halls,1000000.0,True,488.0,20.8
WS/MP524/2024-2025/151582,Midhun Reddy,Andhra Pradesh,RAJAMPET,"Construction of roads, link roads, pathways or any other road with or without drainage system",500000.0,False,647.0,20.8
WS/MP18133/2025-2026/148557,SHRIMANT CHH UDAYANRAJE PRATAPSINHAMAHARAJ BHONSLE,Maharashtra,SATARA,Construction of community centers and community halls,1000000.0,True,488.0,20.8
WS/MP632/2024-2025/142371,Anto Antony,Kerala,PATHANAMTHITTA,"Construction of roads, link roads, pathways or any other road with or without drainage system",400000.0,True,529.0,20.8
WS/MP524/2024-2025/151581,Midhun Reddy,Andhra Pradesh,RAJAMPET,"Construction of roads, link roads, pathways or any other road with or without drainage system",500000.0,False,647.0,20.8
WS/MP18133/2025-2026/148450,SHRIMANT CHH UDAYANRAJE PRATAPSINHAMAHARAJ BHONSLE,Maharashtra,SATARA,Construction of community centers and community halls,1000000.0,True,488.0,20.8
WS/MP638/2025-2026/152542,Virendra Kumar,Madhya Pradesh,TIKAMGARH(SC),Construction of buildings for community cultural activities,800000.0,False,647.0,20.8
WS/MP681/2024-2025/143652,Sanjay Haribhau Jadhav,Maharashtra,PARBHANI,Construction of community centers and community halls,799000.0,True,684.0,20.8
WS/MP18133/2025-2026/148508,SHRIMANT CHH UDAYANRAJE PRATAPSINHAMAHARAJ BHONSLE,Maharashtra,SATARA,Construction of community centers and community halls,1000000.0,True,488.0,20.8
WS/MP18133/2025-2026/148475,SHRIMANT CHH UDAYANRAJE PRATAPSINHAMAHARAJ BHONSLE,Maharashtra,SATARA,Construction of community centers and community halls,1000000.0,True,488.0,20.8
WS/MP632/2024-2025/142374,Anto Antony,Kerala,PATHANAMTHITTA,"Construction of roads, link roads, pathways or any other road with or without drainage system",409488.0,True,529.0,20.8
WS/MP638/2025-2026/152569,Virendra Kumar,Madhya Pradesh,TIKAMGARH(SC),Construction of buildings for community cultural activities,800000.0,False,647.0,20.8
WS/MP524/2024-2025/152587,Midhun Reddy,Andhra Pradesh,RAJAMPET,"Construction of roads, link roads, pathways or any other road with or without drainage system",499103.0,False,647.0,20.7
WS/MP638/2024-2025/152574,Virendra Kumar,Madhya Pradesh,TIKAMGARH(SC),Construction of buildings for community cultural activities,1000000.0,False,647.0,20.7
WS/MP638/2024-2025/152567,Virendra Kumar,Madhya Pradesh,TIKAMGARH(SC),Construction of buildings for community cultural activities,1000000.0,False,647.0,20.7
WS/MP638/2024-2025/152571,Virendra Kumar,Madhya Pradesh,TIKAMGARH(SC),Construction of buildings for community cultural activities,1000000.0,False,647.0,20.7
WS/MP638/2025-2026/152585,Virendra Kumar,Madhya Pradesh,TIKAMGARH(SC),Construction of buildings for community cultural activities,1000000.0,False,647.0,20.7
WS/MP812/2024-2025/147489,Vijay Kumar Dubey,Uttar Pradesh,KUSHI NAGAR,Installation of multi-gym equipment,847572.0,True,542.0,20.7
WS/MP638/2025-2026/152584,Virendra Kumar,Madhya Pradesh,TIKAMGARH(SC),Construction of buildings for community cultural activities,1000000.0,False,647.0,20.7
WS/MP638/2025-2026/152582,Virendra Kumar,Madhya Pradesh,TIKAMGARH(SC),Construction of buildings for community cultural activities,1000000.0,False,647.0,20.7
WS/MP812/2024-2025/147520,Vijay Kumar Dubey,Uttar Pradesh,KUSHI NAGAR,Construction of public staircase/ stair ghat for public convenience,600000.0,True,538.0,20.7
WS/MP457/2024-2025/141462,D Ravikumar,Tamil Nadu,VILUPPURAM(SC),Construction of buildings for community cultural activities,796920.0,True,641.0,20.7
WS/MP479/2024-2025/140168,Saumitra khan,West Bengal,BISHNUPUR(SC),Lighting of public spaces,259864.0,True,618.0,20.7
WS/MP638/2025-2026/152578,Virendra Kumar,Madhya Pradesh,TIKAMGARH(SC),Construction of buildings for community cultural activities,1000000.0,False,647.0,20.7
WS/MP457/2024-2025/142109,D Ravikumar,Tamil Nadu,VILUPPURAM(SC),Construction of buildings for community cultural activities,800000.0,True,641.0,20.7
WS/MP18065/2024-2025/154575,DEEPENDER SINGH HOODA,Haryana,ROHTAK,Construction of community centers and community halls,250000.0,False,636.0,20.7
WS/MP479/2024-2025/138313,Saumitra khan,West Bengal,BISHNUPUR(SC),Lighting of public spaces,259864.0,True,618.0,20.7
WS/MP18205/2024-2025/148473,SANATAN PANDEY,Uttar Pradesh,BALLIA,"Construction of roads, link roads, pathways or any other road with or without drainage system",1000000.0,True,580.0,20.7
WS/MP812/2024-2025/147487,Vijay Kumar Dubey,Uttar Pradesh,KUSHI NAGAR,Installation of multi-gym equipment,847572.0,True,542.0,20.7
WS/MP812/2024-2025/147486,Vijay Kumar Dubey,Uttar Pradesh,KUSHI NAGAR,Installation of multi-gym equipment,847572.0,True,556.0,20.7
WS/MP479/2024-2025/140161,Saumitra khan,West Bengal,BISHNUPUR(SC),Lighting of public spaces,259864.0,True,618.0,20.7
,Prof Sougata Ray,West Bengal,DUM DUM,Unknown,1000000.0,False,607.0,20.6
WS/MP18236/2024-2025/139257,CHHOTELAL,Uttar Pradesh,ROBERTSGANJ(SC),Construction of common work sheds/ common covered sitting area,400000.0,True,629.0,20.6
WS/MP18108/2024-2025/150367,DR. LATA WANKHEDE,Madhya Pradesh,SAGAR,"Construction of roads, link roads, pathways or any other road with or without drainage system",500000.0,False,659.0,20.6
WS/MP681/2025-2026/144068,Sanjay Haribhau Jadhav,Maharashtra,PARBHANI,"Construction of roads, link roads, pathways or any other road with or without drainage system",700000.0,True,312.0,20.6
,Shripad Yesso Naik,Goa,NORTH GOA,Unknown,90300.0,False,627.0,20.5
WS/MP18074/2024-2025/140516,KALI CHARAN MUNDA,Jharkhand,KHUNTI(ST),"Construction of roads, link roads, pathways or any other road with or without drainage system",500000.0,True,678.0,20.5
WS/MP858/2025-2026/137433,Asit Kumar Mal,West Bengal,BOLPUR(SC),Street lights,2651990.0,True,205.0,20.5
WS/MP18064/2024-2025/154874,NAVEEN JINDAL,Haryana,KURUKSHETRA,"Construction of roads, link roads, pathways or any other road with or without drainage system",199000.0,False,635.0,20.4
WS/MP632/2025-2026/142067,Anto Antony,Kerala,PATHANAMTHITTA,"Construction of roads, link roads, pathways or any other road with or without drainage system",496079.0,True,484.0,20.4
WS/MP681/2025-2026/144039,Sanjay Haribhau Jadhav,Maharashtra,PARBHANI,"Construction of roads, link roads, pathways or any other road with or without drainage system",1000000.0,True,429.0,20.4
WS/MP18173/2024-2025/139191,THARANIVENTHAN M S,Tamil Nadu,ARANI,"Construction of roads, link roads, pathways or any other road with or without drainage system",999800.0,True,674.0,20.4
WS/MP18133/2025-2026/148507,SHRIMANT CHH UDAYANRAJE PRATAPSINHAMAHARAJ BHONSLE,Maharashtra,SATARA,Construction of community centers and community halls,1500000.0,True,488.0,20.4
WS/MP18322/2024-2025/140637,NALIN SOREN,Jharkhand,DUMKA(ST),"Construction of roads, link roads, pathways or any other road with or without drainage system",700000.0,True,611.0,20.4
WS/MP479/2024-2025/138325,Saumitra khan,West Bengal,BISHNUPUR(SC),Lighting of public spaces,287221.0,True,618.0,20.4
WS/MP18104/2026-2027/154225,DARSHAN SINGH CHOUDHARY,Madhya Pradesh,HOSHANGABAD,Construction of community centers and community halls,200000.0,False,612.0,20.3
WS/MP529/2024-2025/148899,Maddila Gurumoorthy,Andhra Pradesh,TIRUPATI(SC),Development of public parks,1670000.0,True,635.0,20.3
WS/MP18049/2024-2025/152165,TOKHAN SAHU,Chhattisgarh,BILASPUR,"Construction of roads, link roads, pathways or any other road with or without drainage system",500000.0,False,648.0,20.3
WS/MP18193/2024-2025/149452,EATALA RAJENDER,Telangana,MALKAJGIRI,"Construction of roads, link roads, pathways or any other road with or without drainage system",754073.0,False,667.0,20.3
WS/MP18322/2024-2025/140650,NALIN SOREN,Jharkhand,DUMKA(ST),"Construction of roads, link roads, pathways or any other road with or without drainage system",250000.0,True,611.0,20.2
WS/MP18219/2025-2026/137972,AJENDRA SINGH LODHI,Uttar Pradesh,HAMIRPUR_UP,Lighting of public spaces,400000.0,True,269.0,20.2
WS/MP18219/2025-2026/137965,AJENDRA SINGH LODHI,Uttar Pradesh,HAMIRPUR_UP,Lighting of public spaces,400000.0,True,269.0,20.2
WS/MP18322/2024-2025/140643,NALIN SOREN,Jharkhand,DUMKA(ST),"Construction of roads, link roads, pathways or any other road with or without drainage system",250000.0,True,611.0,20.2
WS/MP18322/2024-2025/140648,NALIN SOREN,Jharkhand,DUMKA(ST),"Construction of roads, link roads, pathways or any other road with or without drainage system",250000.0,True,611.0,20.2
WS/MP18322/2024-2025/140644,NALIN SOREN,Jharkhand,DUMKA(ST),"Construction of roads, link roads, pathways or any other road with or without drainage system",250000.0,True,611.0,20.2
WS/MP18322/2024-2025/140640,NALIN SOREN,Jharkhand,DUMKA(ST),"Construction of roads, link roads, pathways or any other road with or without drainage system",250000.0,True,611.0,20.2
WS/MP18219/2025-2026/137973,AJENDRA SINGH LODHI,Uttar Pradesh,HAMIRPUR_UP,Lighting of public spaces,400000.0,True,269.0,20.2
WS/MP18219/2025-2026/137970,AJENDRA SINGH LODHI,Uttar Pradesh,HAMIRPUR_UP,Lighting of public spaces,400000.0,True,269.0,20.2
WS/MP18219/2025-2026/137964,AJENDRA SINGH LODHI,Uttar Pradesh,HAMIRPUR_UP,Lighting of public spaces,400000.0,True,269.0,20.2
WS/MP18219/2025-2026/137963,AJENDRA SINGH LODHI,Uttar Pradesh,HAMIRPUR_UP,Lighting of public spaces,400000.0,True,269.0,20.2
WS/MP18193/2025-2026/151801,EATALA RAJENDER,Telangana,MALKAJGIRI,"Construction of roads, link roads, pathways or any other road with or without drainage system",1590265.0,False,650.0,20.2
WS/MP251/2025-2026/150785,Prof Sougata Ray,West Bengal,DUM DUM,Construction of buildings for multi-gym,1200000.0,False,607.0,20.2
WS/MP18219/2025-2026/137969,AJENDRA SINGH LODHI,Uttar Pradesh,HAMIRPUR_UP,Lighting of public spaces,400000.0,True,269.0,20.2
WS/MP858/2025-2026/137402,Asit Kumar Mal,West Bengal,BOLPUR(SC),Street lights,559912.0,True,277.0,20.2
WS/MP18219/2025-2026/137967,AJENDRA SINGH LODHI,Uttar Pradesh,HAMIRPUR_UP,Lighting of public spaces,400000.0,True,269.0,20.2
WS/MP18219/2025-2026/137966,AJENDRA SINGH LODHI,Uttar Pradesh,HAMIRPUR_UP,Lighting of public spaces,400000.0,True,269.0,20.2
WS/MP18219/2025-2026/137971,AJENDRA SINGH LODHI,Uttar Pradesh,HAMIRPUR_UP,Lighting of public spaces,400000.0,True,269.0,20.2
WS/MP18219/2025-2026/137962,AJENDRA SINGH LODHI,Uttar Pradesh,HAMIRPUR_UP,Lighting of public spaces,400000.0,True,269.0,20.2
WS/MP18250/2024-2025/142044,SK NURUL ISLAM,West Bengal,BASIRHAT,Street lights,2425500.0,True,611.0,20.1
WS/MP18335/2024-2025/150728,RADHE SHYAM RATHIYA,Chhattisgarh,RAIGARH(ST),Construction of community centers and community halls,700000.0,False,656.0,20.1
WS/MP18335/2025-2026/150720,RADHE SHYAM RATHIYA,Chhattisgarh,RAIGARH(ST),Construction of community centers and community halls,700000.0,False,656.0,20.1
WS/MP18322/2024-2025/140639,NALIN SOREN,Jharkhand,DUMKA(ST),"Construction of roads, link roads, pathways or any other road with or without drainage system",350000.0,True,611.0,20.1
WS/MP18335/2024-2025/150730,RADHE SHYAM RATHIYA,Chhattisgarh,RAIGARH(ST),Construction of community centers and community halls,700000.0,False,656.0,20.1
WS/MP632/2024-2025/142310,Anto Antony,Kerala,PATHANAMTHITTA,"Construction of roads, link roads, pathways or any other road with or without drainage system",400000.0,True,516.0,20.1
WS/MP18322/2024-2025/140653,NALIN SOREN,Jharkhand,DUMKA(ST),"Construction of roads, link roads, pathways or any other road with or without drainage system",350000.0,True,611.0,20.1
WS/MP18322/2024-2025/140652,NALIN SOREN,Jharkhand,DUMKA(ST),"Construction of roads, link roads, pathways or any other road with or without drainage system",300000.0,True,611.0,20.0
WS/MP18074/2024-2025/137033,KALI CHARAN MUNDA,Jharkhand,KHUNTI(ST),"Construction of roads, link roads, pathways or any other road with or without drainage system",500000.0,True,692.0,20.0
WS/MP18250/2024-2025/139002,SK NURUL ISLAM,West Bengal,BASIRHAT,Construction of water tanks,1750000.0,True,571.0,20.0
WS/MP18074/2024-2025/136928,KALI CHARAN MUNDA,Jharkhand,KHUNTI(ST),"Construction of roads, link roads, pathways or any other road with or without drainage system",500000.0,True,692.0,20.0
WS/MP18074/2024-2025/136750,KALI CHARAN MUNDA,Jharkhand,KHUNTI(ST),"Construction of roads, link roads, pathways or any other road with or without drainage system",500000.0,True,692.0,20.0
WS/MP18074/2024-2025/136749,KALI CHARAN MUNDA,Jharkhand,KHUNTI(ST),"Construction of roads, link roads, pathways or any other road with or without drainage system",500000.0,True,692.0,20.0
WS/MP18074/2024-2025/136753,KALI CHARAN MUNDA,Jharkhand,KHUNTI(ST),"Construction of roads, link roads, pathways or any other road with or without drainage system",500000.0,True,692.0,20.0
WS/MP457/2024-2025/140493,D Ravikumar,Tamil Nadu,VILUPPURAM(SC),Construction of buildings for community cultural activities,799743.0,True,674.0,20.0
WS/MP18336/2025-2026/147598,BRIJMOHAN AGRAWAL,Chhattisgarh,RAIPUR,Construction of buildings for community cultural activities,500000.0,True,313.0,20.0
,Vijay Kumar Dubey,Uttar Pradesh,KUSHI NAGAR,Unknown,900000.0,False,677.0,20.0
WS/MP18188/2024-2025/154584,KONDA VISHWESHWAR REDDY,Telangana,CHELVELLA,Providing drains and gutters for public drainage,338859.0,False,636.0,19.9
,Sanjay Haribhau Jadhav,Maharashtra,PARBHANI,Unknown,700000.0,False,689.0,19.9
,Vijay Kumar Dubey,Uttar Pradesh,KUSHI NAGAR,Unknown,500000.0,False,677.0,19.8
WS/MP18065/2024-2025/149667,DEEPENDER SINGH HOODA,Haryana,ROHTAK,Construction of community centers and community halls,500000.0,False,664.0,19.8
WS/MP812/2024-2025/147522,Vijay Kumar Dubey,Uttar Pradesh,KUSHI NAGAR,Improvement of electricity distribution infrastructure,272484.0,True,639.0,19.8
WS/MP459/2025-2026/149087,T Sumathy (A) Thamizhachi Thangapandian,Tamil Nadu,CHENNAI SOUTH,"Construction of roads, link roads, pathways or any other road with or without drainage system",1822000.0,False,669.0,19.7
WS/MP459/2025-2026/149088,T Sumathy (A) Thamizhachi Thangapandian,Tamil Nadu,CHENNAI SOUTH,"Construction of roads, link roads, pathways or any other road with or without drainage system",3686000.0,False,669.0,19.7
WS/MP18250/2024-2025/142038,SK NURUL ISLAM,West Bengal,BASIRHAT,Construction of water tanks,1400000.0,True,515.0,19.7
WS/MP18165/2024-2025/151480,MANJU SHARMA,Rajasthan,JAIPUR,Construction of additional rooms and halls in the existing public and community building,500000.0,False,653.0,19.7
,Prof Sougata Ray,West Bengal,DUM DUM,Unknown,778000.0,False,607.0,19.7
WS/MP347/2025-2026/151230,Shri Suresh Kodikunnil,Kerala,MAVELIKKARA(SC),"Construction of roads, link roads, pathways or any other road with or without drainage system",836779.0,False,654.0,19.6
WS/MP18031/2026-2027/148970,ABHAY KUMAR SINHA,Bihar,AURANGABAD_BR,Lighting of public spaces,299000.0,True,40.0,19.6
WS/MP351/2025-2026/153248,Shri Kumbakudi Sudhakaran,Kerala,KANNUR,Street lights,545000.0,False,642.0,19.6
WS/MP18031/2026-2027/148948,ABHAY KUMAR SINHA,Bihar,AURANGABAD_BR,Lighting of public spaces,299000.0,True,40.0,19.6
WS/MP18031/2026-2027/148992,ABHAY KUMAR SINHA,Bihar,AURANGABAD_BR,Lighting of public spaces,299000.0,True,40.0,19.6
WS/MP18323/2026-2027/144117,DR KALGE SHIVAJI BANDAPPA,Maharashtra,LATUR(SC),"Construction of roads, link roads, pathways or any other road with or without drainage system",1000000.0,True,16.0,19.6
WS/MP643/2024-2025/146356,Gyaneshwar Patil,Madhya Pradesh,KHANDWA,Construction of common work sheds/ common covered sitting area,200000.0,True,578.0,19.6
WS/MP18031/2026-2027/148956,ABHAY KUMAR SINHA,Bihar,AURANGABAD_BR,Lighting of public spaces,299000.0,True,40.0,19.6
WS/MP18031/2026-2027/148957,ABHAY KUMAR SINHA,Bihar,AURANGABAD_BR,Lighting of public spaces,299000.0,True,40.0,19.6
WS/MP18250/2024-2025/142045,SK NURUL ISLAM,West Bengal,BASIRHAT,Street lights,1732500.0,True,572.0,19.6
WS/MP18323/2025-2026/144115,DR KALGE SHIVAJI BANDAPPA,Maharashtra,LATUR(SC),"Construction of roads, link roads, pathways or any other road with or without drainage system",995673.0,True,292.0,19.6
WS/MP18322/2024-2025/140636,NALIN SOREN,Jharkhand,DUMKA(ST),"Construction of roads, link roads, pathways or any other road with or without drainage system",600000.0,True,611.0,19.5
WS/MP18232/2024-2025/143908,HARENDRA SINGH MALIK,Uttar Pradesh,MUZAFFARNAGAR,"Construction of roads, link roads, pathways or any other road with or without drainage system",69200.0,True,513.0,19.5
WS/MP18323/2025-2026/146716,DR KALGE SHIVAJI BANDAPPA,Maharashtra,LATUR(SC),"Construction of roads, link roads, pathways or any other road with or without drainage system",797573.0,True,149.0,19.5
WS/MP18322/2024-2025/140651,NALIN SOREN,Jharkhand,DUMKA(ST),"Construction of roads, link roads, pathways or any other road with or without drainage system",600000.0,True,611.0,19.5
WS/MP18064/2024-2025/150857,NAVEEN JINDAL,Haryana,KURUKSHETRA,"Construction of roads, link roads, pathways or any other road with or without drainage system",500000.0,False,656.0,19.5
WS/MP18074/2024-2025/136925,KALI CHARAN MUNDA,Jharkhand,KHUNTI(ST),"Construction of roads, link roads, pathways or any other road with or without drainage system",400000.0,True,692.0,19.4
WS/MP747/2024-2025/136648,Manickam Tagore B,Tamil Nadu,VIRUDHUNAGAR,Construction of community centers and community halls,2494342.0,True,551.0,19.4
WS/MP18074/2024-2025/136747,KALI CHARAN MUNDA,Jharkhand,KHUNTI(ST),"Construction of roads, link roads, pathways or any other road with or without drainage system",400000.0,True,692.0,19.4
WS/MP18074/2024-2025/136922,KALI CHARAN MUNDA,Jharkhand,KHUNTI(ST),"Construction of roads, link roads, pathways or any other road with or without drainage system",400000.0,True,692.0,19.4
WS/MP577/2025-2026/138731,Jaswantsinh Sumanbhai Bhabhor,Gujarat,DAHOD(ST),"Construction of roads, link roads, pathways or any other road with or without drainage system",500000.0,True,480.0,19.4
,Anto Antony,Kerala,PATHANAMTHITTA,Unknown,250000.0,False,698.0,19.4
WS/MP18335/2025-2026/150783,RADHE SHYAM RATHIYA,Chhattisgarh,RAIGARH(ST),Construction of additional rooms and halls in the existing public and community building,500000.0,False,656.0,19.4
,Anto Antony,Kerala,PATHANAMTHITTA,Unknown,250000.0,False,643.0,19.4
WS/MP18074/2024-2025/136929,KALI CHARAN MUNDA,Jharkhand,KHUNTI(ST),"Construction of roads, link roads, pathways or any other road with or without drainage system",400000.0,True,692.0,19.4
,Anto Antony,Kerala,PATHANAMTHITTA,Unknown,250000.0,False,698.0,19.4
,Anto Antony,Kerala,PATHANAMTHITTA,Unknown,250000.0,False,698.0,19.4
WS/MP18074/2024-2025/136755,KALI CHARAN MUNDA,Jharkhand,KHUNTI(ST),"Construction of roads, link roads, pathways or any other road with or without drainage system",400000.0,True,692.0,19.4
,Anto Antony,Kerala,PATHANAMTHITTA,Unknown,250000.0,False,698.0,19.4
WS/MP18074/2024-2025/136754,KALI CHARAN MUNDA,Jharkhand,KHUNTI(ST),"Construction of roads, link roads, pathways or any other road with or without drainage system",400000.0,True,692.0,19.4
WS/MP18074/2024-2025/136931,KALI CHARAN MUNDA,Jharkhand,KHUNTI(ST),"Construction of roads, link roads, pathways or any other road with or without drainage system",400000.0,True,692.0,19.4
,Anto Antony,Kerala,PATHANAMTHITTA,Unknown,250000.0,False,698.0,19.4
WS/MP18074/2024-2025/137037,KALI CHARAN MUNDA,Jharkhand,KHUNTI(ST),"Construction of roads, link roads, pathways or any other road with or without drainage system",350000.0,True,692.0,19.3
WS/MP18336/2025-2026/147572,BRIJMOHAN AGRAWAL,Chhattisgarh,RAIPUR,Construction of common work sheds/ common covered sitting area,500000.0,True,509.0,19.3
WS/MP18250/2024-2025/135267,SK NURUL ISLAM,West Bengal,BASIRHAT,Installing tube-wells and borewells,3500000.0,True,703.0,19.3
WS/MP18336/2025-2026/147574,BRIJMOHAN AGRAWAL,Chhattisgarh,RAIPUR,Construction of common work sheds/ common covered sitting area,500000.0,True,271.0,19.3
,Anto Antony,Kerala,PATHANAMTHITTA,Unknown,500000.0,False,698.0,19.3
,Anto Antony,Kerala,PATHANAMTHITTA,Unknown,500000.0,False,698.0,19.3
,Anto Antony,Kerala,PATHANAMTHITTA,Unknown,500000.0,False,698.0,19.3
,Anto Antony,Kerala,PATHANAMTHITTA,Unknown,500000.0,False,698.0,19.3
WS/MP18335/2024-2025/151030,RADHE SHYAM RATHIYA,Chhattisgarh,RAIGARH(ST),Construction of toilet blocks,500000.0,False,655.0,19.3
WS/MP18074/2024-2025/136748,KALI CHARAN MUNDA,Jharkhand,KHUNTI(ST),"Construction of roads, link roads, pathways or any other road with or without drainage system",350000.0,True,692.0,19.3
WS/MP18074/2024-2025/136752,KALI CHARAN MUNDA,Jharkhand,KHUNTI(ST),"Construction of roads, link roads, pathways or any other road with or without drainage system",350000.0,True,692.0,19.3
WS/MP18074/2024-2025/136930,KALI CHARAN MUNDA,Jharkhand,KHUNTI(ST),"Construction of roads, link roads, pathways or any other road with or without drainage system",300000.0,True,692.0,19.3
WS/MP18250/2024-2025/135269,SK NURUL ISLAM,West Bengal,BASIRHAT,Installing tube-wells and borewells,2800000.0,True,699.0,19.3
WS/MP18074/2024-2025/136927,KALI CHARAN MUNDA,Jharkhand,KHUNTI(ST),"Construction of roads, link roads, pathways or any other road with or without drainage system",300000.0,True,692.0,19.3
WS/MP18205/2024-2025/148469,SANATAN PANDEY,Uttar Pradesh,BALLIA,"Construction of roads, link roads, pathways or any other road with or without drainage system",750000.0,True,580.0,19.2
WS/MP18205/2024-2025/148471,SANATAN PANDEY,Uttar Pradesh,BALLIA,"Construction of roads, link roads, pathways or any other road with or without drainage system",750000.0,True,580.0,19.2
WS/MP18321/2024-2025/152535,SHOBHANABEN MAHENDRASINH BARAIYA,Gujarat,SABARKANTHA,Construction of common work sheds/ common covered sitting area,500000.0,False,647.0,19.2
WS/MP18205/2024-2025/148467,SANATAN PANDEY,Uttar Pradesh,BALLIA,"Construction of roads, link roads, pathways or any other road with or without drainage system",750000.0,True,580.0,19.2
WS/MP18335/2024-2025/150736,RADHE SHYAM RATHIYA,Chhattisgarh,RAIGARH(ST),Construction of common work sheds/ common covered sitting area,100000.0,False,656.0,19.2
WS/MP351/2025-2026/146062,Shri Kumbakudi Sudhakaran,Kerala,KANNUR,Street lights,299894.0,True,185.0,19.2
WS/MP18324/2025-2026/151095,BHARATBHAI MANUBHAI SUTARIYA,Gujarat,AMRELI,Construction of public irrigation facilities,300000.0,False,655.0,19.2
WS/MP18205/2024-2025/148474,SANATAN PANDEY,Uttar Pradesh,BALLIA,"Construction of roads, link roads, pathways or any other road with or without drainage system",700000.0,True,580.0,19.2
WS/MP351/2025-2026/146063,Shri Kumbakudi Sudhakaran,Kerala,KANNUR,Street lights,299894.0,True,185.0,19.2
WS/MP351/2025-2026/146064,Shri Kumbakudi Sudhakaran,Kerala,KANNUR,Street lights,299894.0,True,185.0,19.2
WS/MP18205/2024-2025/148484,SANATAN PANDEY,Uttar Pradesh,BALLIA,"Construction of roads, link roads, pathways or any other road with or without drainage system",750000.0,True,580.0,19.2
WS/MP18248/2024-2025/151511,DR. SHARMILA SARKAR,West Bengal,BARDHAMAN PURBA(SC),Retrofitting in essential lifeline buildings,1200000.0,False,653.0,19.1
WS/MP18336/2024-2025/147602,BRIJMOHAN AGRAWAL,Chhattisgarh,RAIPUR,Construction of common work sheds/ common covered sitting area,1000000.0,True,612.0,19.1
WS/MP812/2024-2025/147516,Vijay Kumar Dubey,Uttar Pradesh,KUSHI NAGAR,Improvement of electricity distribution infrastructure,452753.0,True,582.0,19.1
WS/MP632/2024-2025/134091,Anto Antony,Kerala,PATHANAMTHITTA,Purchase of vans and buses for educational institutions,1250000.0,True,650.0,19.0
,Shripad Yesso Naik,Goa,NORTH GOA,Unknown,126000.0,False,626.0,19.0
WS/MP716/2024-2025/141817,Smt Harsimrat Kaur Badal,Punjab,BHATINDA,Crematoriums/energy efficient crematoriums or structures on burial/cremation ground,125000.0,True,653.0,18.9
WS/MP812/2024-2025/135818,Vijay Kumar Dubey,Uttar Pradesh,KUSHI NAGAR,Lighting of public spaces,237000.0,True,522.0,18.9
WS/MP812/2024-2025/135402,Vijay Kumar Dubey,Uttar Pradesh,KUSHI NAGAR,Lighting of public spaces,237000.0,True,522.0,18.9
WS/MP812/2024-2025/135404,Vijay Kumar Dubey,Uttar Pradesh,KUSHI NAGAR,Lighting of public spaces,236315.0,True,522.0,18.9
WS/MP812/2024-2025/135403,Vijay Kumar Dubey,Uttar Pradesh,KUSHI NAGAR,Lighting of public spaces,237000.0,True,522.0,18.9
WS/MP18321/2025-2026/152528,SHOBHANABEN MAHENDRASINH BARAIYA,Gujarat,SABARKANTHA,Construction of rooms and halls in school and colleges,500000.0,False,647.0,18.9
WS/MP18321/2024-2025/152529,SHOBHANABEN MAHENDRASINH BARAIYA,Gujarat,SABARKANTHA,Construction of rooms and halls in school and colleges,500000.0,False,647.0,18.9
WS/MP18321/2024-2025/152530,SHOBHANABEN MAHENDRASINH BARAIYA,Gujarat,SABARKANTHA,Construction of rooms and halls in school and colleges,500000.0,False,647.0,18.9
WS/MP351/2026-2027/142647,Shri Kumbakudi Sudhakaran,Kerala,KANNUR,Street lights,300000.0,True,59.0,18.8
WS/MP351/2025-2026/146065,Shri Kumbakudi Sudhakaran,Kerala,KANNUR,Street lights,300000.0,True,185.0,18.8
WS/MP351/2025-2026/146066,Shri Kumbakudi Sudhakaran,Kerala,KANNUR,Street lights,300000.0,True,185.0,18.8
WS/MP351/2025-2026/146067,Shri Kumbakudi Sudhakaran,Kerala,KANNUR,Street lights,300000.0,True,185.0,18.8
WS/MP351/2025-2026/145436,Shri Kumbakudi Sudhakaran,Kerala,KANNUR,Street lights,300000.0,True,185.0,18.8
WS/MP561/2024-2025/137684,Ravi Shankar Prasad,Bihar,PATNA SAHIB,Development of playfields and sports grounds,1450000.0,True,562.0,18.8
WS/MP351/2026-2027/142646,Shri Kumbakudi Sudhakaran,Kerala,KANNUR,Street lights,300000.0,True,59.0,18.8
WS/MP812/2025-2026/147505,Vijay Kumar Dubey,Uttar Pradesh,KUSHI NAGAR,Lighting of public spaces,237000.0,True,310.0,18.7
WS/MP18248/2024-2025/152777,DR. SHARMILA SARKAR,West Bengal,BARDHAMAN PURBA(SC),Construction of boundary walls of existing public and community buildings,998439.0,False,646.0,18.7
WS/MP18335/2025-2026/150782,RADHE SHYAM RATHIYA,Chhattisgarh,RAIGARH(ST),Construction of community centers and community halls,200000.0,False,656.0,18.7
WS/MP18335/2025-2026/150718,RADHE SHYAM RATHIYA,Chhattisgarh,RAIGARH(ST),Construction of community centers and community halls,200000.0,False,656.0,18.7
WS/MP18335/2025-2026/150738,RADHE SHYAM RATHIYA,Chhattisgarh,RAIGARH(ST),Construction of community centers and community halls,200000.0,False,656.0,18.7
WS/MP348/2025-2026/152484,Shri Benny Behanan,Kerala,CHALAKUDY,"Construction of roads, link roads, pathways or any other road with or without drainage system",1500000.0,False,647.0,18.7
WS/MP485/2024-2025/136231,Pratima Mondal,West Bengal,JOYNAGAR(SC),Street lights,800000.0,True,522.0,18.7
WS/MP18335/2024-2025/150739,RADHE SHYAM RATHIYA,Chhattisgarh,RAIGARH(ST),Construction of community centers and community halls,200000.0,False,656.0,18.7
WS/MP18335/2025-2026/150746,RADHE SHYAM RATHIYA,Chhattisgarh,RAIGARH(ST),Construction of community centers and community halls,200000.0,False,656.0,18.7
WS/MP812/2025-2026/147508,Vijay Kumar Dubey,Uttar Pradesh,KUSHI NAGAR,Lighting of public spaces,236315.0,True,310.0,18.7
WS/MP18335/2024-2025/150731,RADHE SHYAM RATHIYA,Chhattisgarh,RAIGARH(ST),Construction of community centers and community halls,200000.0,False,656.0,18.7
WS/MP812/2025-2026/147527,Vijay Kumar Dubey,Uttar Pradesh,KUSHI NAGAR,Lighting of public spaces,236315.0,True,309.0,18.7
WS/MP18253/2025-2026/150570,BAPI HALDAR,West Bengal,MATHURAPUR(SC),"Construction of roads, link roads, pathways or any other road with or without drainage system",299621.0,False,658.0,18.7
WS/MP812/2025-2026/135446,Vijay Kumar Dubey,Uttar Pradesh,KUSHI NAGAR,Lighting of public spaces,236315.0,True,310.0,18.7
,Anto Antony,Kerala,PATHANAMTHITTA,Unknown,400000.0,False,643.0,18.6
WS/MP18335/2025-2026/150743,RADHE SHYAM RATHIYA,Chhattisgarh,RAIGARH(ST),Construction of community centers and community halls,500000.0,False,656.0,18.5
WS/MP18248/2024-2025/150932,DR. SHARMILA SARKAR,West Bengal,BARDHAMAN PURBA(SC),Installing community drinking water plants,600000.0,False,656.0,18.5
,Shripad Yesso Naik,Goa,NORTH GOA,Unknown,130000.0,False,626.0,18.5
,Shripad Yesso Naik,Goa,NORTH GOA,Unknown,130000.0,False,627.0,18.5
WS/MP18248/2024-2025/150938,DR. SHARMILA SARKAR,West Bengal,BARDHAMAN PURBA(SC),Installing community drinking water plants,599916.0,False,656.0,18.5
WS/MP18248/2024-2025/151512,DR. SHARMILA SARKAR,West Bengal,BARDHAMAN PURBA(SC),Installing community drinking water plants,599916.0,False,653.0,18.5
,Shripad Yesso Naik,Goa,NORTH GOA,Unknown,130000.0,False,626.0,18.5
,Shripad Yesso Naik,Goa,NORTH GOA,Unknown,130000.0,False,627.0,18.5
WS/MP18336/2025-2026/147604,BRIJMOHAN AGRAWAL,Chhattisgarh,RAIPUR,Construction of community centers and community halls,1000000.0,True,347.0,18.5
WS/MP577/2024-2025/152615,Jaswantsinh Sumanbhai Bhabhor,Gujarat,DAHOD(ST),Providing drains and gutters for public drainage,250000.0,False,640.0,18.5
WS/MP18335/2025-2026/150724,RADHE SHYAM RATHIYA,Chhattisgarh,RAIGARH(ST),Construction of community centers and community halls,500000.0,False,656.0,18.5
WS/MP18335/2025-2026/150721,RADHE SHYAM RATHIYA,Chhattisgarh,RAIGARH(ST),Construction of community centers and community halls,500000.0,False,656.0,18.5
,Shripad Yesso Naik,Goa,NORTH GOA,Unknown,130000.0,False,625.0,18.5
WS/MP632/2024-2025/142376,Anto Antony,Kerala,PATHANAMTHITTA,"Construction of roads, link roads, pathways or any other road with or without drainage system",500000.0,True,524.0,18.4
WS/MP18248/2024-2025/152610,DR. SHARMILA SARKAR,West Bengal,BARDHAMAN PURBA(SC),Construction of boundary walls of existing public and community buildings,1999907.0,False,647.0,18.4
WS/MP457/2024-2025/146372,D Ravikumar,Tamil Nadu,VILUPPURAM(SC),Crematoriums/energy efficient crematoriums or structures on burial/cremation ground,599451.0,True,641.0,18.4
WS/MP457/2024-2025/149288,D Ravikumar,Tamil Nadu,VILUPPURAM(SC),Crematoriums/energy efficient crematoriums or structures on burial/cremation ground,1199449.0,False,667.0,18.4
WS/MP18248/2024-2025/150931,DR. SHARMILA SARKAR,West Bengal,BARDHAMAN PURBA(SC),Construction of common work sheds/ common covered sitting area,849474.0,False,656.0,18.3
WS/MP638/2024-2025/152519,Virendra Kumar,Madhya Pradesh,TIKAMGARH(SC),Construction of buildings for community cultural activities,1200000.0,False,647.0,18.3
WS/MP18248/2024-2025/153237,DR. SHARMILA SARKAR,West Bengal,BARDHAMAN PURBA(SC),Construction of community centers and community halls,1100000.0,False,642.0,18.3
WS/MP18248/2024-2025/150936,DR. SHARMILA SARKAR,West Bengal,BARDHAMAN PURBA(SC),Construction of common work sheds/ common covered sitting area,849474.0,False,656.0,18.3
WS/MP638/2024-2025/152511,Virendra Kumar,Madhya Pradesh,TIKAMGARH(SC),Construction of buildings for community cultural activities,1200000.0,False,647.0,18.3
WS/MP638/2024-2025/152515,Virendra Kumar,Madhya Pradesh,TIKAMGARH(SC),Construction of buildings for community cultural activities,1200000.0,False,647.0,18.3
WS/MP18058/2024-2025/145079,DR. HEMANG JOSHI,Gujarat,VADODARA,Construction of buildings for crèches and anganwadies,1250000.0,True,619.0,18.2
,Anto Antony,Kerala,PATHANAMTHITTA,Unknown,200000.0,False,702.0,18.2
WS/MP18104/2025-2026/154264,DARSHAN SINGH CHOUDHARY,Madhya Pradesh,HOSHANGABAD,"Purchase of hearse van (Four, three and two wheelers)",115000.0,False,612.0,18.2
WS/MP18336/2024-2025/147590,BRIJMOHAN AGRAWAL,Chhattisgarh,RAIPUR,Construction of buildings for community cultural activities,500000.0,True,625.0,18.2
WS/MP18058/2024-2025/145077,DR. HEMANG JOSHI,Gujarat,VADODARA,Construction of buildings for crèches and anganwadies,1250000.0,True,619.0,18.2
WS/MP18048/2024-2025/147875,MAHESH KASHYAP,Chhattisgarh,BASTAR(ST),"Construction of roads, link roads, pathways or any other road with or without drainage system",900000.0,True,620.0,18.2
WS/MP18048/2024-2025/148037,MAHESH KASHYAP,Chhattisgarh,BASTAR(ST),"Construction of roads, link roads, pathways or any other road with or without drainage system",900000.0,True,620.0,18.2
WS/MP18058/2024-2025/145078,DR. HEMANG JOSHI,Gujarat,VADODARA,Construction of buildings for crèches and anganwadies,1250000.0,True,619.0,18.2
WS/MP18058/2024-2025/145164,DR. HEMANG JOSHI,Gujarat,VADODARA,Construction of buildings for crèches and anganwadies,1250000.0,True,619.0,18.2
WS/MP638/2025-2026/152516,Virendra Kumar,Madhya Pradesh,TIKAMGARH(SC),Construction of buildings for community cultural activities,400000.0,False,647.0,18.1
WS/MP384/2024-2025/145406,Shri Arjun Ram Meghwal,Rajasthan,BIKANER(SC),Construction of rooms and halls in school and colleges,1000000.0,True,581.0,18.1
WS/MP638/2025-2026/152576,Virendra Kumar,Madhya Pradesh,TIKAMGARH(SC),Construction of buildings for community cultural activities,400000.0,False,647.0,18.1
WS/MP18335/2024-2025/150732,RADHE SHYAM RATHIYA,Chhattisgarh,RAIGARH(ST),Construction of common work sheds/ common covered sitting area,300000.0,False,656.0,18.1
WS/MP18248/2024-2025/150927,DR. SHARMILA SARKAR,West Bengal,BARDHAMAN PURBA(SC),Street lights,310000.0,False,656.0,18.1
WS/MP384/2024-2025/145481,Shri Arjun Ram Meghwal,Rajasthan,BIKANER(SC),Construction of rooms and halls in school and colleges,1000000.0,True,582.0,18.1
WS/MP638/2025-2026/152572,Virendra Kumar,Madhya Pradesh,TIKAMGARH(SC),Construction of buildings for community cultural activities,400000.0,False,647.0,18.1
WS/MP18323/2026-2027/146709,DR KALGE SHIVAJI BANDAPPA,Maharashtra,LATUR(SC),"Construction of roads, link roads, pathways or any other road with or without drainage system",292053.0,True,41.0,18.1
WS/MP498/2024-2025/154102,Dr Sukanta Majumdar,West Bengal,BALURGHAT,"Construction of roads, link roads, pathways or any other road with or without drainage system",350000.0,False,627.0,18.1
WS/MP498/2024-2025/154111,Dr Sukanta Majumdar,West Bengal,BALURGHAT,"Construction of roads, link roads, pathways or any other road with or without drainage system",350000.0,False,627.0,18.1
,Anto Antony,Kerala,PATHANAMTHITTA,Unknown,224300.0,False,643.0,18.1
WS/MP18248/2024-2025/150922,DR. SHARMILA SARKAR,West Bengal,BARDHAMAN PURBA(SC),Construction of common work sheds/ common covered sitting area,900000.0,False,656.0,18.1
WS/MP18335/2024-2025/150737,RADHE SHYAM RATHIYA,Chhattisgarh,RAIGARH(ST),Construction of community centers and community halls,150000.0,False,656.0,18.0
WS/MP18324/2025-2026/151097,BHARATBHAI MANUBHAI SUTARIYA,Gujarat,AMRELI,Providing drains and gutters for public drainage,300000.0,False,655.0,18.0
WS/MP498/2024-2025/154362,Dr Sukanta Majumdar,West Bengal,BALURGHAT,"Construction of roads, link roads, pathways or any other road with or without drainage system",349598.0,False,627.0,17.9
WS/MP498/2024-2025/154363,Dr Sukanta Majumdar,West Bengal,BALURGHAT,"Construction of roads, link roads, pathways or any other road with or without drainage system",349498.0,False,627.0,17.9
WS/MP498/2024-2025/154112,Dr Sukanta Majumdar,West Bengal,BALURGHAT,"Construction of roads, link roads, pathways or any other road with or without drainage system",349601.0,False,627.0,17.9
WS/MP457/2024-2025/155339,D Ravikumar,Tamil Nadu,VILUPPURAM(SC),Construction of buildings for community cultural activities,798521.0,False,634.0,17.8
WS/MP384/2024-2025/145237,Shri Arjun Ram Meghwal,Rajasthan,BIKANER(SC),Construction of community centers and community halls,1000000.0,True,582.0,17.8
WS/MP18248/2024-2025/150928,DR. SHARMILA SARKAR,West Bengal,BARDHAMAN PURBA(SC),Street lights,250000.0,False,656.0,17.8
WS/MP577/2025-2026/133557,Jaswantsinh Sumanbhai Bhabhor,Gujarat,DAHOD(ST),Construction of public irrigation facilities,250000.0,True,233.0,17.7
WS/MP18321/2024-2025/152532,SHOBHANABEN MAHENDRASINH BARAIYA,Gujarat,SABARKANTHA,Construction of community centers and community halls,500000.0,False,647.0,17.7
WS/MP577/2025-2026/133602,Jaswantsinh Sumanbhai Bhabhor,Gujarat,DAHOD(ST),Construction of public irrigation facilities,250000.0,True,223.0,17.7
WS/MP526/2025-2026/146057,Y S Avinash Reddy,Andhra Pradesh,KADAPA,Providing drains and gutters for public drainage,451000.0,True,232.0,17.7
WS/MP577/2025-2026/133599,Jaswantsinh Sumanbhai Bhabhor,Gujarat,DAHOD(ST),Construction of public irrigation facilities,250000.0,True,223.0,17.7
WS/MP577/2025-2026/133613,Jaswantsinh Sumanbhai Bhabhor,Gujarat,DAHOD(ST),Construction of public irrigation facilities,250000.0,True,233.0,17.7
WS/MP577/2025-2026/133582,Jaswantsinh Sumanbhai Bhabhor,Gujarat,DAHOD(ST),Construction of public irrigation facilities,250000.0,True,223.0,17.7
WS/MP384/2024-2025/145412,Shri Arjun Ram Meghwal,Rajasthan,BIKANER(SC),Construction of additional rooms and halls in the existing public and community building,1000000.0,True,581.0,17.7
WS/MP577/2025-2026/133589,Jaswantsinh Sumanbhai Bhabhor,Gujarat,DAHOD(ST),Construction of public irrigation facilities,250000.0,True,223.0,17.7
WS/MP577/2025-2026/133590,Jaswantsinh Sumanbhai Bhabhor,Gujarat,DAHOD(ST),Construction of public irrigation facilities,250000.0,True,223.0,17.7
WS/MP18321/2024-2025/152521,SHOBHANABEN MAHENDRASINH BARAIYA,Gujarat,SABARKANTHA,Construction of community centers and community halls,500000.0,False,647.0,17.7
WS/MP577/2025-2026/133583,Jaswantsinh Sumanbhai Bhabhor,Gujarat,DAHOD(ST),Construction of public irrigation facilities,250000.0,True,223.0,17.7
WS/MP577/2026-2027/133610,Jaswantsinh Sumanbhai Bhabhor,Gujarat,DAHOD(ST),Construction of public irrigation facilities,250000.0,True,54.0,17.7
WS/MP577/2025-2026/133604,Jaswantsinh Sumanbhai Bhabhor,Gujarat,DAHOD(ST),Construction of public irrigation facilities,250000.0,True,233.0,17.7
WS/MP577/2025-2026/133561,Jaswantsinh Sumanbhai Bhabhor,Gujarat,DAHOD(ST),Construction of public irrigation facilities,245826.0,True,310.0,17.6
WS/MP577/2025-2026/133560,Jaswantsinh Sumanbhai Bhabhor,Gujarat,DAHOD(ST),Construction of public irrigation facilities,245826.0,True,310.0,17.6
WS/MP577/2025-2026/133577,Jaswantsinh Sumanbhai Bhabhor,Gujarat,DAHOD(ST),Construction of public irrigation facilities,245826.0,True,310.0,17.6
WS/MP577/2025-2026/133572,Jaswantsinh Sumanbhai Bhabhor,Gujarat,DAHOD(ST),Construction of public irrigation facilities,245826.0,True,310.0,17.6
WS/MP18248/2024-2025/151513,DR. SHARMILA SARKAR,West Bengal,BARDHAMAN PURBA(SC),Construction of buildings for crèches and anganwadies,800000.0,False,653.0,17.5
WS/MP457/2024-2025/149290,D Ravikumar,Tamil Nadu,VILUPPURAM(SC),Crematoriums/energy efficient crematoriums or structures on burial/cremation ground,800000.0,False,667.0,17.5
WS/MP243/2025-2026/141110,Kakoli Ghosh Dastidar,West Bengal,BARASAT,Construction of rooms and halls in school and colleges,11000000.0,True,271.0,17.4
WS/MP18321/2024-2025/143693,SHOBHANABEN MAHENDRASINH BARAIYA,Gujarat,SABARKANTHA,Construction of boundary walls of existing public and community buildings,500000.0,True,641.0,17.4
,DARSHAN SINGH CHOUDHARY,Madhya Pradesh,HOSHANGABAD,Unknown,105000.0,False,612.0,17.4
WS/MP18048/2024-2025/145571,MAHESH KASHYAP,Chhattisgarh,BASTAR(ST),"Construction of roads, link roads, pathways or any other road with or without drainage system",500000.0,True,612.0,17.3
WS/MP18263/2025-2026/152150,KOTA SRINIVAS POOJARY,Karnataka,UDUPI CHIKMAGALUR,"Construction of Government office buildings (Post office, Police station, Police chauki, etc.)",200000.0,False,649.0,17.3
WS/MP18250/2024-2025/139004,SK NURUL ISLAM,West Bengal,BASIRHAT,Construction of water tanks,2450000.0,True,604.0,17.3
WS/MP384/2024-2025/145491,Shri Arjun Ram Meghwal,Rajasthan,BIKANER(SC),Construction of community centers and community halls,1000000.0,True,592.0,17.3
WS/MP18133/2025-2026/148560,SHRIMANT CHH UDAYANRAJE PRATAPSINHAMAHARAJ BHONSLE,Maharashtra,SATARA,"Construction of roads, link roads, pathways or any other road with or without drainage system",999677.0,True,488.0,17.3
WS/MP457/2024-2025/149289,D Ravikumar,Tamil Nadu,VILUPPURAM(SC),Crematoriums/energy efficient crematoriums or structures on burial/cremation ground,774326.0,False,667.0,17.3
WS/MP18133/2025-2026/148562,SHRIMANT CHH UDAYANRAJE PRATAPSINHAMAHARAJ BHONSLE,Maharashtra,SATARA,"Construction of roads, link roads, pathways or any other road with or without drainage system",999000.0,True,488.0,17.1
WS/MP18133/2025-2026/148565,SHRIMANT CHH UDAYANRAJE PRATAPSINHAMAHARAJ BHONSLE,Maharashtra,SATARA,"Construction of roads, link roads, pathways or any other road with or without drainage system",1000000.0,True,488.0,17.1
WS/MP18133/2025-2026/148566,SHRIMANT CHH UDAYANRAJE PRATAPSINHAMAHARAJ BHONSLE,Maharashtra,SATARA,"Construction of roads, link roads, pathways or any other road with or without drainage system",1000000.0,True,488.0,17.1
WS/MP18133/2025-2026/148558,SHRIMANT CHH UDAYANRAJE PRATAPSINHAMAHARAJ BHONSLE,Maharashtra,SATARA,"Construction of roads, link roads, pathways or any other road with or without drainage system",1000000.0,True,488.0,17.1
WS/MP18133/2025-2026/148453,SHRIMANT CHH UDAYANRAJE PRATAPSINHAMAHARAJ BHONSLE,Maharashtra,SATARA,"Construction of roads, link roads, pathways or any other road with or without drainage system",1000000.0,True,488.0,17.1
WS/MP18048/2024-2025/145573,MAHESH KASHYAP,Chhattisgarh,BASTAR(ST),"Construction of roads, link roads, pathways or any other road with or without drainage system",500000.0,True,604.0,17.1
WS/MP18133/2025-2026/148452,SHRIMANT CHH UDAYANRAJE PRATAPSINHAMAHARAJ BHONSLE,Maharashtra,SATARA,"Construction of roads, link roads, pathways or any other road with or without drainage system",1000000.0,True,488.0,17.1
WS/MP18133/2025-2026/148457,SHRIMANT CHH UDAYANRAJE PRATAPSINHAMAHARAJ BHONSLE,Maharashtra,SATARA,"Construction of roads, link roads, pathways or any other road with or without drainage system",1000000.0,True,488.0,17.1
WS/MP18133/2025-2026/148454,SHRIMANT CHH UDAYANRAJE PRATAPSINHAMAHARAJ BHONSLE,Maharashtra,SATARA,"Construction of roads, link roads, pathways or any other road with or without drainage system",1000000.0,True,488.0,17.1
WS/MP18248/2024-2025/153250,DR. SHARMILA SARKAR,West Bengal,BARDHAMAN PURBA(SC),Retrofitting in essential lifeline buildings,499743.0,False,642.0,17.0
WS/MP18248/2024-2025/150933,DR. SHARMILA SARKAR,West Bengal,BARDHAMAN PURBA(SC),Construction of toilet blocks,349768.0,False,656.0,17.0
WS/MP243/2025-2026/147542,Kakoli Ghosh Dastidar,West Bengal,BARASAT,Lighting of public spaces,3000000.0,True,334.0,17.0
WS/MP18248/2024-2025/150937,DR. SHARMILA SARKAR,West Bengal,BARDHAMAN PURBA(SC),Construction of toilet blocks,349768.0,False,656.0,17.0
WS/MP384/2024-2025/145480,Shri Arjun Ram Meghwal,Rajasthan,BIKANER(SC),Construction of additional rooms and halls in the existing public and community building,1000000.0,True,594.0,17.0
WS/MP643/2024-2025/146168,Gyaneshwar Patil,Madhya Pradesh,KHANDWA,Construction of footpaths and pedestrian ways,1000000.0,True,601.0,16.9
WS/MP251/2025-2026/150786,Prof Sougata Ray,West Bengal,DUM DUM,"Construction of roads, link roads, pathways or any other road with or without drainage system",1000000.0,False,607.0,16.9
WS/MP18193/2025-2026/151790,EATALA RAJENDER,Telangana,MALKAJGIRI,Installing tube-wells and borewells,1000000.0,False,650.0,16.9
WS/MP18193/2025-2026/150653,EATALA RAJENDER,Telangana,MALKAJGIRI,Construction of community centers and community halls,2000000.0,False,657.0,16.8
WS/MP347/2025-2026/151229,Shri Suresh Kodikunnil,Kerala,MAVELIKKARA(SC),"Construction of roads, link roads, pathways or any other road with or without drainage system",418776.0,False,654.0,16.8
WS/MP710/2026-2027/149788,Vaithilingam Ve,Puducherry,Puducherry,"Construction of roads, link roads, pathways or any other road with or without drainage system",1600000.0,False,663.0,16.8
WS/MP681/2024-2025/143655,Sanjay Haribhau Jadhav,Maharashtra,PARBHANI,"Construction of roads, link roads, pathways or any other road with or without drainage system",999000.0,True,684.0,16.8
WS/MP18336/2024-2025/147573,BRIJMOHAN AGRAWAL,Chhattisgarh,RAIPUR,Construction of buildings for community cultural activities,600000.0,True,584.0,16.8
WS/MP18133/2025-2026/148564,SHRIMANT CHH UDAYANRAJE PRATAPSINHAMAHARAJ BHONSLE,Maharashtra,SATARA,"Construction of roads, link roads, pathways or any other road with or without drainage system",500000.0,True,485.0,16.8
WS/MP18133/2025-2026/148516,SHRIMANT CHH UDAYANRAJE PRATAPSINHAMAHARAJ BHONSLE,Maharashtra,SATARA,"Construction of roads, link roads, pathways or any other road with or without drainage system",500000.0,True,488.0,16.7
WS/MP18324/2025-2026/151114,BHARATBHAI MANUBHAI SUTARIYA,Gujarat,AMRELI,Construction of rainwater harvesting structures,300000.0,False,655.0,16.7
WS/MP18133/2025-2026/148563,SHRIMANT CHH UDAYANRAJE PRATAPSINHAMAHARAJ BHONSLE,Maharashtra,SATARA,"Construction of roads, link roads, pathways or any other road with or without drainage system",500000.0,True,488.0,16.7
WS/MP18133/2025-2026/148515,SHRIMANT CHH UDAYANRAJE PRATAPSINHAMAHARAJ BHONSLE,Maharashtra,SATARA,"Construction of roads, link roads, pathways or any other road with or without drainage system",500000.0,True,488.0,16.7
WS/MP18133/2025-2026/148569,SHRIMANT CHH UDAYANRAJE PRATAPSINHAMAHARAJ BHONSLE,Maharashtra,SATARA,"Construction of roads, link roads, pathways or any other road with or without drainage system",500000.0,True,488.0,16.7
WS/MP18133/2025-2026/148571,SHRIMANT CHH UDAYANRAJE PRATAPSINHAMAHARAJ BHONSLE,Maharashtra,SATARA,"Construction of roads, link roads, pathways or any other road with or without drainage system",500000.0,True,488.0,16.7
WS/MP18167/2024-2025/145183,BRIJENDRA SINGH OLA,Rajasthan,JHUNJHUNU,"Construction of roads, link roads, pathways or any other road with or without drainage system",150000.0,True,599.0,16.7
WS/MP812/2024-2025/147502,Vijay Kumar Dubey,Uttar Pradesh,KUSHI NAGAR,Construction of rooms and halls in school and colleges,950000.0,True,593.0,16.7
,DR. SHARMILA SARKAR,West Bengal,BARDHAMAN PURBA(SC),Unknown,500000.0,False,642.0,16.6
WS/MP384/2024-2025/145497,Shri Arjun Ram Meghwal,Rajasthan,BIKANER(SC),Construction of additional rooms and halls in the existing public and community building,500000.0,True,580.0,16.6
WS/MP710/2025-2026/149820,Vaithilingam Ve,Puducherry,Puducherry,"Construction of roads, link roads, pathways or any other road with or without drainage system",845883.0,False,663.0,16.6
WS/MP18219/2025-2026/143783,AJENDRA SINGH LODHI,Uttar Pradesh,HAMIRPUR_UP,Construction of common work sheds/ common covered sitting area,700000.0,True,480.0,16.5
WS/MP18133/2025-2026/148477,SHRIMANT CHH UDAYANRAJE PRATAPSINHAMAHARAJ BHONSLE,Maharashtra,SATARA,"Construction of roads, link roads, pathways or any other road with or without drainage system",700000.0,True,488.0,16.5
WS/MP18248/2024-2025/153254,DR. SHARMILA SARKAR,West Bengal,BARDHAMAN PURBA(SC),Retrofitting in essential lifeline buildings,500000.0,False,642.0,16.5
WS/MP18133/2025-2026/148559,SHRIMANT CHH UDAYANRAJE PRATAPSINHAMAHARAJ BHONSLE,Maharashtra,SATARA,"Construction of roads, link roads, pathways or any other road with or without drainage system",700000.0,True,488.0,16.5
WS/MP18238/2024-2025/141032,RAMASHANKAR RAJBHAR,Uttar Pradesh,SALEMPUR,"Construction of roads, link roads, pathways or any other road with or without drainage system",600000.0,True,611.0,16.5
WS/MP18238/2024-2025/141030,RAMASHANKAR RAJBHAR,Uttar Pradesh,SALEMPUR,"Construction of roads, link roads, pathways or any other road with or without drainage system",600000.0,True,611.0,16.5
WS/MP18238/2024-2025/141033,RAMASHANKAR RAJBHAR,Uttar Pradesh,SALEMPUR,"Construction of roads, link roads, pathways or any other road with or without drainage system",600000.0,True,611.0,16.5
WS/MP18238/2024-2025/141031,RAMASHANKAR RAJBHAR,Uttar Pradesh,SALEMPUR,"Construction of roads, link roads, pathways or any other road with or without drainage system",600000.0,True,611.0,16.5
WS/MP681/2024-2025/143657,Sanjay Haribhau Jadhav,Maharashtra,PARBHANI,"Construction of roads, link roads, pathways or any other road with or without drainage system",1000000.0,True,684.0,16.5
WS/MP18248/2024-2025/152611,DR. SHARMILA SARKAR,West Bengal,BARDHAMAN PURBA(SC),Retrofitting in essential lifeline buildings,500000.0,False,647.0,16.5
WS/MP681/2024-2025/143658,Sanjay Haribhau Jadhav,Maharashtra,PARBHANI,"Construction of roads, link roads, pathways or any other road with or without drainage system",1000000.0,True,684.0,16.5
WS/MP710/2025-2026/149937,Vaithilingam Ve,Puducherry,Puducherry,"Construction of roads, link roads, pathways or any other road with or without drainage system",3000000.0,False,663.0,16.5
WS/MP18219/2025-2026/143786,AJENDRA SINGH LODHI,Uttar Pradesh,HAMIRPUR_UP,Construction of common work sheds/ common covered sitting area,700000.0,True,480.0,16.5
WS/MP18248/2024-2025/150934,DR. SHARMILA SARKAR,West Bengal,BARDHAMAN PURBA(SC),Retrofitting in essential lifeline buildings,500000.0,False,656.0,16.5
WS/MP812/2024-2025/147501,Vijay Kumar Dubey,Uttar Pradesh,KUSHI NAGAR,Construction of rooms and halls in school and colleges,950000.0,True,597.0,16.5
WS/MP18219/2025-2026/143785,AJENDRA SINGH LODHI,Uttar Pradesh,HAMIRPUR_UP,Construction of common work sheds/ common covered sitting area,700000.0,True,480.0,16.5
WS/MP351/2026-2027/153244,Shri Kumbakudi Sudhakaran,Kerala,KANNUR,Street lights,300000.0,False,642.0,16.5
WS/MP710/2025-2026/149858,Vaithilingam Ve,Puducherry,Puducherry,"Construction of roads, link roads, pathways or any other road with or without drainage system",4420000.0,False,663.0,16.5
WS/MP351/2025-2026/149229,Shri Kumbakudi Sudhakaran,Kerala,KANNUR,Street lights,300000.0,False,669.0,16.5
WS/MP18248/2024-2025/152609,DR. SHARMILA SARKAR,West Bengal,BARDHAMAN PURBA(SC),Retrofitting in essential lifeline buildings,500000.0,False,647.0,16.5
WS/MP351/2025-2026/152819,Shri Kumbakudi Sudhakaran,Kerala,KANNUR,Street lights,300000.0,False,645.0,16.5
WS/MP18219/2025-2026/143782,AJENDRA SINGH LODHI,Uttar Pradesh,HAMIRPUR_UP,Construction of common work sheds/ common covered sitting area,700000.0,True,480.0,16.5
WS/MP18219/2025-2026/143784,AJENDRA SINGH LODHI,Uttar Pradesh,HAMIRPUR_UP,Construction of common work sheds/ common covered sitting area,700000.0,True,480.0,16.5
WS/MP18253/2024-2025/140039,BAPI HALDAR,West Bengal,MATHURAPUR(SC),"Construction of roads, link roads, pathways or any other road with or without drainage system",400000.0,True,669.0,16.4
WS/MP18133/2025-2026/148482,SHRIMANT CHH UDAYANRAJE PRATAPSINHAMAHARAJ BHONSLE,Maharashtra,SATARA,"Construction of roads, link roads, pathways or any other road with or without drainage system",600000.0,True,488.0,16.4
WS/MP18106/2024-2025/142107,SHIVMANGAL SINGH TOMAR,Madhya Pradesh,MORENA,Construction of culverts and bridges,800000.0,True,684.0,16.3
WS/MP710/2025-2026/149889,Vaithilingam Ve,Puducherry,Puducherry,"Construction of roads, link roads, pathways or any other road with or without drainage system",1500000.0,False,663.0,16.3
WS/MP351/2025-2026/149228,Shri Kumbakudi Sudhakaran,Kerala,KANNUR,Street lights,299894.0,False,669.0,16.2
WS/MP18253/2024-2025/140051,BAPI HALDAR,West Bengal,MATHURAPUR(SC),"Construction of roads, link roads, pathways or any other road with or without drainage system",349818.0,True,669.0,16.2
WS/MP577/2024-2025/140753,Jaswantsinh Sumanbhai Bhabhor,Gujarat,DAHOD(ST),Construction of public irrigation facilities,400000.0,True,592.0,16.2
WS/MP18232/2024-2025/139498,HARENDRA SINGH MALIK,Uttar Pradesh,MUZAFFARNAGAR,Street lights,984518.0,True,631.0,16.2
WS/MP18193/2025-2026/150347,EATALA RAJENDER,Telangana,MALKAJGIRI,Construction of community centers and community halls,1000000.0,False,659.0,16.2
WS/MP479/2024-2025/138169,Saumitra khan,West Bengal,BISHNUPUR(SC),Street lights,3458000.0,True,618.0,16.2
WS/MP351/2025-2026/149227,Shri Kumbakudi Sudhakaran,Kerala,KANNUR,Street lights,299894.0,False,669.0,16.2
WS/MP577/2024-2025/140758,Jaswantsinh Sumanbhai Bhabhor,Gujarat,DAHOD(ST),Construction of public irrigation facilities,400000.0,True,592.0,16.2
WS/MP18336/2024-2025/147594,BRIJMOHAN AGRAWAL,Chhattisgarh,RAIPUR,Construction of common work sheds/ common covered sitting area,784556.0,True,591.0,16.2
WS/MP526/2024-2025/147536,Y S Avinash Reddy,Andhra Pradesh,KADAPA,Providing supply pipelines for drinking water,69738.0,True,592.0,16.2
WS/MP18106/2024-2025/142108,SHIVMANGAL SINGH TOMAR,Madhya Pradesh,MORENA,Construction of culverts and bridges,800000.0,True,697.0,16.2
WS/MP577/2024-2025/140752,Jaswantsinh Sumanbhai Bhabhor,Gujarat,DAHOD(ST),Construction of public irrigation facilities,400000.0,True,592.0,16.2
WS/MP18193/2025-2026/150342,EATALA RAJENDER,Telangana,MALKAJGIRI,Construction of community centers and community halls,1200000.0,False,660.0,16.1
WS/MP18238/2024-2025/141057,RAMASHANKAR RAJBHAR,Uttar Pradesh,SALEMPUR,"Construction of roads, link roads, pathways or any other road with or without drainage system",600000.0,True,611.0,16.1
WS/MP479/2024-2025/138217,Saumitra khan,West Bengal,BISHNUPUR(SC),Street lights,1054618.0,True,618.0,16.1
WS/MP681/2024-2025/143651,Sanjay Haribhau Jadhav,Maharashtra,PARBHANI,"Construction of roads, link roads, pathways or any other road with or without drainage system",899000.0,True,684.0,16.0
WS/MP18193/2025-2026/150343,EATALA RAJENDER,Telangana,MALKAJGIRI,Providing CCTV camera system for security of public areas,400000.0,False,660.0,15.9
WS/MP384/2024-2025/145494,Shri Arjun Ram Meghwal,Rajasthan,BIKANER(SC),Construction of boundary walls of existing public and community buildings,700000.0,True,582.0,15.9
WS/MP18167/2024-2025/146742,BRIJENDRA SINGH OLA,Rajasthan,JHUNJHUNU,"Construction of roads, link roads, pathways or any other road with or without drainage system",1000000.0,True,598.0,15.8
WS/MP577/2024-2025/147090,Jaswantsinh Sumanbhai Bhabhor,Gujarat,DAHOD(ST),Construction of public irrigation facilities,350000.0,True,514.0,15.8
WS/MP479/2024-2025/138219,Saumitra khan,West Bengal,BISHNUPUR(SC),Street lights,710846.0,True,618.0,15.8
WS/MP18167/2024-2025/146743,BRIJENDRA SINGH OLA,Rajasthan,JHUNJHUNU,"Construction of roads, link roads, pathways or any other road with or without drainage system",1000000.0,True,599.0,15.8
WS/MP643/2024-2025/136011,Gyaneshwar Patil,Madhya Pradesh,KHANDWA,Lighting of public spaces,445200.0,True,711.0,15.7
WS/MP643/2024-2025/136010,Gyaneshwar Patil,Madhya Pradesh,KHANDWA,Lighting of public spaces,445200.0,True,711.0,15.7
WS/MP479/2024-2025/140165,Saumitra khan,West Bengal,BISHNUPUR(SC),Lighting of public spaces,129932.0,True,618.0,15.7
WS/MP643/2024-2025/135998,Gyaneshwar Patil,Madhya Pradesh,KHANDWA,Lighting of public spaces,445200.0,True,711.0,15.7
WS/MP643/2024-2025/135997,Gyaneshwar Patil,Madhya Pradesh,KHANDWA,Lighting of public spaces,445200.0,True,711.0,15.7
WS/MP643/2024-2025/135996,Gyaneshwar Patil,Madhya Pradesh,KHANDWA,Lighting of public spaces,445200.0,True,711.0,15.7
WS/MP643/2024-2025/135995,Gyaneshwar Patil,Madhya Pradesh,KHANDWA,Lighting of public spaces,445200.0,True,711.0,15.7
WS/MP643/2024-2025/136004,Gyaneshwar Patil,Madhya Pradesh,KHANDWA,Lighting of public spaces,445200.0,True,711.0,15.7
WS/MP643/2024-2025/135994,Gyaneshwar Patil,Madhya Pradesh,KHANDWA,Lighting of public spaces,445200.0,True,711.0,15.7
WS/MP643/2024-2025/136008,Gyaneshwar Patil,Madhya Pradesh,KHANDWA,Lighting of public spaces,445200.0,True,711.0,15.7
WS/MP643/2024-2025/136009,Gyaneshwar Patil,Madhya Pradesh,KHANDWA,Lighting of public spaces,445200.0,True,711.0,15.7
WS/MP643/2024-2025/136001,Gyaneshwar Patil,Madhya Pradesh,KHANDWA,Lighting of public spaces,445200.0,True,711.0,15.7
WS/MP643/2024-2025/136002,Gyaneshwar Patil,Madhya Pradesh,KHANDWA,Lighting of public spaces,445200.0,True,711.0,15.7
WS/MP643/2024-2025/136003,Gyaneshwar Patil,Madhya Pradesh,KHANDWA,Lighting of public spaces,445200.0,True,711.0,15.7
WS/MP479/2024-2025/138187,Saumitra khan,West Bengal,BISHNUPUR(SC),Street lights,1496129.0,True,618.0,15.7
WS/MP643/2024-2025/136000,Gyaneshwar Patil,Madhya Pradesh,KHANDWA,Lighting of public spaces,445200.0,True,711.0,15.7
WS/MP643/2024-2025/135993,Gyaneshwar Patil,Madhya Pradesh,KHANDWA,Lighting of public spaces,445200.0,True,711.0,15.7
WS/MP479/2024-2025/138231,Saumitra khan,West Bengal,BISHNUPUR(SC),Street lights,1394817.0,True,618.0,15.7
WS/MP479/2024-2025/138225,Saumitra khan,West Bengal,BISHNUPUR(SC),Street lights,1564917.0,True,618.0,15.7
WS/MP681/2024-2025/143646,Sanjay Haribhau Jadhav,Maharashtra,PARBHANI,"Construction of roads, link roads, pathways or any other road with or without drainage system",799000.0,True,684.0,15.7
WS/MP479/2024-2025/138308,Saumitra khan,West Bengal,BISHNUPUR(SC),Lighting of public spaces,129932.0,True,618.0,15.7
WS/MP643/2024-2025/135999,Gyaneshwar Patil,Madhya Pradesh,KHANDWA,Lighting of public spaces,445200.0,True,711.0,15.7
WS/MP643/2024-2025/136006,Gyaneshwar Patil,Madhya Pradesh,KHANDWA,Lighting of public spaces,445200.0,True,711.0,15.7
WS/MP681/2024-2025/143647,Sanjay Haribhau Jadhav,Maharashtra,PARBHANI,"Construction of roads, link roads, pathways or any other road with or without drainage system",799000.0,True,684.0,15.7
WS/MP681/2024-2025/143650,Sanjay Haribhau Jadhav,Maharashtra,PARBHANI,"Construction of roads, link roads, pathways or any other road with or without drainage system",799000.0,True,684.0,15.7
WS/MP643/2024-2025/136005,Gyaneshwar Patil,Madhya Pradesh,KHANDWA,Lighting of public spaces,445200.0,True,711.0,15.7
WS/MP643/2024-2025/136007,Gyaneshwar Patil,Madhya Pradesh,KHANDWA,Lighting of public spaces,445200.0,True,711.0,15.7
WS/MP867/2024-2025/151535,Sudip Bandyopadhyay,West Bengal,KOLKATA UTTAR,Construction of community centers and community halls,5000000.0,False,652.0,15.6
WS/MP18104/2025-2026/152332,DARSHAN SINGH CHOUDHARY,Madhya Pradesh,HOSHANGABAD,Construction of shelters for animals,197884.0,False,612.0,15.5
WS/MP423/2024-2025/138672,Shri Abhishek Banerjee,West Bengal,DIAMOND HARBOUR,"Construction of roads, link roads, pathways or any other road with or without drainage system",299985.0,True,570.0,15.5
WS/MP18048/2024-2025/147651,MAHESH KASHYAP,Chhattisgarh,BASTAR(ST),"Construction of roads, link roads, pathways or any other road with or without drainage system",900000.0,True,586.0,15.5
WS/MP479/2024-2025/138341,Saumitra khan,West Bengal,BISHNUPUR(SC),Construction of common work sheds/ common covered sitting area,1300000.0,True,594.0,15.4
WS/MP18167/2024-2025/147366,BRIJENDRA SINGH OLA,Rajasthan,JHUNJHUNU,"Construction of roads, link roads, pathways or any other road with or without drainage system",900000.0,True,599.0,15.4
WS/MP384/2024-2025/145409,Shri Arjun Ram Meghwal,Rajasthan,BIKANER(SC),Construction of boundary walls of existing public and community buildings,1500000.0,True,585.0,15.4
WS/MP243/2025-2026/147546,Kakoli Ghosh Dastidar,West Bengal,BARASAT,Lighting of public spaces,1000000.0,True,374.0,15.3
WS/MP18253/2024-2025/139732,BAPI HALDAR,West Bengal,MATHURAPUR(SC),"Construction of roads, link roads, pathways or any other road with or without drainage system",600000.0,True,642.0,15.3
WS/MP479/2024-2025/140160,Saumitra khan,West Bengal,BISHNUPUR(SC),Street lights,850498.0,True,618.0,15.3
WS/MP18253/2024-2025/139741,BAPI HALDAR,West Bengal,MATHURAPUR(SC),"Construction of roads, link roads, pathways or any other road with or without drainage system",600000.0,True,642.0,15.3
WS/MP18253/2024-2025/139740,BAPI HALDAR,West Bengal,MATHURAPUR(SC),"Construction of roads, link roads, pathways or any other road with or without drainage system",600000.0,True,642.0,15.3
WS/MP384/2024-2025/145488,Shri Arjun Ram Meghwal,Rajasthan,BIKANER(SC),Construction of boundary walls of existing public and community buildings,2500000.0,True,592.0,15.3
WS/MP577/2025-2026/140714,Jaswantsinh Sumanbhai Bhabhor,Gujarat,DAHOD(ST),Construction of public irrigation facilities,489620.0,True,323.0,15.3
WS/MP18253/2024-2025/139733,BAPI HALDAR,West Bengal,MATHURAPUR(SC),"Construction of roads, link roads, pathways or any other road with or without drainage system",600000.0,True,642.0,15.3
WS/MP681/2024-2025/144041,Sanjay Haribhau Jadhav,Maharashtra,PARBHANI,"Construction of roads, link roads, pathways or any other road with or without drainage system",1000000.0,True,597.0,15.3
WS/MP710/2024-2025/152564,Vaithilingam Ve,Puducherry,Puducherry,"Construction of roads, link roads, pathways or any other road with or without drainage system",177000.0,False,647.0,15.3
WS/MP681/2024-2025/144038,Sanjay Haribhau Jadhav,Maharashtra,PARBHANI,"Construction of roads, link roads, pathways or any other road with or without drainage system",1000000.0,True,597.0,15.3
,SK NURUL ISLAM,West Bengal,BASIRHAT,Unknown,1500000.0,False,717.0,15.2
WS/MP384/2024-2025/145485,Shri Arjun Ram Meghwal,Rajasthan,BIKANER(SC),Construction of community centers and community halls,700000.0,True,594.0,15.2
WS/MP384/2024-2025/145483,Shri Arjun Ram Meghwal,Rajasthan,BIKANER(SC),Construction of community centers and community halls,700000.0,True,594.0,15.2
WS/MP577/2026-2027/146161,Jaswantsinh Sumanbhai Bhabhor,Gujarat,DAHOD(ST),Construction of public irrigation facilities,300000.0,True,54.0,15.2
WS/MP18253/2024-2025/140040,BAPI HALDAR,West Bengal,MATHURAPUR(SC),"Construction of roads, link roads, pathways or any other road with or without drainage system",200000.0,True,669.0,15.1
,SK NURUL ISLAM,West Bengal,BASIRHAT,Unknown,2000000.0,False,702.0,15.1
,SK NURUL ISLAM,West Bengal,BASIRHAT,Unknown,2000000.0,False,702.0,15.1
WS/MP620/2025-2026/133167,Pralhad Venkatesh Joshi,Karnataka,DHARWAD,Construction of rooms and halls in school and colleges,500000.0,True,339.0,15.0
WS/MP457/2024-2025/154478,D Ravikumar,Tamil Nadu,VILUPPURAM(SC),Crematoriums/energy efficient crematoriums or structures on burial/cremation ground,599128.0,False,637.0,15.0
WS/MP577/2025-2026/133593,Jaswantsinh Sumanbhai Bhabhor,Gujarat,DAHOD(ST),Construction of public irrigation facilities,350000.0,True,233.0,15.0
WS/MP457/2024-2025/149286,D Ravikumar,Tamil Nadu,VILUPPURAM(SC),Crematoriums/energy efficient crematoriums or structures on burial/cremation ground,600000.0,False,667.0,15.0
WS/MP457/2024-2025/154485,D Ravikumar,Tamil Nadu,VILUPPURAM(SC),Crematoriums/energy efficient crematoriums or structures on burial/cremation ground,599312.0,False,637.0,15.0
WS/MP577/2025-2026/138726,Jaswantsinh Sumanbhai Bhabhor,Gujarat,DAHOD(ST),Construction of public irrigation facilities,350000.0,True,205.0,15.0
WS/MP18335/2025-2026/151031,RADHE SHYAM RATHIYA,Chhattisgarh,RAIGARH(ST),Construction of community centers and community halls,800000.0,False,655.0,15.0
WS/MP18336/2024-2025/147599,BRIJMOHAN AGRAWAL,Chhattisgarh,RAIPUR,Construction of community centers and community halls,1000000.0,True,607.0,15.0
WS/MP18253/2024-2025/139731,BAPI HALDAR,West Bengal,MATHURAPUR(SC),"Construction of roads, link roads, pathways or any other road with or without drainage system",500000.0,True,642.0,14.9
WS/MP18253/2024-2025/139735,BAPI HALDAR,West Bengal,MATHURAPUR(SC),"Construction of roads, link roads, pathways or any other road with or without drainage system",500000.0,True,642.0,14.9
WS/MP423/2024-2025/138922,Shri Abhishek Banerjee,West Bengal,DIAMOND HARBOUR,Construction of public libraries and reading rooms,1500000.0,True,607.0,14.9
WS/MP18253/2024-2025/139737,BAPI HALDAR,West Bengal,MATHURAPUR(SC),"Construction of roads, link roads, pathways or any other road with or without drainage system",500000.0,True,642.0,14.9
WS/MP18253/2024-2025/139736,BAPI HALDAR,West Bengal,MATHURAPUR(SC),"Construction of roads, link roads, pathways or any other road with or without drainage system",500000.0,True,642.0,14.9
WS/MP457/2024-2025/154479,D Ravikumar,Tamil Nadu,VILUPPURAM(SC),Crematoriums/energy efficient crematoriums or structures on burial/cremation ground,599823.0,False,637.0,14.9
WS/MP18248/2024-2025/150920,DR. SHARMILA SARKAR,West Bengal,BARDHAMAN PURBA(SC),Retrofitting in essential lifeline buildings,200000.0,False,656.0,14.9
WS/MP457/2024-2025/149283,D Ravikumar,Tamil Nadu,VILUPPURAM(SC),Crematoriums/energy efficient crematoriums or structures on burial/cremation ground,599667.0,False,667.0,14.8
WS/MP577/2025-2026/140782,Jaswantsinh Sumanbhai Bhabhor,Gujarat,DAHOD(ST),Construction of public irrigation facilities,300000.0,True,499.0,14.8
WS/MP457/2024-2025/149287,D Ravikumar,Tamil Nadu,VILUPPURAM(SC),Crematoriums/energy efficient crematoriums or structures on burial/cremation ground,599764.0,False,667.0,14.8
WS/MP457/2024-2025/149291,D Ravikumar,Tamil Nadu,VILUPPURAM(SC),Crematoriums/energy efficient crematoriums or structures on burial/cremation ground,599764.0,False,667.0,14.8
WS/MP561/2024-2025/142717,Ravi Shankar Prasad,Bihar,PATNA SAHIB,Installing hand pumps,73753.0,True,642.0,14.8
WS/MP457/2024-2025/154480,D Ravikumar,Tamil Nadu,VILUPPURAM(SC),Crematoriums/energy efficient crematoriums or structures on burial/cremation ground,599767.0,False,637.0,14.8
WS/MP526/2026-2027/152487,Y S Avinash Reddy,Andhra Pradesh,KADAPA,Providing drains and gutters for public drainage,500000.0,False,647.0,14.7
WS/MP18051/2024-2025/153825,ROOP KUMARI CHOUDHARY,Chhattisgarh,MAHASAMUND,Construction of common work sheds/ common covered sitting area,500000.0,False,640.0,14.7
WS/MP526/2026-2027/152486,Y S Avinash Reddy,Andhra Pradesh,KADAPA,Providing drains and gutters for public drainage,500000.0,False,647.0,14.7
WS/MP858/2025-2026/140494,Asit Kumar Mal,West Bengal,BOLPUR(SC),"Construction of roads, link roads, pathways or any other road with or without drainage system",357000.0,True,466.0,14.7
WS/MP479/2024-2025/138684,Saumitra khan,West Bengal,BISHNUPUR(SC),Construction of common work sheds/ common covered sitting area,649868.0,True,594.0,14.6
,SK NURUL ISLAM,West Bengal,BASIRHAT,Unknown,1000000.0,False,702.0,14.6
WS/MP479/2024-2025/138682,Saumitra khan,West Bengal,BISHNUPUR(SC),Construction of common work sheds/ common covered sitting area,647613.0,True,594.0,14.6
WS/MP526/2024-2025/143788,Y S Avinash Reddy,Andhra Pradesh,KADAPA,Installing tube-wells and borewells,200000.0,True,643.0,14.6
WS/MP577/2024-2025/140754,Jaswantsinh Sumanbhai Bhabhor,Gujarat,DAHOD(ST),Construction of public irrigation facilities,400000.0,True,525.0,14.5
WS/MP577/2024-2025/140755,Jaswantsinh Sumanbhai Bhabhor,Gujarat,DAHOD(ST),Construction of public irrigation facilities,400000.0,True,525.0,14.5
WS/MP643/2024-2025/136987,Gyaneshwar Patil,Madhya Pradesh,KHANDWA,Purchase of mobile water tankers,190546.0,True,601.0,14.5
WS/MP643/2024-2025/136986,Gyaneshwar Patil,Madhya Pradesh,KHANDWA,Purchase of mobile water tankers,190546.0,True,601.0,14.5
WS/MP643/2024-2025/136985,Gyaneshwar Patil,Madhya Pradesh,KHANDWA,Purchase of mobile water tankers,190546.0,True,601.0,14.5
WS/MP18336/2025-2026/153252,BRIJMOHAN AGRAWAL,Chhattisgarh,RAIPUR,Construction of rooms and halls in school and colleges,500000.0,False,636.0,14.5
WS/MP829/2024-2025/141022,Smt Sajda Ahmed,West Bengal,ULUBERIA,Installing tube-wells and borewells,129870.0,True,562.0,14.5
WS/MP18248/2024-2025/150924,DR. SHARMILA SARKAR,West Bengal,BARDHAMAN PURBA(SC),Construction of community centers and community halls,300000.0,False,656.0,14.5
WS/MP18159/2024-2025/136714,BHUPENDER YADAV,Rajasthan,ALWAR,Installing tube-wells and borewells,1500000.0,True,628.0,14.5
WS/MP18188/2025-2026/154619,KONDA VISHWESHWAR REDDY,Telangana,CHELVELLA,"Construction of roads, link roads, pathways or any other road with or without drainage system",500000.0,False,636.0,14.5
,Kakoli Ghosh Dastidar,West Bengal,BARASAT,Unknown,1440000.0,False,707.0,14.4
WS/MP681/2024-2025/144040,Sanjay Haribhau Jadhav,Maharashtra,PARBHANI,"Construction of roads, link roads, pathways or any other road with or without drainage system",700000.0,True,593.0,14.4
WS/MP18106/2024-2025/142106,SHIVMANGAL SINGH TOMAR,Madhya Pradesh,MORENA,Construction of culverts and bridges,800000.0,True,615.0,14.3
WS/MP243/2024-2025/141111,Kakoli Ghosh Dastidar,West Bengal,BARASAT,Development of public parks,600000.0,True,598.0,14.3
WS/MP18106/2024-2025/147302,SHIVMANGAL SINGH TOMAR,Madhya Pradesh,MORENA,Construction of culverts and bridges,800000.0,True,615.0,14.3
WS/MP18031/2026-2027/149015,ABHAY KUMAR SINHA,Bihar,AURANGABAD_BR,Lighting of public spaces,299000.0,False,670.0,14.2
WS/MP18031/2026-2027/149010,ABHAY KUMAR SINHA,Bihar,AURANGABAD_BR,Lighting of public spaces,299000.0,False,670.0,14.2
WS/MP18031/2026-2027/149011,ABHAY KUMAR SINHA,Bihar,AURANGABAD_BR,Lighting of public spaces,299000.0,False,670.0,14.2
WS/MP18031/2026-2027/149014,ABHAY KUMAR SINHA,Bihar,AURANGABAD_BR,Lighting of public spaces,299000.0,False,670.0,14.2
WS/MP681/2024-2025/144067,Sanjay Haribhau Jadhav,Maharashtra,PARBHANI,"Construction of roads, link roads, pathways or any other road with or without drainage system",500000.0,True,593.0,14.2
WS/MP18031/2026-2027/149021,ABHAY KUMAR SINHA,Bihar,AURANGABAD_BR,Lighting of public spaces,299000.0,False,670.0,14.2
WS/MP600/2025-2026/148229,Jitendra Singh,Jammu And Kashmir,UDHAMPUR,Construction of common work sheds/ common covered sitting area,168000.0,True,410.0,14.2
,Kakoli Ghosh Dastidar,West Bengal,BARASAT,Unknown,1000000.0,False,707.0,14.1
WS/MP18106/2024-2025/146793,SHIVMANGAL SINGH TOMAR,Madhya Pradesh,MORENA,Construction of culverts and bridges,800000.0,True,626.0,14.1
WS/MP577/2025-2026/133571,Jaswantsinh Sumanbhai Bhabhor,Gujarat,DAHOD(ST),Providing drains and gutters for public drainage,250000.0,True,499.0,14.1
WS/MP577/2024-2025/140777,Jaswantsinh Sumanbhai Bhabhor,Gujarat,DAHOD(ST),Providing drains and gutters for public drainage,250000.0,True,592.0,14.1
WS/MP577/2025-2026/133570,Jaswantsinh Sumanbhai Bhabhor,Gujarat,DAHOD(ST),Providing drains and gutters for public drainage,250000.0,True,499.0,14.1
WS/MP18106/2024-2025/146791,SHIVMANGAL SINGH TOMAR,Madhya Pradesh,MORENA,Construction of culverts and bridges,800000.0,True,627.0,14.1
,Kakoli Ghosh Dastidar,West Bengal,BARASAT,Unknown,1000000.0,False,707.0,14.1
,Kakoli Ghosh Dastidar,West Bengal,BARASAT,Unknown,1000000.0,False,707.0,14.1
WS/MP18106/2024-2025/142105,SHIVMANGAL SINGH TOMAR,Madhya Pradesh,MORENA,Construction of culverts and bridges,800000.0,True,615.0,14.0
WS/MP18263/2025-2026/151980,KOTA SRINIVAS POOJARY,Karnataka,UDUPI CHIKMAGALUR,Construction of culverts and bridges,500000.0,False,650.0,14.0
WS/MP18263/2025-2026/150109,KOTA SRINIVAS POOJARY,Karnataka,UDUPI CHIKMAGALUR,"Construction of roads, link roads, pathways or any other road with or without drainage system",1000000.0,False,662.0,14.0
WS/MP18353/2024-2025/136729,RACHNA BANERJEE,West Bengal,HOOGHLY,"Construction of rooms and facilities for hospitals, FWC , PHC Centers and ANM centers",2500000.0,True,688.0,13.9
WS/MP18321/2024-2025/152525,SHOBHANABEN MAHENDRASINH BARAIYA,Gujarat,SABARKANTHA,"Construction of roads, link roads, pathways or any other road with or without drainage system",500000.0,False,647.0,13.8
,DR KALGE SHIVAJI BANDAPPA,Maharashtra,LATUR(SC),Unknown,500000.0,False,682.0,13.8
WS/MP18177/2024-2025/149274,K E PRAKASH,Tamil Nadu,ERODE,Street lights,965985.0,False,667.0,13.8
WS/MP716/2024-2025/142661,Smt Harsimrat Kaur Badal,Punjab,BHATINDA,Installation of multi-gym equipment,150000.0,True,639.0,13.8
WS/MP429/2025-2026/143884,Jyotsna Charandas Mahant,Chhattisgarh,KORBA,Construction of common work sheds/ common covered sitting area,250000.0,True,481.0,13.8
WS/MP716/2024-2025/141814,Smt Harsimrat Kaur Badal,Punjab,BHATINDA,Installing community drinking water plants,100000.0,True,653.0,13.8
WS/MP18336/2025-2026/147580,BRIJMOHAN AGRAWAL,Chhattisgarh,RAIPUR,Construction of additional rooms and halls in the existing public and community building,500000.0,True,205.0,13.7
WS/MP18336/2025-2026/147579,BRIJMOHAN AGRAWAL,Chhattisgarh,RAIPUR,Construction of additional rooms and halls in the existing public and community building,500000.0,True,313.0,13.7
WS/MP18106/2024-2025/146792,SHIVMANGAL SINGH TOMAR,Madhya Pradesh,MORENA,Construction of culverts and bridges,800000.0,True,591.0,13.7
WS/MP18323/2025-2026/146867,DR KALGE SHIVAJI BANDAPPA,Maharashtra,LATUR(SC),"Construction of roads, link roads, pathways or any other road with or without drainage system",991000.0,True,186.0,13.6
WS/MP18250/2026-2027/140437,SK NURUL ISLAM,West Bengal,BASIRHAT,Development of playground,1000000.0,True,61.0,13.6
WS/MP755/2024-2025/151520,Thalikkottai Rajuthevar Baalu,Tamil Nadu,SRIPERUMBUDUR,Construction of buildings for crèches and anganwadies,1549631.0,False,652.0,13.5
WS/MP755/2024-2025/151521,Thalikkottai Rajuthevar Baalu,Tamil Nadu,SRIPERUMBUDUR,Construction of buildings for crèches and anganwadies,1548605.0,False,652.0,13.5
WS/MP755/2025-2026/151519,Thalikkottai Rajuthevar Baalu,Tamil Nadu,SRIPERUMBUDUR,Construction of buildings for crèches and anganwadies,1549952.0,False,652.0,13.5
WS/MP18336/2024-2025/153251,BRIJMOHAN AGRAWAL,Chhattisgarh,RAIPUR,Construction of additional rooms and halls in the existing public and community building,550000.0,False,636.0,13.5
,SK NURUL ISLAM,West Bengal,BASIRHAT,Unknown,920000.0,False,717.0,13.4
WS/MP632/2024-2025/134106,Anto Antony,Kerala,PATHANAMTHITTA,"Construction of roads, link roads, pathways or any other road with or without drainage system",286879.0,True,633.0,13.4
WS/MP18051/2024-2025/149176,ROOP KUMARI CHOUDHARY,Chhattisgarh,MAHASAMUND,Construction of buildings for community cultural activities,300000.0,False,669.0,13.4
WS/MP351/2025-2026/147565,Shri Kumbakudi Sudhakaran,Kerala,KANNUR,"Purchase of prosthetics, wheel chairs, tricycles (manual or motorized), elect scooties, hearing aids",105000.0,True,341.0,13.3
WS/MP18324/2024-2025/151122,BHARATBHAI MANUBHAI SUTARIYA,Gujarat,AMRELI,Crematoriums/energy efficient crematoriums or structures on burial/cremation ground,300000.0,False,655.0,13.3
WS/MP18336/2024-2025/147575,BRIJMOHAN AGRAWAL,Chhattisgarh,RAIPUR,Construction of community centers and community halls,400000.0,True,584.0,13.3
WS/MP18193/2025-2026/150656,EATALA RAJENDER,Telangana,MALKAJGIRI,Providing CCTV camera system for security of public areas,100000.0,False,657.0,13.3
WS/MP351/2025-2026/147561,Shri Kumbakudi Sudhakaran,Kerala,KANNUR,"Purchase of prosthetics, wheel chairs, tricycles (manual or motorized), elect scooties, hearing aids",105000.0,True,341.0,13.3
WS/MP18121/2025-2026/146783,SMITA UDAY WAGH,Maharashtra,JALGAON,"Construction of roads, link roads, pathways or any other road with or without drainage system",2000000.0,True,458.0,13.3
WS/MP351/2025-2026/147562,Shri Kumbakudi Sudhakaran,Kerala,KANNUR,"Purchase of prosthetics, wheel chairs, tricycles (manual or motorized), elect scooties, hearing aids",105000.0,True,341.0,13.3
WS/MP351/2025-2026/147563,Shri Kumbakudi Sudhakaran,Kerala,KANNUR,"Purchase of prosthetics, wheel chairs, tricycles (manual or motorized), elect scooties, hearing aids",105000.0,True,341.0,13.3
WS/MP351/2025-2026/147564,Shri Kumbakudi Sudhakaran,Kerala,KANNUR,"Purchase of prosthetics, wheel chairs, tricycles (manual or motorized), elect scooties, hearing aids",105000.0,True,341.0,13.3
,KOTA SRINIVAS POOJARY,Karnataka,UDUPI CHIKMAGALUR,Unknown,500000.0,False,663.0,13.1
,KOTA SRINIVAS POOJARY,Karnataka,UDUPI CHIKMAGALUR,Unknown,500000.0,False,663.0,13.1
WS/MP643/2024-2025/136029,Gyaneshwar Patil,Madhya Pradesh,KHANDWA,Purchase of mobile water tankers,190546.0,True,711.0,13.0
WS/MP18335/2024-2025/152912,RADHE SHYAM RATHIYA,Chhattisgarh,RAIGARH(ST),"Construction of roads, link roads, pathways or any other road with or without drainage system",700000.0,False,644.0,13.0
WS/MP643/2024-2025/136024,Gyaneshwar Patil,Madhya Pradesh,KHANDWA,Purchase of mobile water tankers,190546.0,True,711.0,13.0
WS/MP643/2024-2025/136022,Gyaneshwar Patil,Madhya Pradesh,KHANDWA,Purchase of mobile water tankers,190546.0,True,711.0,13.0
WS/MP643/2024-2025/136018,Gyaneshwar Patil,Madhya Pradesh,KHANDWA,Purchase of mobile water tankers,190546.0,True,711.0,13.0
WS/MP643/2024-2025/136028,Gyaneshwar Patil,Madhya Pradesh,KHANDWA,Purchase of mobile water tankers,190546.0,True,711.0,13.0
WS/MP643/2024-2025/136020,Gyaneshwar Patil,Madhya Pradesh,KHANDWA,Purchase of mobile water tankers,190546.0,True,711.0,13.0
WS/MP643/2024-2025/136031,Gyaneshwar Patil,Madhya Pradesh,KHANDWA,Purchase of mobile water tankers,190546.0,True,711.0,13.0
,SK NURUL ISLAM,West Bengal,BASIRHAT,Unknown,792000.0,False,717.0,13.0
WS/MP643/2024-2025/136030,Gyaneshwar Patil,Madhya Pradesh,KHANDWA,Purchase of mobile water tankers,190546.0,True,711.0,13.0
WS/MP643/2024-2025/136017,Gyaneshwar Patil,Madhya Pradesh,KHANDWA,Purchase of mobile water tankers,190546.0,True,711.0,13.0
WS/MP643/2024-2025/136019,Gyaneshwar Patil,Madhya Pradesh,KHANDWA,Purchase of mobile water tankers,190546.0,True,711.0,13.0
WS/MP643/2024-2025/136026,Gyaneshwar Patil,Madhya Pradesh,KHANDWA,Purchase of mobile water tankers,190546.0,True,711.0,13.0
WS/MP643/2024-2025/136027,Gyaneshwar Patil,Madhya Pradesh,KHANDWA,Purchase of mobile water tankers,190546.0,True,711.0,13.0
WS/MP643/2024-2025/136032,Gyaneshwar Patil,Madhya Pradesh,KHANDWA,Purchase of mobile water tankers,190546.0,True,711.0,13.0
WS/MP370/2025-2026/145373,Shri Jual Oram,Odisha,SUNDARGARH (ST),Improvement of electricity distribution infrastructure,998256.0,True,367.0,13.0
WS/MP643/2024-2025/136021,Gyaneshwar Patil,Madhya Pradesh,KHANDWA,Purchase of mobile water tankers,190546.0,True,711.0,13.0
WS/MP643/2024-2025/136023,Gyaneshwar Patil,Madhya Pradesh,KHANDWA,Purchase of mobile water tankers,190546.0,True,711.0,13.0
WS/MP643/2024-2025/136025,Gyaneshwar Patil,Madhya Pradesh,KHANDWA,Purchase of mobile water tankers,190546.0,True,711.0,13.0
WS/MP243/2025-2026/141130,Kakoli Ghosh Dastidar,West Bengal,BARASAT,Providing CCTV camera system for security of public areas,112000.0,True,366.0,12.9
WS/MP243/2025-2026/141138,Kakoli Ghosh Dastidar,West Bengal,BARASAT,Providing CCTV camera system for security of public areas,112000.0,True,366.0,12.9
WS/MP243/2025-2026/141132,Kakoli Ghosh Dastidar,West Bengal,BARASAT,Providing CCTV camera system for security of public areas,112000.0,True,366.0,12.9
WS/MP243/2025-2026/141139,Kakoli Ghosh Dastidar,West Bengal,BARASAT,Providing CCTV camera system for security of public areas,112000.0,True,366.0,12.9
WS/MP243/2025-2026/141126,Kakoli Ghosh Dastidar,West Bengal,BARASAT,Providing CCTV camera system for security of public areas,112000.0,True,366.0,12.9
WS/MP243/2025-2026/141131,Kakoli Ghosh Dastidar,West Bengal,BARASAT,Providing CCTV camera system for security of public areas,112000.0,True,366.0,12.9
WS/MP243/2025-2026/141129,Kakoli Ghosh Dastidar,West Bengal,BARASAT,Providing CCTV camera system for security of public areas,112000.0,True,366.0,12.9
WS/MP243/2025-2026/141144,Kakoli Ghosh Dastidar,West Bengal,BARASAT,Providing CCTV camera system for security of public areas,112000.0,True,366.0,12.9
WS/MP243/2025-2026/141145,Kakoli Ghosh Dastidar,West Bengal,BARASAT,Providing CCTV camera system for security of public areas,112000.0,True,366.0,12.9
WS/MP243/2025-2026/141133,Kakoli Ghosh Dastidar,West Bengal,BARASAT,Providing CCTV camera system for security of public areas,112000.0,True,366.0,12.9
WS/MP429/2025-2026/143879,Jyotsna Charandas Mahant,Chhattisgarh,KORBA,Construction of common work sheds/ common covered sitting area,300000.0,True,452.0,12.9
WS/MP243/2025-2026/141142,Kakoli Ghosh Dastidar,West Bengal,BARASAT,Providing CCTV camera system for security of public areas,112000.0,True,366.0,12.9
WS/MP243/2025-2026/141134,Kakoli Ghosh Dastidar,West Bengal,BARASAT,Providing CCTV camera system for security of public areas,112000.0,True,366.0,12.9
WS/MP243/2025-2026/141128,Kakoli Ghosh Dastidar,West Bengal,BARASAT,Providing CCTV camera system for security of public areas,112000.0,True,366.0,12.9
WS/MP243/2025-2026/141140,Kakoli Ghosh Dastidar,West Bengal,BARASAT,Providing CCTV camera system for security of public areas,112000.0,True,366.0,12.9
WS/MP243/2025-2026/141135,Kakoli Ghosh Dastidar,West Bengal,BARASAT,Providing CCTV camera system for security of public areas,112000.0,True,366.0,12.9
WS/MP243/2025-2026/141121,Kakoli Ghosh Dastidar,West Bengal,BARASAT,Providing CCTV camera system for security of public areas,112000.0,True,366.0,12.9
WS/MP243/2025-2026/141124,Kakoli Ghosh Dastidar,West Bengal,BARASAT,Providing CCTV camera system for security of public areas,112000.0,True,366.0,12.9
WS/MP243/2025-2026/141125,Kakoli Ghosh Dastidar,West Bengal,BARASAT,Providing CCTV camera system for security of public areas,112000.0,True,366.0,12.9
WS/MP243/2025-2026/141127,Kakoli Ghosh Dastidar,West Bengal,BARASAT,Providing CCTV camera system for security of public areas,112000.0,True,366.0,12.9
WS/MP243/2025-2026/141123,Kakoli Ghosh Dastidar,West Bengal,BARASAT,Providing CCTV camera system for security of public areas,112000.0,True,366.0,12.9
WS/MP243/2025-2026/141136,Kakoli Ghosh Dastidar,West Bengal,BARASAT,Providing CCTV camera system for security of public areas,112000.0,True,366.0,12.9
WS/MP243/2025-2026/141148,Kakoli Ghosh Dastidar,West Bengal,BARASAT,Providing CCTV camera system for security of public areas,112000.0,True,366.0,12.9
WS/MP243/2025-2026/141143,Kakoli Ghosh Dastidar,West Bengal,BARASAT,Providing CCTV camera system for security of public areas,112000.0,True,366.0,12.9
WS/MP243/2025-2026/141137,Kakoli Ghosh Dastidar,West Bengal,BARASAT,Providing CCTV camera system for security of public areas,112000.0,True,366.0,12.9
WS/MP243/2025-2026/141147,Kakoli Ghosh Dastidar,West Bengal,BARASAT,Providing CCTV camera system for security of public areas,112000.0,True,366.0,12.9
WS/MP243/2025-2026/141146,Kakoli Ghosh Dastidar,West Bengal,BARASAT,Providing CCTV camera system for security of public areas,112000.0,True,366.0,12.9
WS/MP479/2024-2025/138666,Saumitra khan,West Bengal,BISHNUPUR(SC),Construction of community centers and community halls,1300000.0,True,594.0,12.9
,SK NURUL ISLAM,West Bengal,BASIRHAT,Unknown,500000.0,False,710.0,12.9
WS/MP243/2025-2026/141141,Kakoli Ghosh Dastidar,West Bengal,BARASAT,Providing CCTV camera system for security of public areas,112000.0,True,366.0,12.9
WS/MP243/2025-2026/141122,Kakoli Ghosh Dastidar,West Bengal,BARASAT,Providing CCTV camera system for security of public areas,112000.0,True,366.0,12.9
WS/MP243/2025-2026/147545,Kakoli Ghosh Dastidar,West Bengal,BARASAT,Lighting of public spaces,440000.0,True,345.0,12.9
,SK NURUL ISLAM,West Bengal,BASIRHAT,Unknown,500000.0,False,717.0,12.9
WS/MP18353/2024-2025/138639,RACHNA BANERJEE,West Bengal,HOOGHLY,"Construction of rooms and facilities for hospitals, FWC , PHC Centers and ANM centers",3093826.0,True,626.0,12.8
WS/MP18253/2024-2025/139726,BAPI HALDAR,West Bengal,MATHURAPUR(SC),"Construction of roads, link roads, pathways or any other road with or without drainage system",400000.0,True,642.0,12.8
WS/MP18253/2024-2025/139739,BAPI HALDAR,West Bengal,MATHURAPUR(SC),"Construction of roads, link roads, pathways or any other road with or without drainage system",400000.0,True,642.0,12.8
,KOTA SRINIVAS POOJARY,Karnataka,UDUPI CHIKMAGALUR,Unknown,400000.0,False,663.0,12.8
,KOTA SRINIVAS POOJARY,Karnataka,UDUPI CHIKMAGALUR,Unknown,400000.0,False,663.0,12.8
,SK NURUL ISLAM,West Bengal,BASIRHAT,Unknown,570000.0,False,717.0,12.7
WS/MP18232/2025-2026/144144,HARENDRA SINGH MALIK,Uttar Pradesh,MUZAFFARNAGAR,"Construction of roads, link roads, pathways or any other road with or without drainage system",1199000.0,True,257.0,12.7
WS/MP18232/2025-2026/144145,HARENDRA SINGH MALIK,Uttar Pradesh,MUZAFFARNAGAR,"Construction of roads, link roads, pathways or any other road with or without drainage system",1199000.0,True,257.0,12.7
WS/MP18051/2024-2025/149995,ROOP KUMARI CHOUDHARY,Chhattisgarh,MAHASAMUND,Construction of buildings for community cultural activities,250000.0,False,663.0,12.7
,Kakoli Ghosh Dastidar,West Bengal,BARASAT,Unknown,500000.0,False,657.0,12.7
WS/MP643/2024-2025/146344,Gyaneshwar Patil,Madhya Pradesh,KHANDWA,Construction of common work sheds/ common covered sitting area,250000.0,True,579.0,12.6
,DR KALGE SHIVAJI BANDAPPA,Maharashtra,LATUR(SC),Unknown,300000.0,False,682.0,12.6
WS/MP18106/2024-2025/142118,SHIVMANGAL SINGH TOMAR,Madhya Pradesh,MORENA,"Construction of roads, link roads, pathways or any other road with or without drainage system",800000.0,True,684.0,12.6
WS/MP716/2024-2025/142656,Smt Harsimrat Kaur Badal,Punjab,BHATINDA,Installation of multi-gym equipment,250000.0,True,639.0,12.5
WS/MP479/2024-2025/138330,Saumitra khan,West Bengal,BISHNUPUR(SC),Construction of rooms and halls in school and colleges,650000.0,True,618.0,12.5
,Kakoli Ghosh Dastidar,West Bengal,BARASAT,Unknown,600000.0,False,707.0,12.5
WS/MP643/2024-2025/136988,Gyaneshwar Patil,Madhya Pradesh,KHANDWA,Purchase of mobile water tankers,190546.0,True,711.0,12.5
WS/MP481/2025-2026/155307,Khalilur Rahaman,West Bengal,JANGIPUR,Construction of rooms and halls in school and colleges,700000.0,False,537.0,12.4
,Kakoli Ghosh Dastidar,West Bengal,BARASAT,Unknown,700000.0,False,707.0,12.4
WS/MP479/2024-2025/138772,Saumitra khan,West Bengal,BISHNUPUR(SC),Development of playground,2774787.0,True,618.0,12.4
WS/MP18324/2025-2026/153750,BHARATBHAI MANUBHAI SUTARIYA,Gujarat,AMRELI,Construction of rainwater harvesting structures,200000.0,False,640.0,12.3
WS/MP18324/2024-2025/153737,BHARATBHAI MANUBHAI SUTARIYA,Gujarat,AMRELI,Construction of common work sheds/ common covered sitting area,200000.0,False,640.0,12.3
WS/MP526/2024-2025/146056,Y S Avinash Reddy,Andhra Pradesh,KADAPA,"Construction of rooms and facilities for hospitals, FWC , PHC Centers and ANM centers",250000.0,True,593.0,12.2
WS/MP18121/2024-2025/146636,SMITA UDAY WAGH,Maharashtra,JALGAON,"Construction of roads, link roads, pathways or any other road with or without drainage system",700000.0,True,515.0,12.1
,SK NURUL ISLAM,West Bengal,BASIRHAT,Unknown,850000.0,False,717.0,12.1
WS/MP18390/2025-2026/146087,AFZAL ANSARI,Uttar Pradesh,GHAZIPUR,Installing hand pumps,341400.0,True,417.0,12.1
,SK NURUL ISLAM,West Bengal,BASIRHAT,Unknown,850000.0,False,717.0,12.1
WS/MP18253/2024-2025/139952,BAPI HALDAR,West Bengal,MATHURAPUR(SC),"Construction of roads, link roads, pathways or any other road with or without drainage system",349580.0,True,622.0,12.1
WS/MP18390/2025-2026/146085,AFZAL ANSARI,Uttar Pradesh,GHAZIPUR,Installing hand pumps,341400.0,True,417.0,12.1
WS/MP18253/2024-2025/139950,BAPI HALDAR,West Bengal,MATHURAPUR(SC),"Construction of roads, link roads, pathways or any other road with or without drainage system",348976.0,True,622.0,12.0
WS/MP643/2024-2025/146413,Gyaneshwar Patil,Madhya Pradesh,KHANDWA,Construction of common work sheds/ common covered sitting area,250000.0,True,601.0,12.0
WS/MP18324/2025-2026/155167,BHARATBHAI MANUBHAI SUTARIYA,Gujarat,AMRELI,Construction of common work sheds/ common covered sitting area,500000.0,False,635.0,11.9
WS/MP858/2025-2026/149201,Asit Kumar Mal,West Bengal,BOLPUR(SC),Construction of footpaths and pedestrian ways,1500000.0,False,669.0,11.9
WS/MP18353/2025-2026/138637,RACHNA BANERJEE,West Bengal,HOOGHLY,Construction of toilet blocks,347023.0,True,251.0,11.9
WS/MP18324/2025-2026/155169,BHARATBHAI MANUBHAI SUTARIYA,Gujarat,AMRELI,Construction of common work sheds/ common covered sitting area,500000.0,False,635.0,11.9
WS/MP18324/2025-2026/155172,BHARATBHAI MANUBHAI SUTARIYA,Gujarat,AMRELI,Construction of common work sheds/ common covered sitting area,500000.0,False,635.0,11.9
WS/MP643/2024-2025/147088,Gyaneshwar Patil,Madhya Pradesh,KHANDWA,Development of public parks,250000.0,True,529.0,11.9
WS/MP18336/2024-2025/147591,BRIJMOHAN AGRAWAL,Chhattisgarh,RAIPUR,Construction of community centers and community halls,500000.0,True,584.0,11.8
WS/MP18336/2024-2025/147596,BRIJMOHAN AGRAWAL,Chhattisgarh,RAIPUR,Construction of community centers and community halls,500000.0,True,612.0,11.8
WS/MP18336/2024-2025/147576,BRIJMOHAN AGRAWAL,Chhattisgarh,RAIPUR,Construction of community centers and community halls,500000.0,True,584.0,11.8
WS/MP18336/2024-2025/147601,BRIJMOHAN AGRAWAL,Chhattisgarh,RAIPUR,Construction of community centers and community halls,500000.0,True,612.0,11.8
WS/MP481/2025-2026/155306,Khalilur Rahaman,West Bengal,JANGIPUR,Purchase of non-conventional energy system and devices for community use,560000.0,False,537.0,11.7
WS/MP485/2024-2025/134791,Pratima Mondal,West Bengal,JOYNAGAR(SC),Street lights,227469.0,True,622.0,11.6
WS/MP479/2024-2025/138671,Saumitra khan,West Bengal,BISHNUPUR(SC),Construction of common work sheds/ common covered sitting area,447332.0,True,594.0,11.5
WS/MP18357/2024-2025/148885,JYOTIRADITYA M. SCINDIA,Madhya Pradesh,GUNA,"Construction of roads, link roads, pathways or any other road with or without drainage system",1000000.0,True,598.0,11.4
WS/MP18336/2025-2026/153253,BRIJMOHAN AGRAWAL,Chhattisgarh,RAIPUR,Construction of additional rooms and halls in the existing public and community building,500000.0,False,636.0,11.4
WS/MP829/2024-2025/139363,Smt Sajda Ahmed,West Bengal,ULUBERIA,Construction of rooms and halls in school and colleges,500000.0,True,551.0,11.4
WS/MP18394/2024-2025/147466,V S Matheswaran,Tamil Nadu,NAMAKKAL,Construction of water tanks,960819.0,True,656.0,11.3
WS/MP632/2024-2025/142397,Anto Antony,Kerala,PATHANAMTHITTA,"Construction of roads, link roads, pathways or any other road with or without drainage system",500000.0,True,621.0,11.3
WS/MP829/2025-2026/141020,Smt Sajda Ahmed,West Bengal,ULUBERIA,"Construction of rooms and facilities for hospitals, FWC , PHC Centers and ANM centers",1500000.0,True,425.0,11.3
WS/MP620/2024-2025/133311,Pralhad Venkatesh Joshi,Karnataka,DHARWAD,Construction of buildings for community cultural activities,250000.0,True,731.0,11.3
WS/MP243/2025-2026/152045,Kakoli Ghosh Dastidar,West Bengal,BARASAT,Providing CCTV camera system for security of public areas,112000.0,False,650.0,11.3
WS/MP243/2025-2026/152047,Kakoli Ghosh Dastidar,West Bengal,BARASAT,Providing CCTV camera system for security of public areas,112000.0,False,650.0,11.3
WS/MP243/2025-2026/152049,Kakoli Ghosh Dastidar,West Bengal,BARASAT,Providing CCTV camera system for security of public areas,112000.0,False,650.0,11.3
WS/MP243/2025-2026/152044,Kakoli Ghosh Dastidar,West Bengal,BARASAT,Providing CCTV camera system for security of public areas,112000.0,False,650.0,11.3
WS/MP243/2025-2026/152041,Kakoli Ghosh Dastidar,West Bengal,BARASAT,Providing CCTV camera system for security of public areas,112000.0,False,650.0,11.3
WS/MP243/2025-2026/152043,Kakoli Ghosh Dastidar,West Bengal,BARASAT,Providing CCTV camera system for security of public areas,112000.0,False,650.0,11.3
WS/MP243/2025-2026/152042,Kakoli Ghosh Dastidar,West Bengal,BARASAT,Providing CCTV camera system for security of public areas,112000.0,False,650.0,11.3
WS/MP243/2025-2026/152038,Kakoli Ghosh Dastidar,West Bengal,BARASAT,Providing CCTV camera system for security of public areas,112000.0,False,650.0,11.3
WS/MP243/2025-2026/152039,Kakoli Ghosh Dastidar,West Bengal,BARASAT,Providing CCTV camera system for security of public areas,112000.0,False,650.0,11.3
WS/MP243/2025-2026/152040,Kakoli Ghosh Dastidar,West Bengal,BARASAT,Providing CCTV camera system for security of public areas,112000.0,False,650.0,11.3
,SK NURUL ISLAM,West Bengal,BASIRHAT,Unknown,440000.0,False,703.0,11.3
,SK NURUL ISLAM,West Bengal,BASIRHAT,Unknown,440000.0,False,717.0,11.3
WS/MP243/2025-2026/152048,Kakoli Ghosh Dastidar,West Bengal,BARASAT,Providing CCTV camera system for security of public areas,112000.0,False,650.0,11.3
WS/MP243/2025-2026/152046,Kakoli Ghosh Dastidar,West Bengal,BARASAT,Providing CCTV camera system for security of public areas,112000.0,False,650.0,11.3
WS/MP18353/2024-2025/138635,RACHNA BANERJEE,West Bengal,HOOGHLY,Construction of toilet blocks,347080.0,True,537.0,11.2
WS/MP18006/2024-2025/141549,DAGGUMALLA PRASADA RAO,Andhra Pradesh,CHITTOOR,"Construction of roads, link roads, pathways or any other road with or without drainage system",490000.0,True,664.0,11.2
WS/MP18253/2024-2025/139727,BAPI HALDAR,West Bengal,MATHURAPUR(SC),"Construction of roads, link roads, pathways or any other road with or without drainage system",300000.0,True,642.0,11.2
WS/MP577/2024-2025/140779,Jaswantsinh Sumanbhai Bhabhor,Gujarat,DAHOD(ST),"Construction of flood control embankments/ protection walls along riverbanks, hilltops, roadsides",242900.0,True,525.0,11.2
WS/MP18006/2024-2025/141551,DAGGUMALLA PRASADA RAO,Andhra Pradesh,CHITTOOR,"Construction of roads, link roads, pathways or any other road with or without drainage system",490000.0,True,664.0,11.2
WS/MP18253/2024-2025/139734,BAPI HALDAR,West Bengal,MATHURAPUR(SC),"Construction of roads, link roads, pathways or any other road with or without drainage system",300000.0,True,642.0,11.2
WS/MP18353/2024-2025/138634,RACHNA BANERJEE,West Bengal,HOOGHLY,Construction of toilet blocks,347080.0,True,537.0,11.2
WS/MP18353/2024-2025/138636,RACHNA BANERJEE,West Bengal,HOOGHLY,Construction of toilet blocks,347080.0,True,537.0,11.2
,Kakoli Ghosh Dastidar,West Bengal,BARASAT,Unknown,150000.0,False,707.0,11.2
WS/MP18253/2024-2025/139738,BAPI HALDAR,West Bengal,MATHURAPUR(SC),"Construction of roads, link roads, pathways or any other road with or without drainage system",300000.0,True,642.0,11.2
WS/MP18106/2024-2025/142123,SHIVMANGAL SINGH TOMAR,Madhya Pradesh,MORENA,"Construction of roads, link roads, pathways or any other road with or without drainage system",800000.0,True,614.0,11.1
WS/MP243/2025-2026/141152,Kakoli Ghosh Dastidar,West Bengal,BARASAT,Development of public parks,988121.0,True,380.0,11.1
WS/MP18106/2024-2025/142121,SHIVMANGAL SINGH TOMAR,Madhya Pradesh,MORENA,"Construction of roads, link roads, pathways or any other road with or without drainage system",800000.0,True,614.0,11.1
WS/MP243/2025-2026/141151,Kakoli Ghosh Dastidar,West Bengal,BARASAT,Development of public parks,988121.0,True,380.0,11.1
WS/MP18106/2024-2025/147261,SHIVMANGAL SINGH TOMAR,Madhya Pradesh,MORENA,"Construction of roads, link roads, pathways or any other road with or without drainage system",800000.0,True,615.0,11.1
WS/MP18106/2024-2025/142120,SHIVMANGAL SINGH TOMAR,Madhya Pradesh,MORENA,"Construction of roads, link roads, pathways or any other road with or without drainage system",800000.0,True,614.0,11.1
WS/MP243/2025-2026/141153,Kakoli Ghosh Dastidar,West Bengal,BARASAT,Development of public parks,988121.0,True,380.0,11.1
WS/MP18106/2024-2025/142124,SHIVMANGAL SINGH TOMAR,Madhya Pradesh,MORENA,"Construction of roads, link roads, pathways or any other road with or without drainage system",800000.0,True,614.0,11.1
WS/MP18104/2026-2027/153167,DARSHAN SINGH CHOUDHARY,Madhya Pradesh,HOSHANGABAD,Installation of multi-gym equipment,49300.0,False,612.0,11.0
WS/MP485/2025-2026/155317,Pratima Mondal,West Bengal,JOYNAGAR(SC),Construction of rooms and halls in school and colleges,1000000.0,False,634.0,11.0
WS/MP716/2024-2025/142663,Smt Harsimrat Kaur Badal,Punjab,BHATINDA,Construction of community centers and community halls,200000.0,True,639.0,11.0
WS/MP716/2024-2025/142662,Smt Harsimrat Kaur Badal,Punjab,BHATINDA,Construction of community centers and community halls,200000.0,True,639.0,11.0
WS/MP577/2025-2026/138735,Jaswantsinh Sumanbhai Bhabhor,Gujarat,DAHOD(ST),Installing community drinking water plants,1000000.0,True,475.0,11.0
,Kakoli Ghosh Dastidar,West Bengal,BARASAT,Unknown,450000.0,False,707.0,11.0
,Gyaneshwar Patil,Madhya Pradesh,KHANDWA,Unknown,100000.0,False,684.0,11.0
WS/MP812/2024-2025/147517,Vijay Kumar Dubey,Uttar Pradesh,KUSHI NAGAR,"Construction of roads, link roads, pathways or any other road with or without drainage system",300000.0,True,538.0,11.0
WS/MP18104/2026-2027/152595,DARSHAN SINGH CHOUDHARY,Madhya Pradesh,HOSHANGABAD,Installation of multi-gym equipment,49300.0,False,612.0,11.0
WS/MP745/2026-2027/138567,K Subbarayan,Tamil Nadu,TIRUPPUR,Installing tube-wells and borewells,1000000.0,True,61.0,11.0
WS/MP524/2024-2025/151568,Midhun Reddy,Andhra Pradesh,RAJAMPET,Installing tube-wells and borewells,180000.0,False,647.0,11.0
WS/MP812/2024-2025/148929,Vijay Kumar Dubey,Uttar Pradesh,KUSHI NAGAR,"Construction of roads, link roads, pathways or any other road with or without drainage system",295635.0,True,538.0,10.9
WS/MP812/2024-2025/148930,Vijay Kumar Dubey,Uttar Pradesh,KUSHI NAGAR,"Construction of roads, link roads, pathways or any other road with or without drainage system",298530.0,True,538.0,10.9
WS/MP18263/2026-2027/150110,KOTA SRINIVAS POOJARY,Karnataka,UDUPI CHIKMAGALUR,"Construction of roads, link roads, pathways or any other road with or without drainage system",300000.0,False,662.0,10.9
WS/MP18321/2025-2026/152526,SHOBHANABEN MAHENDRASINH BARAIYA,Gujarat,SABARKANTHA,"Construction of roads, link roads, pathways or any other road with or without drainage system",250000.0,False,647.0,10.8
WS/MP577/2025-2026/139075,Jaswantsinh Sumanbhai Bhabhor,Gujarat,DAHOD(ST),Construction of toilet blocks,850000.0,True,323.0,10.8
WS/MP485/2024-2025/154001,Pratima Mondal,West Bengal,JOYNAGAR(SC),Street lights,90000.0,False,639.0,10.7
WS/MP479/2024-2025/138670,Saumitra khan,West Bengal,BISHNUPUR(SC),Construction of community centers and community halls,450000.0,True,594.0,10.7
WS/MP18106/2024-2025/146922,SHIVMANGAL SINGH TOMAR,Madhya Pradesh,MORENA,"Construction of roads, link roads, pathways or any other road with or without drainage system",800000.0,True,615.0,10.7
WS/MP526/2024-2025/147534,Y S Avinash Reddy,Andhra Pradesh,KADAPA,Providing supply pipelines for drinking water,95403.0,True,592.0,10.7
WS/MP18324/2024-2025/153761,BHARATBHAI MANUBHAI SUTARIYA,Gujarat,AMRELI,Construction of community centers and community halls,993012.0,False,640.0,10.6
WS/MP18006/2024-2025/139531,DAGGUMALLA PRASADA RAO,Andhra Pradesh,CHITTOOR,Construction of public irrigation facilities,500000.0,True,664.0,10.6
WS/MP18159/2024-2025/134479,BHUPENDER YADAV,Rajasthan,ALWAR,Installing tube-wells and borewells,150000.0,True,628.0,10.6
WS/MP526/2024-2025/147535,Y S Avinash Reddy,Andhra Pradesh,KADAPA,Providing supply pipelines for drinking water,112100.0,True,592.0,10.6
WS/MP18390/2025-2026/146091,AFZAL ANSARI,Uttar Pradesh,GHAZIPUR,Installing hand pumps,455200.0,True,417.0,10.6
WS/MP429/2024-2025/143882,Jyotsna Charandas Mahant,Chhattisgarh,KORBA,Construction of public toilets and bathrooms,300000.0,True,544.0,10.6
WS/MP526/2024-2025/135773,Y S Avinash Reddy,Andhra Pradesh,KADAPA,Providing supply pipelines for drinking water,400000.0,True,643.0,10.6
WS/MP18336/2024-2025/147593,BRIJMOHAN AGRAWAL,Chhattisgarh,RAIPUR,Construction of additional rooms and halls in the existing public and community building,500000.0,True,591.0,10.5
,Shri Abhishek Banerjee,West Bengal,DIAMOND HARBOUR,Unknown,500000.0,False,717.0,10.5
,Shri Abhishek Banerjee,West Bengal,DIAMOND HARBOUR,Unknown,500000.0,False,717.0,10.5
WS/MP429/2025-2026/143881,Jyotsna Charandas Mahant,Chhattisgarh,KORBA,Construction of buildings for community cultural activities,400000.0,True,480.0,10.5
WS/MP716/2024-2025/142655,Smt Harsimrat Kaur Badal,Punjab,BHATINDA,Purchase of immovable sports equipment,200000.0,True,639.0,10.5
WS/MP479/2024-2025/138368,Saumitra khan,West Bengal,BISHNUPUR(SC),Installing community drinking water plants,269808.0,True,618.0,10.3
WS/MP18263/2025-2026/149964,KOTA SRINIVAS POOJARY,Karnataka,UDUPI CHIKMAGALUR,"Construction of roads, link roads, pathways or any other road with or without drainage system",400000.0,False,663.0,10.3
WS/MP18263/2026-2027/149965,KOTA SRINIVAS POOJARY,Karnataka,UDUPI CHIKMAGALUR,"Construction of roads, link roads, pathways or any other road with or without drainage system",400000.0,False,663.0,10.3
WS/MP18006/2024-2025/141769,DAGGUMALLA PRASADA RAO,Andhra Pradesh,CHITTOOR,Providing drains and gutters for public drainage,1081625.0,True,688.0,10.3
WS/MP18263/2025-2026/149952,KOTA SRINIVAS POOJARY,Karnataka,UDUPI CHIKMAGALUR,"Construction of roads, link roads, pathways or any other road with or without drainage system",400000.0,False,663.0,10.3
WS/MP18263/2025-2026/149961,KOTA SRINIVAS POOJARY,Karnataka,UDUPI CHIKMAGALUR,"Construction of roads, link roads, pathways or any other road with or without drainage system",400000.0,False,663.0,10.3
WS/MP18263/2025-2026/149951,KOTA SRINIVAS POOJARY,Karnataka,UDUPI CHIKMAGALUR,"Construction of roads, link roads, pathways or any other road with or without drainage system",400000.0,False,663.0,10.3
WS/MP526/2024-2025/146050,Y S Avinash Reddy,Andhra Pradesh,KADAPA,Construction of boundary walls of existing public and community buildings,200000.0,True,593.0,10.2
,Shri Kumbakudi Sudhakaran,Kerala,KANNUR,Unknown,643000.0,False,670.0,10.2
WS/MP577/2025-2026/133605,Jaswantsinh Sumanbhai Bhabhor,Gujarat,DAHOD(ST),"Construction of flood control embankments/ protection walls along riverbanks, hilltops, roadsides",250000.0,True,233.0,10.2
WS/MP577/2025-2026/133609,Jaswantsinh Sumanbhai Bhabhor,Gujarat,DAHOD(ST),"Construction of flood control embankments/ protection walls along riverbanks, hilltops, roadsides",250000.0,True,233.0,10.2
WS/MP479/2024-2025/138775,Saumitra khan,West Bengal,BISHNUPUR(SC),Installing community drinking water plants,269835.0,True,618.0,10.2
WS/MP577/2024-2025/140762,Jaswantsinh Sumanbhai Bhabhor,Gujarat,DAHOD(ST),"Construction of flood control embankments/ protection walls along riverbanks, hilltops, roadsides",250000.0,True,525.0,10.2
WS/MP577/2024-2025/140763,Jaswantsinh Sumanbhai Bhabhor,Gujarat,DAHOD(ST),"Construction of flood control embankments/ protection walls along riverbanks, hilltops, roadsides",250000.0,True,525.0,10.2
WS/MP18227/2025-2026/148878,DAROGA PRASAD SAROJ,Uttar Pradesh,LALGANJ (SC),Street lights,284857.0,True,412.0,10.2
WS/MP18390/2025-2026/148853,AFZAL ANSARI,Uttar Pradesh,GHAZIPUR,Installing hand pumps,682800.0,True,417.0,10.1
,Shri Kumbakudi Sudhakaran,Kerala,KANNUR,Unknown,300000.0,False,700.0,10.1
WS/MP18394/2024-2025/151173,V S Matheswaran,Tamil Nadu,NAMAKKAL,Construction of water tanks,1541000.0,False,654.0,10.1
,Shri Kumbakudi Sudhakaran,Kerala,KANNUR,Unknown,300000.0,False,700.0,10.1
,Shri Kumbakudi Sudhakaran,Kerala,KANNUR,Unknown,300000.0,False,700.0,10.1
,Shri Kumbakudi Sudhakaran,Kerala,KANNUR,Unknown,300000.0,False,700.0,10.1
,Shri Kumbakudi Sudhakaran,Kerala,KANNUR,Unknown,300000.0,False,700.0,10.1
WS/MP685/2025-2026/143374,Shrirang Appa Barne,Maharashtra,MAVAL,"Providing sports equipment, except consumable items",996226.0,True,503.0,10.0
WS/MP18177/2024-2025/149344,K E PRAKASH,Tamil Nadu,ERODE,Construction of public staircase/ stair ghat for public convenience,2000000.0,False,667.0,10.0
WS/MP858/2024-2025/143945,Asit Kumar Mal,West Bengal,BOLPUR(SC),Construction of boundary walls of existing public and community buildings,4124451.0,True,625.0,10.0
WS/MP18394/2024-2025/147418,V S Matheswaran,Tamil Nadu,NAMAKKAL,Construction of water tanks,1072069.0,True,664.0,10.0
WS/MP18390/2025-2026/146089,AFZAL ANSARI,Uttar Pradesh,GHAZIPUR,Installing hand pumps,170700.0,True,417.0,10.0
WS/MP429/2024-2025/141158,Jyotsna Charandas Mahant,Chhattisgarh,KORBA,Construction of community centers and community halls,300000.0,True,667.0,10.0
WS/MP18390/2025-2026/146083,AFZAL ANSARI,Uttar Pradesh,GHAZIPUR,Installing hand pumps,739700.0,True,417.0,10.0
WS/MP18390/2025-2026/146084,AFZAL ANSARI,Uttar Pradesh,GHAZIPUR,Installing hand pumps,739700.0,True,417.0,10.0
WS/MP18390/2025-2026/146088,AFZAL ANSARI,Uttar Pradesh,GHAZIPUR,Installing hand pumps,739700.0,True,417.0,10.0
WS/MP18390/2025-2026/146082,AFZAL ANSARI,Uttar Pradesh,GHAZIPUR,Installing hand pumps,739700.0,True,418.0,10.0
WS/MP858/2024-2025/143938,Asit Kumar Mal,West Bengal,BOLPUR(SC),Construction of boundary walls of existing public and community buildings,500000.0,True,586.0,10.0
WS/MP858/2024-2025/143942,Asit Kumar Mal,West Bengal,BOLPUR(SC),Construction of boundary walls of existing public and community buildings,500000.0,True,586.0,10.0
WS/MP18390/2025-2026/148854,AFZAL ANSARI,Uttar Pradesh,GHAZIPUR,Installing hand pumps,739700.0,True,417.0,9.9
WS/MP18051/2024-2025/149998,ROOP KUMARI CHOUDHARY,Chhattisgarh,MAHASAMUND,Construction of boundary walls of existing public and community buildings,600000.0,False,663.0,9.9
WS/MP18394/2024-2025/148081,V S Matheswaran,Tamil Nadu,NAMAKKAL,Construction of water tanks,1085000.0,True,668.0,9.9
WS/MP716/2024-2025/142660,Smt Harsimrat Kaur Badal,Punjab,BHATINDA,Construction of buildings for multi-gym,199999.0,True,639.0,9.9
WS/MP243/2024-2025/141116,Kakoli Ghosh Dastidar,West Bengal,BARASAT,Development of playground,600000.0,True,579.0,9.8
WS/MP485/2024-2025/153999,Pratima Mondal,West Bengal,JOYNAGAR(SC),Street lights,172484.0,False,639.0,9.8
WS/MP524/2024-2025/147041,Midhun Reddy,Andhra Pradesh,RAJAMPET,"Construction of roads, link roads, pathways or any other road with or without drainage system",300000.0,True,662.0,9.7
WS/MP18263/2025-2026/150111,KOTA SRINIVAS POOJARY,Karnataka,UDUPI CHIKMAGALUR,"Construction of roads, link roads, pathways or any other road with or without drainage system",500000.0,False,662.0,9.7
WS/MP18263/2025-2026/149681,KOTA SRINIVAS POOJARY,Karnataka,UDUPI CHIKMAGALUR,"Construction of roads, link roads, pathways or any other road with or without drainage system",500000.0,False,664.0,9.7
WS/MP18263/2025-2026/149680,KOTA SRINIVAS POOJARY,Karnataka,UDUPI CHIKMAGALUR,"Construction of roads, link roads, pathways or any other road with or without drainage system",500000.0,False,664.0,9.7
WS/MP643/2024-2025/146341,Gyaneshwar Patil,Madhya Pradesh,KHANDWA,Installing tube-wells and borewells,150000.0,True,550.0,9.7
WS/MP18263/2025-2026/149931,KOTA SRINIVAS POOJARY,Karnataka,UDUPI CHIKMAGALUR,"Construction of roads, link roads, pathways or any other road with or without drainage system",500000.0,False,663.0,9.7
WS/MP643/2024-2025/146339,Gyaneshwar Patil,Madhya Pradesh,KHANDWA,Installing tube-wells and borewells,150000.0,True,550.0,9.7
WS/MP18263/2025-2026/152149,KOTA SRINIVAS POOJARY,Karnataka,UDUPI CHIKMAGALUR,"Construction of roads, link roads, pathways or any other road with or without drainage system",500000.0,False,649.0,9.7
WS/MP18263/2025-2026/149882,KOTA SRINIVAS POOJARY,Karnataka,UDUPI CHIKMAGALUR,"Construction of roads, link roads, pathways or any other road with or without drainage system",500000.0,False,663.0,9.7
WS/MP18353/2024-2025/138645,RACHNA BANERJEE,West Bengal,HOOGHLY,"Purchase of ambulances (Four, three and two wheelers)",1395000.0,True,537.0,9.7
WS/MP18353/2024-2025/138644,RACHNA BANERJEE,West Bengal,HOOGHLY,"Purchase of ambulances (Four, three and two wheelers)",1395000.0,True,537.0,9.7
WS/MP18104/2025-2026/153168,DARSHAN SINGH CHOUDHARY,Madhya Pradesh,HOSHANGABAD,Construction of common work sheds/ common covered sitting area,50000.0,False,612.0,9.7
WS/MP18104/2024-2025/153170,DARSHAN SINGH CHOUDHARY,Madhya Pradesh,HOSHANGABAD,Construction of common work sheds/ common covered sitting area,50000.0,False,612.0,9.7
WS/MP18104/2024-2025/153171,DARSHAN SINGH CHOUDHARY,Madhya Pradesh,HOSHANGABAD,Construction of common work sheds/ common covered sitting area,50000.0,False,612.0,9.7
WS/MP18263/2025-2026/149647,KOTA SRINIVAS POOJARY,Karnataka,UDUPI CHIKMAGALUR,"Construction of roads, link roads, pathways or any other road with or without drainage system",500000.0,False,664.0,9.7
WS/MP18263/2025-2026/149679,KOTA SRINIVAS POOJARY,Karnataka,UDUPI CHIKMAGALUR,"Construction of roads, link roads, pathways or any other road with or without drainage system",500000.0,False,664.0,9.7
WS/MP823/2025-2026/152968,Ms Mahua Moitra,West Bengal,KRISHNANAGAR,"Construction of rooms and facilities for hospitals, FWC , PHC Centers and ANM centers",561629.0,False,643.0,9.7
WS/MP18263/2025-2026/149649,KOTA SRINIVAS POOJARY,Karnataka,UDUPI CHIKMAGALUR,"Construction of roads, link roads, pathways or any other road with or without drainage system",500000.0,False,664.0,9.7
WS/MP716/2024-2025/141815,Smt Harsimrat Kaur Badal,Punjab,BHATINDA,"Construction of roads, link roads, pathways or any other road with or without drainage system",300000.0,True,653.0,9.6
WS/MP351/2025-2026/141871,Shri Kumbakudi Sudhakaran,Kerala,KANNUR,Construction of culverts and bridges,1600000.0,True,355.0,9.6
WS/MP429/2024-2025/143883,Jyotsna Charandas Mahant,Chhattisgarh,KORBA,Construction of additional rooms and halls in the existing public and community building,300000.0,True,544.0,9.6
WS/MP485/2024-2025/137235,Pratima Mondal,West Bengal,JOYNAGAR(SC),"Construction of roads, link roads, pathways or any other road with or without drainage system",498071.0,True,535.0,9.6
WS/MP18336/2024-2025/147589,BRIJMOHAN AGRAWAL,Chhattisgarh,RAIPUR,"Construction of roads, link roads, pathways or any other road with or without drainage system",300000.0,True,625.0,9.5
WS/MP18353/2024-2025/143561,RACHNA BANERJEE,West Bengal,HOOGHLY,Construction of rooms and halls in school and colleges,1269372.0,True,515.0,9.5
WS/MP18353/2024-2025/138633,RACHNA BANERJEE,West Bengal,HOOGHLY,Construction of toilet blocks,345565.0,True,594.0,9.5
,Jaswantsinh Sumanbhai Bhabhor,Gujarat,DAHOD(ST),Unknown,2500000.0,False,702.0,9.5
WS/MP18263/2025-2026/149672,KOTA SRINIVAS POOJARY,Karnataka,UDUPI CHIKMAGALUR,"Construction of roads, link roads, pathways or any other road with or without drainage system",499755.0,False,664.0,9.5
WS/MP18353/2024-2025/138643,RACHNA BANERJEE,West Bengal,HOOGHLY,"Purchase of ambulances (Four, three and two wheelers)",1420000.0,True,565.0,9.5
WS/MP577/2025-2026/138728,Jaswantsinh Sumanbhai Bhabhor,Gujarat,DAHOD(ST),"Construction of flood control embankments/ protection walls along riverbanks, hilltops, roadsides",1000000.0,True,499.0,9.4
WS/MP18324/2024-2025/153722,BHARATBHAI MANUBHAI SUTARIYA,Gujarat,AMRELI,Construction of bus-sheds or bus-stops,494000.0,False,640.0,9.4
WS/MP812/2024-2025/147503,Vijay Kumar Dubey,Uttar Pradesh,KUSHI NAGAR,Lighting of public spaces,237000.0,True,537.0,9.4
WS/MP484/2024-2025/145614,Mala Roy,West Bengal,KOLKATA DAKSHIN,Lighting of public spaces,1499000.0,True,647.0,9.4
WS/MP812/2024-2025/147526,Vijay Kumar Dubey,Uttar Pradesh,KUSHI NAGAR,Lighting of public spaces,236315.0,True,537.0,9.4
WS/MP812/2024-2025/148934,Vijay Kumar Dubey,Uttar Pradesh,KUSHI NAGAR,Lighting of public spaces,236315.0,True,537.0,9.4
WS/MP600/2024-2025/148049,Jitendra Singh,Jammu And Kashmir,UDHAMPUR,Installing hand pumps,453550.0,True,570.0,9.4
WS/MP370/2024-2025/145448,Shri Jual Oram,Odisha,SUNDARGARH (ST),Construction of common work sheds/ common covered sitting area,1000000.0,True,599.0,9.3
WS/MP484/2024-2025/153364,Mala Roy,West Bengal,KOLKATA DAKSHIN,Lighting of public spaces,990000.0,False,641.0,9.3
WS/MP18394/2024-2025/141916,V S Matheswaran,Tamil Nadu,NAMAKKAL,Construction of water tanks,1140000.0,True,699.0,9.2
WS/MP577/2026-2027/140720,Jaswantsinh Sumanbhai Bhabhor,Gujarat,DAHOD(ST),"Construction of flood control embankments/ protection walls along riverbanks, hilltops, roadsides",300000.0,True,54.0,9.2
WS/MP643/2024-2025/146596,Gyaneshwar Patil,Madhya Pradesh,KHANDWA,Construction of community centers and community halls,500000.0,True,536.0,9.2
WS/MP18101/2024-2025/149367,RAHUL SINGH LODHI,Madhya Pradesh,DAMOH,Construction of additional rooms and halls in the existing public and community building,1000000.0,False,667.0,9.2
,Jaswantsinh Sumanbhai Bhabhor,Gujarat,DAHOD(ST),Unknown,300000.0,False,702.0,9.2
WS/MP429/2024-2025/142112,Jyotsna Charandas Mahant,Chhattisgarh,KORBA,Construction of common work sheds/ common covered sitting area,300000.0,True,611.0,9.2
WS/MP370/2024-2025/145377,Shri Jual Oram,Odisha,SUNDARGARH (ST),Crematoriums/energy efficient crematoriums or structures on burial/cremation ground,990000.0,True,653.0,9.2
WS/MP18394/2024-2025/153069,V S Matheswaran,Tamil Nadu,NAMAKKAL,Construction of community centers and community halls,1525000.0,False,643.0,9.1
WS/MP485/2025-2026/153845,Pratima Mondal,West Bengal,JOYNAGAR(SC),Construction of toilet blocks,297029.0,False,640.0,9.0
WS/MP18394/2024-2025/151348,V S Matheswaran,Tamil Nadu,NAMAKKAL,Lighting of public spaces,349965.0,False,654.0,9.0
WS/MP18161/2024-2025/138081,SANJNA JATAV,Rajasthan,BHARATPUR(SC),"Construction of roads, link roads, pathways or any other road with or without drainage system",150000.0,True,611.0,8.9
WS/MP18394/2024-2025/147460,V S Matheswaran,Tamil Nadu,NAMAKKAL,Construction of water tanks,1150000.0,True,656.0,8.9
WS/MP18353/2024-2025/138632,RACHNA BANERJEE,West Bengal,HOOGHLY,Construction of toilet blocks,347080.0,True,594.0,8.9
WS/MP18353/2024-2025/138653,RACHNA BANERJEE,West Bengal,HOOGHLY,Construction of toilet blocks,347080.0,True,594.0,8.9
WS/MP18263/2025-2026/151981,KOTA SRINIVAS POOJARY,Karnataka,UDUPI CHIKMAGALUR,"Construction of roads, link roads, pathways or any other road with or without drainage system",497512.0,False,650.0,8.9
WS/MP484/2024-2025/153365,Mala Roy,West Bengal,KOLKATA DAKSHIN,Street lights,500000.0,False,641.0,8.9
WS/MP370/2024-2025/145374,Shri Jual Oram,Odisha,SUNDARGARH (ST),Construction of community centers and community halls,1000000.0,True,545.0,8.8
,RACHNA BANERJEE,West Bengal,HOOGHLY,Unknown,1420000.0,False,719.0,8.8
WS/MP620/2024-2025/133304,Pralhad Venkatesh Joshi,Karnataka,DHARWAD,Construction of buildings for community cultural activities,396154.0,True,731.0,8.8
WS/MP18394/2024-2025/151341,V S Matheswaran,Tamil Nadu,NAMAKKAL,Lighting of public spaces,350000.0,False,654.0,8.8
,Gyaneshwar Patil,Madhya Pradesh,KHANDWA,Unknown,500000.0,False,682.0,8.8
,DARSHAN SINGH CHOUDHARY,Madhya Pradesh,HOSHANGABAD,Unknown,50000.0,False,612.0,8.8
,Gyaneshwar Patil,Madhya Pradesh,KHANDWA,Unknown,500000.0,False,678.0,8.8
,DARSHAN SINGH CHOUDHARY,Madhya Pradesh,HOSHANGABAD,Unknown,50000.0,False,612.0,8.8
,Gyaneshwar Patil,Madhya Pradesh,KHANDWA,Unknown,500000.0,False,682.0,8.8
,DARSHAN SINGH CHOUDHARY,Madhya Pradesh,HOSHANGABAD,Unknown,50000.0,False,612.0,8.8
WS/MP18232/2024-2025/143914,HARENDRA SINGH MALIK,Uttar Pradesh,MUZAFFARNAGAR,"Construction of roads, link roads, pathways or any other road with or without drainage system",99500.0,True,613.0,8.8
WS/MP661/2025-2026/147453,Amol Ramsing Kolhe,Maharashtra,SHIRUR,Construction of footpaths and pedestrian ways,990415.0,True,488.0,8.8
WS/MP18232/2024-2025/141619,HARENDRA SINGH MALIK,Uttar Pradesh,MUZAFFARNAGAR,"Construction of roads, link roads, pathways or any other road with or without drainage system",86000.0,True,613.0,8.8
WS/MP370/2024-2025/145472,Shri Jual Oram,Odisha,SUNDARGARH (ST),Street lights,500000.0,True,552.0,8.7
WS/MP356/2025-2026/140606,Shri Sudheer Gupta,Madhya Pradesh,MANDSOUR,"Construction of roads, link roads, pathways or any other road with or without drainage system",150000.0,True,214.0,8.7
WS/MP858/2024-2025/143943,Asit Kumar Mal,West Bengal,BOLPUR(SC),Construction of boundary walls of existing public and community buildings,1500000.0,True,586.0,8.7
WS/MP484/2024-2025/150090,Mala Roy,West Bengal,KOLKATA DAKSHIN,Construction of rooms and halls in school and colleges,10000000.0,False,662.0,8.7
WS/MP423/2024-2025/138681,Shri Abhishek Banerjee,West Bengal,DIAMOND HARBOUR,"Construction of roads, link roads, pathways or any other road with or without drainage system",999574.0,True,622.0,8.7
WS/MP18076/2025-2026/140369,DR C N MANJUNATH,Karnataka,BANGALORE RURAL,Construction of community centers and community halls,400000.0,True,465.0,8.5
WS/MP18314/2024-2025/141412,GURMEET SINGH MEET HAYER,Punjab,SANGRUR,Installing tube-wells and borewells,75000.0,True,632.0,8.5
WS/MP484/2024-2025/155335,Mala Roy,West Bengal,KOLKATA DAKSHIN,Providing supply pipelines for drinking water,500000.0,False,633.0,8.5
WS/MP370/2024-2025/145460,Shri Jual Oram,Odisha,SUNDARGARH (ST),Installing tube-wells and borewells,300000.0,True,552.0,8.5
WS/MP526/2025-2026/150352,Y S Avinash Reddy,Andhra Pradesh,KADAPA,Providing supply pipelines for drinking water,488922.0,False,656.0,8.5
WS/MP661/2026-2027/147464,Amol Ramsing Kolhe,Maharashtra,SHIRUR,Lighting of public spaces,1000000.0,True,97.0,8.5
WS/MP577/2024-2025/140778,Jaswantsinh Sumanbhai Bhabhor,Gujarat,DAHOD(ST),"Construction of flood control embankments/ protection walls along riverbanks, hilltops, roadsides",290000.0,True,592.0,8.5
WS/MP524/2024-2025/147043,Midhun Reddy,Andhra Pradesh,RAJAMPET,Construction of community centers and community halls,500000.0,True,662.0,8.4
WS/MP18394/2024-2025/147417,V S Matheswaran,Tamil Nadu,NAMAKKAL,Construction of water tanks,1532566.0,True,664.0,8.4
WS/MP643/2026-2027/146359,Gyaneshwar Patil,Madhya Pradesh,KHANDWA,Construction of common work sheds/ common covered sitting area,300000.0,True,128.0,8.4
WS/MP747/2024-2025/136681,Manickam Tagore B,Tamil Nadu,VIRUDHUNAGAR,Construction of community centers and community halls,2500000.0,True,516.0,8.4
WS/MP643/2025-2026/146414,Gyaneshwar Patil,Madhya Pradesh,KHANDWA,Construction of common work sheds/ common covered sitting area,300000.0,True,383.0,8.4
WS/MP18353/2024-2025/138638,RACHNA BANERJEE,West Bengal,HOOGHLY,Construction of toilet blocks,347080.0,True,626.0,8.3
,Amol Ramsing Kolhe,Maharashtra,SHIRUR,Unknown,1000000.0,False,677.0,8.3
,Amol Ramsing Kolhe,Maharashtra,SHIRUR,Unknown,1000000.0,False,677.0,8.3
WS/MP485/2024-2025/153982,Pratima Mondal,West Bengal,JOYNAGAR(SC),Installing community drinking water plants,449515.0,False,639.0,8.3
WS/MP485/2024-2025/153991,Pratima Mondal,West Bengal,JOYNAGAR(SC),Installing community drinking water plants,449515.0,False,639.0,8.3
WS/MP485/2024-2025/153998,Pratima Mondal,West Bengal,JOYNAGAR(SC),Installing community drinking water plants,449515.0,False,639.0,8.3
WS/MP858/2024-2025/143940,Asit Kumar Mal,West Bengal,BOLPUR(SC),Construction of additional rooms and halls in the existing public and community building,500000.0,True,586.0,8.3
WS/MP620/2024-2025/133309,Pralhad Venkatesh Joshi,Karnataka,DHARWAD,Construction of buildings for community cultural activities,495031.0,True,527.0,8.3
,Amol Ramsing Kolhe,Maharashtra,SHIRUR,Unknown,1000000.0,False,677.0,8.3
WS/MP18390/2025-2026/148766,AFZAL ANSARI,Uttar Pradesh,GHAZIPUR,"Construction of roads, link roads, pathways or any other road with or without drainage system",200000.0,True,431.0,8.3
WS/MP577/2025-2026/133550,Jaswantsinh Sumanbhai Bhabhor,Gujarat,DAHOD(ST),"Construction of roads, link roads, pathways or any other road with or without drainage system",245697.0,True,320.0,8.2
WS/MP577/2025-2026/133553,Jaswantsinh Sumanbhai Bhabhor,Gujarat,DAHOD(ST),"Construction of roads, link roads, pathways or any other road with or without drainage system",245697.0,True,320.0,8.2
WS/MP577/2025-2026/133551,Jaswantsinh Sumanbhai Bhabhor,Gujarat,DAHOD(ST),"Construction of roads, link roads, pathways or any other road with or without drainage system",242105.0,True,310.0,8.2
WS/MP577/2025-2026/133579,Jaswantsinh Sumanbhai Bhabhor,Gujarat,DAHOD(ST),"Construction of roads, link roads, pathways or any other road with or without drainage system",247496.0,True,323.0,8.2
WS/MP370/2024-2025/145473,Shri Jual Oram,Odisha,SUNDARGARH (ST),Construction of community centers and community halls,1000000.0,True,552.0,8.2
WS/MP351/2025-2026/141862,Shri Kumbakudi Sudhakaran,Kerala,KANNUR,"Construction of roads, link roads, pathways or any other road with or without drainage system",500000.0,True,326.0,8.2
WS/MP18265/2025-2026/151993,M.K. VISHNUPRASAD,Tamil Nadu,CUDDALORE,Construction of common work sheds/ common covered sitting area,998986.0,False,650.0,8.2
WS/MP747/2025-2026/141752,Manickam Tagore B,Tamil Nadu,VIRUDHUNAGAR,Construction of buildings for community cultural activities,998818.0,True,277.0,8.2
WS/MP351/2025-2026/141865,Shri Kumbakudi Sudhakaran,Kerala,KANNUR,"Construction of roads, link roads, pathways or any other road with or without drainage system",500000.0,True,177.0,8.2
WS/MP577/2025-2026/133587,Jaswantsinh Sumanbhai Bhabhor,Gujarat,DAHOD(ST),"Construction of roads, link roads, pathways or any other road with or without drainage system",247496.0,True,323.0,8.2
WS/MP577/2025-2026/133556,Jaswantsinh Sumanbhai Bhabhor,Gujarat,DAHOD(ST),"Construction of roads, link roads, pathways or any other road with or without drainage system",245697.0,True,320.0,8.2
WS/MP577/2025-2026/133568,Jaswantsinh Sumanbhai Bhabhor,Gujarat,DAHOD(ST),"Construction of roads, link roads, pathways or any other road with or without drainage system",245697.0,True,320.0,8.2
WS/MP577/2025-2026/133567,Jaswantsinh Sumanbhai Bhabhor,Gujarat,DAHOD(ST),"Construction of roads, link roads, pathways or any other road with or without drainage system",245098.0,True,310.0,8.2
WS/MP577/2025-2026/133558,Jaswantsinh Sumanbhai Bhabhor,Gujarat,DAHOD(ST),"Construction of roads, link roads, pathways or any other road with or without drainage system",245697.0,True,320.0,8.2
WS/MP577/2025-2026/133559,Jaswantsinh Sumanbhai Bhabhor,Gujarat,DAHOD(ST),"Construction of roads, link roads, pathways or any other road with or without drainage system",245098.0,True,310.0,8.2
WS/MP429/2024-2025/143876,Jyotsna Charandas Mahant,Chhattisgarh,KORBA,Construction of buildings for community cultural activities,400000.0,True,642.0,8.2
WS/MP577/2025-2026/133595,Jaswantsinh Sumanbhai Bhabhor,Gujarat,DAHOD(ST),"Construction of roads, link roads, pathways or any other road with or without drainage system",247496.0,True,323.0,8.2
WS/MP577/2025-2026/133563,Jaswantsinh Sumanbhai Bhabhor,Gujarat,DAHOD(ST),"Construction of roads, link roads, pathways or any other road with or without drainage system",245697.0,True,320.0,8.2
WS/MP577/2025-2026/133573,Jaswantsinh Sumanbhai Bhabhor,Gujarat,DAHOD(ST),"Construction of roads, link roads, pathways or any other road with or without drainage system",245697.0,True,320.0,8.2
WS/MP577/2025-2026/133562,Jaswantsinh Sumanbhai Bhabhor,Gujarat,DAHOD(ST),"Construction of roads, link roads, pathways or any other road with or without drainage system",245697.0,True,320.0,8.2
WS/MP577/2025-2026/133574,Jaswantsinh Sumanbhai Bhabhor,Gujarat,DAHOD(ST),"Construction of roads, link roads, pathways or any other road with or without drainage system",245697.0,True,320.0,8.2
WS/MP429/2024-2025/143875,Jyotsna Charandas Mahant,Chhattisgarh,KORBA,Construction of buildings for community cultural activities,400000.0,True,642.0,8.2
WS/MP526/2024-2025/150350,Y S Avinash Reddy,Andhra Pradesh,KADAPA,Construction of bus-sheds or bus-stops,400000.0,False,656.0,8.2
WS/MP18227/2025-2026/148290,DAROGA PRASAD SAROJ,Uttar Pradesh,LALGANJ (SC),Construction of rooms and halls in school and colleges,400000.0,True,342.0,8.2
WS/MP826/2025-2026/135586,Raju Bista,West Bengal,DARJEELING,Street lights,391043.0,True,366.0,8.2
WS/MP745/2025-2026/138568,K Subbarayan,Tamil Nadu,TIRUPPUR,Construction of rooms and halls in school and colleges,3245416.0,True,297.0,8.2
WS/MP577/2025-2026/133580,Jaswantsinh Sumanbhai Bhabhor,Gujarat,DAHOD(ST),"Construction of roads, link roads, pathways or any other road with or without drainage system",247496.0,True,323.0,8.2
WS/MP429/2024-2025/151715,Jyotsna Charandas Mahant,Chhattisgarh,KORBA,Crematoriums/energy efficient crematoriums or structures on burial/cremation ground,500000.0,False,651.0,8.1
WS/MP620/2024-2025/133190,Pralhad Venkatesh Joshi,Karnataka,DHARWAD,Construction of buildings for community cultural activities,450000.0,True,699.0,8.1
WS/MP823/2024-2025/137367,Ms Mahua Moitra,West Bengal,KRISHNANAGAR,Construction of bus-sheds or bus-stops,8800000.0,True,620.0,8.1
WS/MP577/2025-2026/133554,Jaswantsinh Sumanbhai Bhabhor,Gujarat,DAHOD(ST),Construction of shelters for animals,245098.0,True,310.0,8.1
WS/MP370/2024-2025/145197,Shri Jual Oram,Odisha,SUNDARGARH (ST),Construction of community centers and community halls,1000000.0,True,653.0,8.0
WS/MP829/2024-2025/150793,Smt Sajda Ahmed,West Bengal,ULUBERIA,Construction of culverts and bridges,830882.0,False,656.0,8.0
WS/MP18314/2024-2025/141320,GURMEET SINGH MEET HAYER,Punjab,SANGRUR,Construction of additional rooms and halls in the existing public and community building,200000.0,True,632.0,8.0
WS/MP370/2024-2025/145451,Shri Jual Oram,Odisha,SUNDARGARH (ST),Street lights,200000.0,True,633.0,8.0
WS/MP18314/2024-2025/141333,GURMEET SINGH MEET HAYER,Punjab,SANGRUR,Construction of additional rooms and halls in the existing public and community building,200000.0,True,632.0,8.0
WS/MP526/2024-2025/146055,Y S Avinash Reddy,Andhra Pradesh,KADAPA,"Construction of roads, link roads, pathways or any other road with or without drainage system",200000.0,True,593.0,7.9
WS/MP577/2025-2026/146153,Jaswantsinh Sumanbhai Bhabhor,Gujarat,DAHOD(ST),Construction of night shelters for homeless,2500000.0,True,499.0,7.9
WS/MP745/2025-2026/141432,K Subbarayan,Tamil Nadu,TIRUPPUR,Construction of water tanks,1524749.0,True,334.0,7.9
WS/MP526/2024-2025/146054,Y S Avinash Reddy,Andhra Pradesh,KADAPA,"Construction of roads, link roads, pathways or any other road with or without drainage system",200000.0,True,593.0,7.9
WS/MP526/2024-2025/146053,Y S Avinash Reddy,Andhra Pradesh,KADAPA,"Construction of roads, link roads, pathways or any other road with or without drainage system",200000.0,True,593.0,7.9
WS/MP620/2025-2026/133305,Pralhad Venkatesh Joshi,Karnataka,DHARWAD,Construction of buildings for community cultural activities,400000.0,True,446.0,7.9
WS/MP18101/2024-2025/154629,RAHUL SINGH LODHI,Madhya Pradesh,DAMOH,Construction of boundary walls of existing public and community buildings,1500000.0,False,636.0,7.9
WS/MP18161/2024-2025/140182,SANJNA JATAV,Rajasthan,BHARATPUR(SC),Construction of rooms and halls in school and colleges,300000.0,True,619.0,7.8
WS/MP577/2025-2026/133603,Jaswantsinh Sumanbhai Bhabhor,Gujarat,DAHOD(ST),"Construction of roads, link roads, pathways or any other road with or without drainage system",250000.0,True,223.0,7.8
WS/MP18161/2024-2025/140129,SANJNA JATAV,Rajasthan,BHARATPUR(SC),"Construction of roads, link roads, pathways or any other road with or without drainage system",300000.0,True,576.0,7.8
WS/MP423/2024-2025/139234,Shri Abhishek Banerjee,West Bengal,DIAMOND HARBOUR,"Construction of roads, link roads, pathways or any other road with or without drainage system",499946.0,True,622.0,7.8
WS/MP423/2024-2025/139241,Shri Abhishek Banerjee,West Bengal,DIAMOND HARBOUR,"Construction of roads, link roads, pathways or any other road with or without drainage system",499937.0,True,622.0,7.8
WS/MP423/2024-2025/139240,Shri Abhishek Banerjee,West Bengal,DIAMOND HARBOUR,"Construction of roads, link roads, pathways or any other road with or without drainage system",499939.0,True,622.0,7.8
WS/MP423/2024-2025/139235,Shri Abhishek Banerjee,West Bengal,DIAMOND HARBOUR,"Construction of roads, link roads, pathways or any other road with or without drainage system",499989.0,True,622.0,7.8
WS/MP423/2024-2025/139238,Shri Abhishek Banerjee,West Bengal,DIAMOND HARBOUR,"Construction of roads, link roads, pathways or any other road with or without drainage system",499943.0,True,622.0,7.8
WS/MP577/2024-2025/133597,Jaswantsinh Sumanbhai Bhabhor,Gujarat,DAHOD(ST),"Construction of roads, link roads, pathways or any other road with or without drainage system",249291.0,True,514.0,7.8
WS/MP577/2025-2026/133614,Jaswantsinh Sumanbhai Bhabhor,Gujarat,DAHOD(ST),"Construction of roads, link roads, pathways or any other road with or without drainage system",250000.0,True,233.0,7.8
WS/MP577/2024-2025/133600,Jaswantsinh Sumanbhai Bhabhor,Gujarat,DAHOD(ST),"Construction of roads, link roads, pathways or any other road with or without drainage system",249291.0,True,514.0,7.8
WS/MP577/2024-2025/133598,Jaswantsinh Sumanbhai Bhabhor,Gujarat,DAHOD(ST),"Construction of roads, link roads, pathways or any other road with or without drainage system",249291.0,True,514.0,7.8
WS/MP577/2025-2026/133564,Jaswantsinh Sumanbhai Bhabhor,Gujarat,DAHOD(ST),"Construction of roads, link roads, pathways or any other road with or without drainage system",250000.0,True,233.0,7.8
WS/MP526/2025-2026/146058,Y S Avinash Reddy,Andhra Pradesh,KADAPA,"Construction of roads, link roads, pathways or any other road with or without drainage system",495000.0,True,471.0,7.8
WS/MP577/2025-2026/133552,Jaswantsinh Sumanbhai Bhabhor,Gujarat,DAHOD(ST),"Construction of roads, link roads, pathways or any other road with or without drainage system",250000.0,True,499.0,7.8
WS/MP577/2024-2025/138739,Jaswantsinh Sumanbhai Bhabhor,Gujarat,DAHOD(ST),"Construction of roads, link roads, pathways or any other road with or without drainage system",244100.0,True,525.0,7.8
WS/MP577/2024-2025/133601,Jaswantsinh Sumanbhai Bhabhor,Gujarat,DAHOD(ST),"Construction of roads, link roads, pathways or any other road with or without drainage system",249291.0,True,514.0,7.8
WS/MP577/2025-2026/133581,Jaswantsinh Sumanbhai Bhabhor,Gujarat,DAHOD(ST),"Construction of roads, link roads, pathways or any other road with or without drainage system",250000.0,True,223.0,7.8
WS/MP577/2025-2026/133611,Jaswantsinh Sumanbhai Bhabhor,Gujarat,DAHOD(ST),"Construction of roads, link roads, pathways or any other road with or without drainage system",250000.0,True,233.0,7.8
WS/MP18232/2024-2025/143928,HARENDRA SINGH MALIK,Uttar Pradesh,MUZAFFARNAGAR,"Construction of roads, link roads, pathways or any other road with or without drainage system",149500.0,True,613.0,7.8
WS/MP577/2025-2026/133594,Jaswantsinh Sumanbhai Bhabhor,Gujarat,DAHOD(ST),"Construction of roads, link roads, pathways or any other road with or without drainage system",250000.0,True,223.0,7.8
WS/MP577/2024-2025/133592,Jaswantsinh Sumanbhai Bhabhor,Gujarat,DAHOD(ST),"Construction of roads, link roads, pathways or any other road with or without drainage system",249291.0,True,514.0,7.8
WS/MP18232/2024-2025/143915,HARENDRA SINGH MALIK,Uttar Pradesh,MUZAFFARNAGAR,"Construction of roads, link roads, pathways or any other road with or without drainage system",149000.0,True,613.0,7.8
WS/MP577/2024-2025/133586,Jaswantsinh Sumanbhai Bhabhor,Gujarat,DAHOD(ST),"Construction of roads, link roads, pathways or any other road with or without drainage system",249291.0,True,514.0,7.8
WS/MP577/2025-2026/133591,Jaswantsinh Sumanbhai Bhabhor,Gujarat,DAHOD(ST),"Construction of roads, link roads, pathways or any other road with or without drainage system",250000.0,True,223.0,7.8
WS/MP577/2024-2025/133584,Jaswantsinh Sumanbhai Bhabhor,Gujarat,DAHOD(ST),"Construction of roads, link roads, pathways or any other road with or without drainage system",249291.0,True,514.0,7.8
WS/MP577/2025-2026/133549,Jaswantsinh Sumanbhai Bhabhor,Gujarat,DAHOD(ST),"Construction of roads, link roads, pathways or any other road with or without drainage system",250000.0,True,499.0,7.8
WS/MP577/2025-2026/133569,Jaswantsinh Sumanbhai Bhabhor,Gujarat,DAHOD(ST),"Construction of roads, link roads, pathways or any other road with or without drainage system",250000.0,True,499.0,7.8
WS/MP577/2025-2026/133565,Jaswantsinh Sumanbhai Bhabhor,Gujarat,DAHOD(ST),"Construction of roads, link roads, pathways or any other road with or without drainage system",250000.0,True,499.0,7.8
WS/MP577/2025-2026/133566,Jaswantsinh Sumanbhai Bhabhor,Gujarat,DAHOD(ST),"Construction of roads, link roads, pathways or any other road with or without drainage system",250000.0,True,320.0,7.8
WS/MP577/2024-2025/133575,Jaswantsinh Sumanbhai Bhabhor,Gujarat,DAHOD(ST),"Construction of roads, link roads, pathways or any other road with or without drainage system",250000.0,True,514.0,7.7
WS/MP577/2024-2025/133576,Jaswantsinh Sumanbhai Bhabhor,Gujarat,DAHOD(ST),"Construction of roads, link roads, pathways or any other road with or without drainage system",250000.0,True,514.0,7.7
WS/MP577/2024-2025/133578,Jaswantsinh Sumanbhai Bhabhor,Gujarat,DAHOD(ST),"Construction of roads, link roads, pathways or any other road with or without drainage system",250000.0,True,514.0,7.7
WS/MP577/2024-2025/133588,Jaswantsinh Sumanbhai Bhabhor,Gujarat,DAHOD(ST),"Construction of roads, link roads, pathways or any other road with or without drainage system",250000.0,True,514.0,7.7
WS/MP577/2024-2025/133585,Jaswantsinh Sumanbhai Bhabhor,Gujarat,DAHOD(ST),"Construction of roads, link roads, pathways or any other road with or without drainage system",250000.0,True,514.0,7.7
WS/MP370/2024-2025/145192,Shri Jual Oram,Odisha,SUNDARGARH (ST),Construction of community centers and community halls,990000.0,True,663.0,7.7
WS/MP429/2024-2025/140531,Jyotsna Charandas Mahant,Chhattisgarh,KORBA,Renovation of ponds and lakes,300000.0,True,668.0,7.7
WS/MP351/2025-2026/141848,Shri Kumbakudi Sudhakaran,Kerala,KANNUR,"Construction of roads, link roads, pathways or any other road with or without drainage system",604098.0,True,230.0,7.7
WS/MP577/2024-2025/133612,Jaswantsinh Sumanbhai Bhabhor,Gujarat,DAHOD(ST),"Construction of roads, link roads, pathways or any other road with or without drainage system",250000.0,True,525.0,7.7
WS/MP526/2025-2026/148283,Y S Avinash Reddy,Andhra Pradesh,KADAPA,"Construction of roads, link roads, pathways or any other road with or without drainage system",495000.0,True,471.0,7.7
WS/MP526/2025-2026/148282,Y S Avinash Reddy,Andhra Pradesh,KADAPA,"Construction of roads, link roads, pathways or any other road with or without drainage system",495000.0,True,471.0,7.7
WS/MP577/2024-2025/133607,Jaswantsinh Sumanbhai Bhabhor,Gujarat,DAHOD(ST),"Construction of roads, link roads, pathways or any other road with or without drainage system",250000.0,True,525.0,7.7
WS/MP577/2024-2025/133606,Jaswantsinh Sumanbhai Bhabhor,Gujarat,DAHOD(ST),"Construction of roads, link roads, pathways or any other road with or without drainage system",250000.0,True,525.0,7.7
WS/MP429/2024-2025/141154,Jyotsna Charandas Mahant,Chhattisgarh,KORBA,Construction of buildings for community cultural activities,600000.0,True,656.0,7.7
WS/MP577/2024-2025/133608,Jaswantsinh Sumanbhai Bhabhor,Gujarat,DAHOD(ST),"Construction of roads, link roads, pathways or any other road with or without drainage system",250000.0,True,525.0,7.7
WS/MP443/2025-2026/139989,Rodmal Nagar,Madhya Pradesh,RAJGARH,Purchase Books for Library,100000.0,True,484.0,7.6
WS/MP443/2025-2026/140001,Rodmal Nagar,Madhya Pradesh,RAJGARH,Purchase Books for Library,100000.0,True,484.0,7.6
WS/MP443/2025-2026/139986,Rodmal Nagar,Madhya Pradesh,RAJGARH,Purchase Books for Library,100000.0,True,484.0,7.6
WS/MP443/2025-2026/139985,Rodmal Nagar,Madhya Pradesh,RAJGARH,Purchase Books for Library,100000.0,True,484.0,7.6
WS/MP443/2025-2026/139996,Rodmal Nagar,Madhya Pradesh,RAJGARH,Purchase Books for Library,100000.0,True,484.0,7.6
WS/MP443/2025-2026/139992,Rodmal Nagar,Madhya Pradesh,RAJGARH,Purchase Books for Library,100000.0,True,484.0,7.6
WS/MP443/2025-2026/139995,Rodmal Nagar,Madhya Pradesh,RAJGARH,Purchase Books for Library,100000.0,True,484.0,7.6
WS/MP443/2025-2026/139994,Rodmal Nagar,Madhya Pradesh,RAJGARH,Purchase Books for Library,100000.0,True,484.0,7.6
WS/MP443/2025-2026/139999,Rodmal Nagar,Madhya Pradesh,RAJGARH,Purchase Books for Library,100000.0,True,484.0,7.6
WS/MP443/2025-2026/140000,Rodmal Nagar,Madhya Pradesh,RAJGARH,Purchase Books for Library,100000.0,True,484.0,7.6
WS/MP443/2025-2026/140005,Rodmal Nagar,Madhya Pradesh,RAJGARH,Purchase Books for Library,100000.0,True,484.0,7.6
WS/MP443/2025-2026/140004,Rodmal Nagar,Madhya Pradesh,RAJGARH,Purchase Books for Library,100000.0,True,484.0,7.6
WS/MP443/2025-2026/140003,Rodmal Nagar,Madhya Pradesh,RAJGARH,Purchase Books for Library,100000.0,True,484.0,7.6
WS/MP443/2025-2026/139993,Rodmal Nagar,Madhya Pradesh,RAJGARH,Purchase Books for Library,100000.0,True,484.0,7.6
WS/MP443/2025-2026/139983,Rodmal Nagar,Madhya Pradesh,RAJGARH,Purchase Books for Library,100000.0,True,484.0,7.6
WS/MP443/2025-2026/139982,Rodmal Nagar,Madhya Pradesh,RAJGARH,Purchase Books for Library,100000.0,True,484.0,7.6
WS/MP443/2025-2026/139980,Rodmal Nagar,Madhya Pradesh,RAJGARH,Purchase Books for Library,100000.0,True,484.0,7.6
WS/MP443/2025-2026/139981,Rodmal Nagar,Madhya Pradesh,RAJGARH,Purchase Books for Library,100000.0,True,484.0,7.6
WS/MP443/2025-2026/139979,Rodmal Nagar,Madhya Pradesh,RAJGARH,Purchase Books for Library,100000.0,True,484.0,7.6
WS/MP443/2025-2026/139978,Rodmal Nagar,Madhya Pradesh,RAJGARH,Purchase Books for Library,100000.0,True,484.0,7.6
WS/MP443/2025-2026/139984,Rodmal Nagar,Madhya Pradesh,RAJGARH,Purchase Books for Library,100000.0,True,484.0,7.6
WS/MP443/2025-2026/139998,Rodmal Nagar,Madhya Pradesh,RAJGARH,Purchase Books for Library,100000.0,True,484.0,7.6
WS/MP18324/2025-2026/151488,BHARATBHAI MANUBHAI SUTARIYA,Gujarat,AMRELI,Construction of culverts and bridges,250000.0,False,653.0,7.6
WS/MP443/2025-2026/139977,Rodmal Nagar,Madhya Pradesh,RAJGARH,Purchase Books for Library,100000.0,True,484.0,7.6
WS/MP443/2025-2026/140018,Rodmal Nagar,Madhya Pradesh,RAJGARH,Purchase Books for Library,100000.0,True,484.0,7.6
WS/MP443/2025-2026/140006,Rodmal Nagar,Madhya Pradesh,RAJGARH,Purchase Books for Library,100000.0,True,484.0,7.6
WS/MP443/2025-2026/140023,Rodmal Nagar,Madhya Pradesh,RAJGARH,Purchase Books for Library,100000.0,True,484.0,7.6
WS/MP443/2025-2026/139973,Rodmal Nagar,Madhya Pradesh,RAJGARH,Purchase Books for Library,100000.0,True,484.0,7.6
WS/MP443/2025-2026/139988,Rodmal Nagar,Madhya Pradesh,RAJGARH,Purchase Books for Library,100000.0,True,484.0,7.6
WS/MP443/2025-2026/139987,Rodmal Nagar,Madhya Pradesh,RAJGARH,Purchase Books for Library,100000.0,True,484.0,7.6
WS/MP443/2025-2026/139990,Rodmal Nagar,Madhya Pradesh,RAJGARH,Purchase Books for Library,100000.0,True,484.0,7.6
WS/MP443/2025-2026/139976,Rodmal Nagar,Madhya Pradesh,RAJGARH,Purchase Books for Library,100000.0,True,484.0,7.6
WS/MP443/2025-2026/139975,Rodmal Nagar,Madhya Pradesh,RAJGARH,Purchase Books for Library,100000.0,True,484.0,7.6
WS/MP443/2025-2026/139974,Rodmal Nagar,Madhya Pradesh,RAJGARH,Purchase Books for Library,100000.0,True,484.0,7.6
WS/MP443/2025-2026/140017,Rodmal Nagar,Madhya Pradesh,RAJGARH,Purchase Books for Library,100000.0,True,484.0,7.6
WS/MP443/2025-2026/140016,Rodmal Nagar,Madhya Pradesh,RAJGARH,Purchase Books for Library,100000.0,True,484.0,7.6
WS/MP443/2025-2026/140019,Rodmal Nagar,Madhya Pradesh,RAJGARH,Purchase Books for Library,100000.0,True,484.0,7.6
WS/MP443/2025-2026/140007,Rodmal Nagar,Madhya Pradesh,RAJGARH,Purchase Books for Library,100000.0,True,484.0,7.6
WS/MP443/2025-2026/140014,Rodmal Nagar,Madhya Pradesh,RAJGARH,Purchase Books for Library,100000.0,True,484.0,7.6
WS/MP443/2025-2026/140015,Rodmal Nagar,Madhya Pradesh,RAJGARH,Purchase Books for Library,100000.0,True,484.0,7.6
WS/MP443/2025-2026/140008,Rodmal Nagar,Madhya Pradesh,RAJGARH,Purchase Books for Library,100000.0,True,484.0,7.6
WS/MP443/2025-2026/140009,Rodmal Nagar,Madhya Pradesh,RAJGARH,Purchase Books for Library,100000.0,True,484.0,7.6
WS/MP443/2025-2026/140010,Rodmal Nagar,Madhya Pradesh,RAJGARH,Purchase Books for Library,100000.0,True,484.0,7.6
WS/MP443/2025-2026/140011,Rodmal Nagar,Madhya Pradesh,RAJGARH,Purchase Books for Library,100000.0,True,484.0,7.6
WS/MP443/2025-2026/140012,Rodmal Nagar,Madhya Pradesh,RAJGARH,Purchase Books for Library,100000.0,True,484.0,7.6
WS/MP443/2025-2026/140013,Rodmal Nagar,Madhya Pradesh,RAJGARH,Purchase Books for Library,100000.0,True,484.0,7.6
WS/MP443/2025-2026/140021,Rodmal Nagar,Madhya Pradesh,RAJGARH,Purchase Books for Library,100000.0,True,484.0,7.6
WS/MP443/2025-2026/139991,Rodmal Nagar,Madhya Pradesh,RAJGARH,Purchase Books for Library,100000.0,True,484.0,7.6
WS/MP443/2025-2026/140022,Rodmal Nagar,Madhya Pradesh,RAJGARH,Purchase Books for Library,100000.0,True,484.0,7.6
WS/MP443/2025-2026/140020,Rodmal Nagar,Madhya Pradesh,RAJGARH,Purchase Books for Library,100000.0,True,484.0,7.6
WS/MP443/2025-2026/140002,Rodmal Nagar,Madhya Pradesh,RAJGARH,Purchase Books for Library,100000.0,True,484.0,7.6
WS/MP429/2024-2025/143877,Jyotsna Charandas Mahant,Chhattisgarh,KORBA,Construction of buildings for community cultural activities,400000.0,True,620.0,7.5
WS/MP423/2024-2025/139242,Shri Abhishek Banerjee,West Bengal,DIAMOND HARBOUR,"Construction of roads, link roads, pathways or any other road with or without drainage system",599965.0,True,622.0,7.5
WS/MP429/2024-2025/151717,Jyotsna Charandas Mahant,Chhattisgarh,KORBA,Creation of new ponds,300000.0,False,651.0,7.5
,DR C N MANJUNATH,Karnataka,BANGALORE RURAL,Unknown,1000000.0,False,697.0,7.5
WS/MP823/2024-2025/139556,Ms Mahua Moitra,West Bengal,KRISHNANAGAR,Construction of rooms and halls in school and colleges,1938436.0,True,573.0,7.5
WS/MP351/2025-2026/154175,Shri Kumbakudi Sudhakaran,Kerala,KANNUR,"Construction of roads, link roads, pathways or any other road with or without drainage system",526392.0,False,638.0,7.5
WS/MP577/2024-2025/138736,Jaswantsinh Sumanbhai Bhabhor,Gujarat,DAHOD(ST),"Construction of roads, link roads, pathways or any other road with or without drainage system",250000.0,True,525.0,7.5
WS/MP18161/2024-2025/138084,SANJNA JATAV,Rajasthan,BHARATPUR(SC),"Construction of roads, link roads, pathways or any other road with or without drainage system",500000.0,True,608.0,7.4
WS/MP577/2024-2025/140761,Jaswantsinh Sumanbhai Bhabhor,Gujarat,DAHOD(ST),"Construction of flood control embankments/ protection walls along riverbanks, hilltops, roadsides",400000.0,True,525.0,7.4
WS/MP351/2025-2026/141857,Shri Kumbakudi Sudhakaran,Kerala,KANNUR,"Construction of roads, link roads, pathways or any other road with or without drainage system",1000000.0,True,185.0,7.4
WS/MP18161/2024-2025/138097,SANJNA JATAV,Rajasthan,BHARATPUR(SC),"Construction of roads, link roads, pathways or any other road with or without drainage system",500000.0,True,611.0,7.4
WS/MP643/2024-2025/146592,Gyaneshwar Patil,Madhya Pradesh,KHANDWA,Construction of buildings for community cultural activities,1500000.0,True,598.0,7.4
WS/MP826/2026-2027/135696,Raju Bista,West Bengal,DARJEELING,Street lights,500000.0,True,27.0,7.4
WS/MP826/2026-2027/135597,Raju Bista,West Bengal,DARJEELING,Street lights,500000.0,True,47.0,7.4
WS/MP577/2025-2026/140715,Jaswantsinh Sumanbhai Bhabhor,Gujarat,DAHOD(ST),"Construction of flood control embankments/ protection walls along riverbanks, hilltops, roadsides",491245.0,True,323.0,7.4
WS/MP643/2025-2026/146322,Gyaneshwar Patil,Madhya Pradesh,KHANDWA,Construction of common work sheds/ common covered sitting area,500000.0,True,486.0,7.4
WS/MP577/2024-2025/138732,Jaswantsinh Sumanbhai Bhabhor,Gujarat,DAHOD(ST),"Construction of roads, link roads, pathways or any other road with or without drainage system",250000.0,True,569.0,7.3
WS/MP826/2025-2026/135601,Raju Bista,West Bengal,DARJEELING,Street lights,500000.0,True,487.0,7.3
WS/MP18161/2024-2025/138090,SANJNA JATAV,Rajasthan,BHARATPUR(SC),"Construction of roads, link roads, pathways or any other road with or without drainage system",600000.0,True,611.0,7.3
WS/MP747/2025-2026/141753,Manickam Tagore B,Tamil Nadu,VIRUDHUNAGAR,Construction of bus-sheds or bus-stops,748056.0,True,328.0,7.3
WS/MP826/2025-2026/135598,Raju Bista,West Bengal,DARJEELING,Street lights,500000.0,True,487.0,7.3
WS/MP826/2025-2026/135602,Raju Bista,West Bengal,DARJEELING,Street lights,500000.0,True,487.0,7.3
WS/MP826/2024-2025/135688,Raju Bista,West Bengal,DARJEELING,Street lights,500000.0,True,558.0,7.3
WS/MP18353/2024-2025/143554,RACHNA BANERJEE,West Bengal,HOOGHLY,Construction of rooms and halls in school and colleges,675304.0,True,594.0,7.3
WS/MP826/2025-2026/135684,Raju Bista,West Bengal,DARJEELING,Street lights,500000.0,True,487.0,7.3
WS/MP826/2025-2026/135599,Raju Bista,West Bengal,DARJEELING,Street lights,500000.0,True,487.0,7.3
WS/MP826/2025-2026/135604,Raju Bista,West Bengal,DARJEELING,Street lights,500000.0,True,487.0,7.3
WS/MP643/2024-2025/146340,Gyaneshwar Patil,Madhya Pradesh,KHANDWA,Installing tube-wells and borewells,300000.0,True,550.0,7.3
WS/MP18232/2024-2025/143897,HARENDRA SINGH MALIK,Uttar Pradesh,MUZAFFARNAGAR,"Construction of roads, link roads, pathways or any other road with or without drainage system",196800.0,True,613.0,7.3
WS/MP18104/2025-2026/154234,DARSHAN SINGH CHOUDHARY,Madhya Pradesh,HOSHANGABAD,Construction of rooms and halls in school and colleges,150000.0,False,612.0,7.2
WS/MP351/2025-2026/142648,Shri Kumbakudi Sudhakaran,Kerala,KANNUR,"Construction of roads, link roads, pathways or any other road with or without drainage system",500000.0,True,185.0,7.2
WS/MP18064/2025-2026/155139,NAVEEN JINDAL,Haryana,KURUKSHETRA,Construction of common work sheds/ common covered sitting area,100000.0,False,635.0,7.2
WS/MP828/2024-2025/153443,Jagannath Sarkar,West Bengal,RANAGHAT(SC),Street lights,313373.0,False,638.0,7.2
WS/MP828/2024-2025/153428,Jagannath Sarkar,West Bengal,RANAGHAT(SC),Street lights,313405.0,False,638.0,7.2
WS/MP18324/2024-2025/153749,BHARATBHAI MANUBHAI SUTARIYA,Gujarat,AMRELI,"Construction of roads, link roads, pathways or any other road with or without drainage system",200000.0,False,640.0,7.2
WS/MP18324/2024-2025/153747,BHARATBHAI MANUBHAI SUTARIYA,Gujarat,AMRELI,"Construction of roads, link roads, pathways or any other road with or without drainage system",200000.0,False,640.0,7.2
WS/MP18104/2025-2026/154226,DARSHAN SINGH CHOUDHARY,Madhya Pradesh,HOSHANGABAD,Construction of rooms and halls in school and colleges,150000.0,False,612.0,7.2
WS/MP828/2024-2025/153422,Jagannath Sarkar,West Bengal,RANAGHAT(SC),Street lights,313373.0,False,638.0,7.2
WS/MP828/2024-2025/154529,Jagannath Sarkar,West Bengal,RANAGHAT(SC),Street lights,313405.0,False,637.0,7.2
WS/MP828/2024-2025/153103,Jagannath Sarkar,West Bengal,RANAGHAT(SC),Street lights,313373.0,False,641.0,7.2
WS/MP828/2025-2026/154528,Jagannath Sarkar,West Bengal,RANAGHAT(SC),Street lights,313142.0,False,637.0,7.2
WS/MP828/2024-2025/154531,Jagannath Sarkar,West Bengal,RANAGHAT(SC),Street lights,313405.0,False,637.0,7.2
WS/MP828/2024-2025/153106,Jagannath Sarkar,West Bengal,RANAGHAT(SC),Street lights,313373.0,False,641.0,7.2
WS/MP829/2024-2025/150794,Smt Sajda Ahmed,West Bengal,ULUBERIA,Construction of culverts and bridges,396980.0,False,656.0,7.1
WS/MP18064/2024-2025/154961,NAVEEN JINDAL,Haryana,KURUKSHETRA,Construction of rooms and halls in school and colleges,1500000.0,False,635.0,7.1
WS/MP747/2025-2026/141756,Manickam Tagore B,Tamil Nadu,VIRUDHUNAGAR,Construction of bus-sheds or bus-stops,749124.0,True,254.0,7.1
WS/MP643/2024-2025/146296,Gyaneshwar Patil,Madhya Pradesh,KHANDWA,Construction of common work sheds/ common covered sitting area,500000.0,True,550.0,7.1
WS/MP18278/2025-2026/141850,KAMLESH JANGDE,Chhattisgarh,JANJGIR CHAMPA(SC),Crematoriums/energy efficient crematoriums or structures on burial/cremation ground,250000.0,True,199.0,7.1
WS/MP429/2024-2025/141155,Jyotsna Charandas Mahant,Chhattisgarh,KORBA,Construction of community centers and community halls,400000.0,True,667.0,7.1
WS/MP429/2024-2025/143880,Jyotsna Charandas Mahant,Chhattisgarh,KORBA,Construction of footpaths and pedestrian ways,300000.0,True,667.0,7.0
WS/MP18161/2024-2025/138075,SANJNA JATAV,Rajasthan,BHARATPUR(SC),Crematoriums/energy efficient crematoriums or structures on burial/cremation ground,600000.0,True,619.0,7.0
WS/MP18006/2024-2025/141506,DAGGUMALLA PRASADA RAO,Andhra Pradesh,CHITTOOR,Construction of rooms and halls in school and colleges,2000000.0,True,697.0,7.0
WS/MP745/2025-2026/144827,K Subbarayan,Tamil Nadu,TIRUPPUR,Construction of community centers and community halls,5295000.0,True,184.0,7.0
WS/MP18314/2024-2025/141403,GURMEET SINGH MEET HAYER,Punjab,SANGRUR,Development of public parks,250000.0,True,632.0,7.0
WS/MP370/2024-2025/145540,Shri Jual Oram,Odisha,SUNDARGARH (ST),Construction of bus-sheds or bus-stops,700000.0,True,626.0,7.0
WS/MP18076/2024-2025/145678,DR C N MANJUNATH,Karnataka,BANGALORE RURAL,Construction of bus-sheds or bus-stops,500000.0,True,530.0,6.9
WS/MP443/2025-2026/142859,Rodmal Nagar,Madhya Pradesh,RAJGARH,Installation of fixed garden gym equipment,387988.0,True,489.0,6.9
WS/MP443/2025-2026/142871,Rodmal Nagar,Madhya Pradesh,RAJGARH,Installation of fixed garden gym equipment,387988.0,True,489.0,6.9
WS/MP18076/2024-2025/145672,DR C N MANJUNATH,Karnataka,BANGALORE RURAL,Construction of bus-sheds or bus-stops,500000.0,True,530.0,6.9
WS/MP18324/2025-2026/151104,BHARATBHAI MANUBHAI SUTARIYA,Gujarat,AMRELI,Construction of culverts and bridges,300000.0,False,655.0,6.9
WS/MP18324/2025-2026/151115,BHARATBHAI MANUBHAI SUTARIYA,Gujarat,AMRELI,Construction of culverts and bridges,300000.0,False,655.0,6.9
WS/MP18232/2024-2025/143894,HARENDRA SINGH MALIK,Uttar Pradesh,MUZAFFARNAGAR,"Construction of roads, link roads, pathways or any other road with or without drainage system",209900.0,True,613.0,6.9
WS/MP18232/2024-2025/143925,HARENDRA SINGH MALIK,Uttar Pradesh,MUZAFFARNAGAR,"Construction of roads, link roads, pathways or any other road with or without drainage system",219000.0,True,613.0,6.9
WS/MP18161/2024-2025/140128,SANJNA JATAV,Rajasthan,BHARATPUR(SC),"Construction of roads, link roads, pathways or any other road with or without drainage system",300000.0,True,611.0,6.9
WS/MP443/2025-2026/142872,Rodmal Nagar,Madhya Pradesh,RAJGARH,Installation of fixed garden gym equipment,387988.0,True,489.0,6.9
WS/MP443/2025-2026/142909,Rodmal Nagar,Madhya Pradesh,RAJGARH,Installation of fixed garden gym equipment,387988.0,True,489.0,6.9
WS/MP443/2025-2026/142875,Rodmal Nagar,Madhya Pradesh,RAJGARH,Installation of fixed garden gym equipment,387988.0,True,489.0,6.9
WS/MP443/2025-2026/142870,Rodmal Nagar,Madhya Pradesh,RAJGARH,Installation of fixed garden gym equipment,387988.0,True,489.0,6.9
WS/MP443/2025-2026/142866,Rodmal Nagar,Madhya Pradesh,RAJGARH,Installation of fixed garden gym equipment,387988.0,True,489.0,6.9
WS/MP443/2025-2026/142868,Rodmal Nagar,Madhya Pradesh,RAJGARH,Installation of fixed garden gym equipment,387988.0,True,489.0,6.9
WS/MP443/2025-2026/142903,Rodmal Nagar,Madhya Pradesh,RAJGARH,Installation of fixed garden gym equipment,387988.0,True,489.0,6.9
,RACHNA BANERJEE,West Bengal,HOOGHLY,Unknown,349953.0,False,719.0,6.9
WS/MP443/2025-2026/142874,Rodmal Nagar,Madhya Pradesh,RAJGARH,Installation of fixed garden gym equipment,387988.0,True,489.0,6.9
WS/MP443/2025-2026/142842,Rodmal Nagar,Madhya Pradesh,RAJGARH,Installation of fixed garden gym equipment,387988.0,True,489.0,6.9
WS/MP443/2025-2026/142844,Rodmal Nagar,Madhya Pradesh,RAJGARH,Installation of fixed garden gym equipment,387988.0,True,489.0,6.9
WS/MP443/2025-2026/142854,Rodmal Nagar,Madhya Pradesh,RAJGARH,Installation of fixed garden gym equipment,387988.0,True,489.0,6.9
WS/MP443/2025-2026/142846,Rodmal Nagar,Madhya Pradesh,RAJGARH,Installation of fixed garden gym equipment,387988.0,True,489.0,6.9
WS/MP443/2025-2026/142856,Rodmal Nagar,Madhya Pradesh,RAJGARH,Installation of fixed garden gym equipment,387988.0,True,489.0,6.9
WS/MP443/2025-2026/142873,Rodmal Nagar,Madhya Pradesh,RAJGARH,Installation of fixed garden gym equipment,387988.0,True,489.0,6.9
WS/MP443/2025-2026/142910,Rodmal Nagar,Madhya Pradesh,RAJGARH,Installation of fixed garden gym equipment,387988.0,True,489.0,6.9
WS/MP443/2025-2026/142902,Rodmal Nagar,Madhya Pradesh,RAJGARH,Installation of fixed garden gym equipment,387988.0,True,489.0,6.9
WS/MP443/2025-2026/142876,Rodmal Nagar,Madhya Pradesh,RAJGARH,Installation of fixed garden gym equipment,387988.0,True,489.0,6.9
WS/MP443/2025-2026/142906,Rodmal Nagar,Madhya Pradesh,RAJGARH,Installation of fixed garden gym equipment,387988.0,True,489.0,6.9
WS/MP443/2025-2026/142907,Rodmal Nagar,Madhya Pradesh,RAJGARH,Installation of fixed garden gym equipment,387988.0,True,489.0,6.9
WS/MP443/2025-2026/142857,Rodmal Nagar,Madhya Pradesh,RAJGARH,Installation of fixed garden gym equipment,387988.0,True,489.0,6.9
WS/MP18076/2024-2025/145673,DR C N MANJUNATH,Karnataka,BANGALORE RURAL,Construction of bus-sheds or bus-stops,500000.0,True,530.0,6.9
,RACHNA BANERJEE,West Bengal,HOOGHLY,Unknown,349953.0,False,719.0,6.9
WS/MP443/2025-2026/142912,Rodmal Nagar,Madhya Pradesh,RAJGARH,Installation of fixed garden gym equipment,387988.0,True,489.0,6.9
WS/MP443/2025-2026/142861,Rodmal Nagar,Madhya Pradesh,RAJGARH,Installation of fixed garden gym equipment,387988.0,True,489.0,6.9
WS/MP443/2025-2026/142864,Rodmal Nagar,Madhya Pradesh,RAJGARH,Installation of fixed garden gym equipment,387988.0,True,489.0,6.9
WS/MP443/2025-2026/142862,Rodmal Nagar,Madhya Pradesh,RAJGARH,Installation of fixed garden gym equipment,387988.0,True,489.0,6.9
WS/MP443/2025-2026/142867,Rodmal Nagar,Madhya Pradesh,RAJGARH,Installation of fixed garden gym equipment,387988.0,True,489.0,6.9
WS/MP443/2025-2026/142858,Rodmal Nagar,Madhya Pradesh,RAJGARH,Installation of fixed garden gym equipment,387988.0,True,489.0,6.9
WS/MP443/2025-2026/142860,Rodmal Nagar,Madhya Pradesh,RAJGARH,Installation of fixed garden gym equipment,387988.0,True,489.0,6.9
WS/MP18161/2024-2025/142584,SANJNA JATAV,Rajasthan,BHARATPUR(SC),"Construction of roads, link roads, pathways or any other road with or without drainage system",500000.0,True,599.0,6.9
WS/MP443/2025-2026/142865,Rodmal Nagar,Madhya Pradesh,RAJGARH,Installation of fixed garden gym equipment,387988.0,True,489.0,6.9
WS/MP370/2024-2025/145195,Shri Jual Oram,Odisha,SUNDARGARH (ST),Construction of community centers and community halls,780000.0,True,558.0,6.8
WS/MP370/2024-2025/142708,Shri Jual Oram,Odisha,SUNDARGARH (ST),Construction of community centers and community halls,780000.0,True,558.0,6.8
WS/MP18159/2024-2025/145803,BHUPENDER YADAV,Rajasthan,ALWAR,Construction of public libraries and reading rooms,1200000.0,True,619.0,6.8
WS/MP18161/2024-2025/138122,SANJNA JATAV,Rajasthan,BHARATPUR(SC),"Construction of roads, link roads, pathways or any other road with or without drainage system",400000.0,True,611.0,6.8
WS/MP526/2025-2026/152250,Y S Avinash Reddy,Andhra Pradesh,KADAPA,"Construction of roads, link roads, pathways or any other road with or without drainage system",300000.0,False,648.0,6.7
WS/MP526/2025-2026/152984,Y S Avinash Reddy,Andhra Pradesh,KADAPA,"Construction of roads, link roads, pathways or any other road with or without drainage system",300000.0,False,617.0,6.7
WS/MP18232/2024-2025/140696,HARENDRA SINGH MALIK,Uttar Pradesh,MUZAFFARNAGAR,"Construction of roads, link roads, pathways or any other road with or without drainage system",225000.0,True,613.0,6.7
WS/MP745/2025-2026/141315,K Subbarayan,Tamil Nadu,TIRUPPUR,Construction of community centers and community halls,6000000.0,True,312.0,6.7
WS/MP484/2024-2025/155352,Mala Roy,West Bengal,KOLKATA DAKSHIN,"Construction of roads, link roads, pathways or any other road with or without drainage system",3120000.0,False,633.0,6.7
WS/MP429/2024-2025/142113,Jyotsna Charandas Mahant,Chhattisgarh,KORBA,Construction of community centers and community halls,500000.0,True,544.0,6.7
WS/MP526/2025-2026/152251,Y S Avinash Reddy,Andhra Pradesh,KADAPA,"Construction of roads, link roads, pathways or any other road with or without drainage system",300000.0,False,648.0,6.7
WS/MP828/2024-2025/154520,Jagannath Sarkar,West Bengal,RANAGHAT(SC),Street lights,469367.0,False,630.0,6.7
WS/MP526/2024-2025/135770,Y S Avinash Reddy,Andhra Pradesh,KADAPA,"Construction of roads, link roads, pathways or any other road with or without drainage system",497000.0,True,643.0,6.7
WS/MP828/2024-2025/154210,Jagannath Sarkar,West Bengal,RANAGHAT(SC),Street lights,469367.0,False,637.0,6.7
WS/MP600/2024-2025/148180,Jitendra Singh,Jammu And Kashmir,UDHAMPUR,"Construction of roads, link roads, pathways or any other road with or without drainage system",255000.0,True,592.0,6.7
WS/MP18051/2024-2025/140095,ROOP KUMARI CHOUDHARY,Chhattisgarh,MAHASAMUND,"Construction of roads, link roads, pathways or any other road with or without drainage system",500000.0,True,635.0,6.7
WS/MP18006/2024-2025/141947,DAGGUMALLA PRASADA RAO,Andhra Pradesh,CHITTOOR,Construction of water tanks,3100000.0,True,683.0,6.7
WS/MP356/2025-2026/140605,Shri Sudheer Gupta,Madhya Pradesh,MANDSOUR,Improvement of electricity distribution infrastructure,499246.0,True,188.0,6.6
WS/MP18353/2024-2025/143553,RACHNA BANERJEE,West Bengal,HOOGHLY,Construction of buildings for crèches and anganwadies,1099986.0,True,626.0,6.6
WS/MP661/2025-2026/147465,Amol Ramsing Kolhe,Maharashtra,SHIRUR,Construction of community centers and community halls,999694.0,True,299.0,6.6
WS/MP18161/2024-2025/138095,SANJNA JATAV,Rajasthan,BHARATPUR(SC),Installing hand pumps,170000.0,True,590.0,6.5
WS/MP18076/2024-2025/145674,DR C N MANJUNATH,Karnataka,BANGALORE RURAL,Construction of bus-sheds or bus-stops,500000.0,True,549.0,6.5
WS/MP423/2024-2025/138263,Shri Abhishek Banerjee,West Bengal,DIAMOND HARBOUR,"Construction of roads, link roads, pathways or any other road with or without drainage system",332672.0,True,607.0,6.5
WS/MP18076/2024-2025/145643,DR C N MANJUNATH,Karnataka,BANGALORE RURAL,Construction of bus-sheds or bus-stops,500000.0,True,549.0,6.5
WS/MP18076/2024-2025/145646,DR C N MANJUNATH,Karnataka,BANGALORE RURAL,Construction of bus-sheds or bus-stops,500000.0,True,549.0,6.5
WS/MP18076/2024-2025/145631,DR C N MANJUNATH,Karnataka,BANGALORE RURAL,Construction of bus-sheds or bus-stops,500000.0,True,549.0,6.5
WS/MP18076/2024-2025/145677,DR C N MANJUNATH,Karnataka,BANGALORE RURAL,Construction of bus-sheds or bus-stops,500000.0,True,549.0,6.5
WS/MP661/2025-2026/147457,Amol Ramsing Kolhe,Maharashtra,SHIRUR,Construction of community centers and community halls,1000000.0,True,471.0,6.5
WS/MP18076/2024-2025/145647,DR C N MANJUNATH,Karnataka,BANGALORE RURAL,Construction of bus-sheds or bus-stops,500000.0,True,549.0,6.5
WS/MP370/2024-2025/145532,Shri Jual Oram,Odisha,SUNDARGARH (ST),Construction of community centers and community halls,700000.0,True,545.0,6.5
WS/MP823/2025-2026/152969,Ms Mahua Moitra,West Bengal,KRISHNANAGAR,Construction of culverts and bridges,4924873.0,False,643.0,6.5
WS/MP18076/2024-2025/145651,DR C N MANJUNATH,Karnataka,BANGALORE RURAL,Construction of bus-sheds or bus-stops,500000.0,True,549.0,6.5
WS/MP18076/2024-2025/145650,DR C N MANJUNATH,Karnataka,BANGALORE RURAL,Construction of bus-sheds or bus-stops,500000.0,True,549.0,6.5
WS/MP18076/2024-2025/145652,DR C N MANJUNATH,Karnataka,BANGALORE RURAL,Construction of bus-sheds or bus-stops,500000.0,True,549.0,6.5
WS/MP18076/2024-2025/145645,DR C N MANJUNATH,Karnataka,BANGALORE RURAL,Construction of bus-sheds or bus-stops,500000.0,True,549.0,6.5
WS/MP18076/2024-2025/145644,DR C N MANJUNATH,Karnataka,BANGALORE RURAL,Construction of bus-sheds or bus-stops,500000.0,True,549.0,6.5
WS/MP18076/2024-2025/145648,DR C N MANJUNATH,Karnataka,BANGALORE RURAL,Construction of bus-sheds or bus-stops,500000.0,True,549.0,6.5
WS/MP18232/2024-2025/140701,HARENDRA SINGH MALIK,Uttar Pradesh,MUZAFFARNAGAR,"Construction of roads, link roads, pathways or any other road with or without drainage system",1198000.0,True,613.0,6.5
WS/MP18076/2024-2025/145649,DR C N MANJUNATH,Karnataka,BANGALORE RURAL,Construction of bus-sheds or bus-stops,500000.0,True,549.0,6.5
WS/MP18076/2024-2025/145670,DR C N MANJUNATH,Karnataka,BANGALORE RURAL,Construction of bus-sheds or bus-stops,500000.0,True,549.0,6.5
WS/MP828/2024-2025/154533,Jagannath Sarkar,West Bengal,RANAGHAT(SC),Street lights,407426.0,False,637.0,6.5
WS/MP18161/2024-2025/138093,SANJNA JATAV,Rajasthan,BHARATPUR(SC),Installing hand pumps,170000.0,True,590.0,6.5
WS/MP18394/2024-2025/148070,V S Matheswaran,Tamil Nadu,NAMAKKAL,Construction of public libraries and reading rooms,650000.0,True,664.0,6.5
WS/MP823/2024-2025/139549,Ms Mahua Moitra,West Bengal,KRISHNANAGAR,Construction of rooms and halls in school and colleges,1999484.0,True,620.0,6.5
WS/MP18161/2024-2025/138096,SANJNA JATAV,Rajasthan,BHARATPUR(SC),Installing hand pumps,170000.0,True,590.0,6.5
WS/MP18076/2024-2025/145671,DR C N MANJUNATH,Karnataka,BANGALORE RURAL,Construction of bus-sheds or bus-stops,500000.0,True,549.0,6.5
WS/MP18076/2024-2025/145653,DR C N MANJUNATH,Karnataka,BANGALORE RURAL,Construction of bus-sheds or bus-stops,500000.0,True,549.0,6.5
WS/MP18161/2024-2025/138094,SANJNA JATAV,Rajasthan,BHARATPUR(SC),Installing hand pumps,170000.0,True,587.0,6.5
WS/MP858/2024-2025/140485,Asit Kumar Mal,West Bengal,BOLPUR(SC),"Construction of roads, link roads, pathways or any other road with or without drainage system",357000.0,True,600.0,6.4
WS/MP18227/2024-2025/148867,DAROGA PRASAD SAROJ,Uttar Pradesh,LALGANJ (SC),Street lights,285000.0,True,590.0,6.4
WS/MP18227/2024-2025/148856,DAROGA PRASAD SAROJ,Uttar Pradesh,LALGANJ (SC),Street lights,285000.0,True,590.0,6.4
WS/MP858/2024-2025/152110,Asit Kumar Mal,West Bengal,BOLPUR(SC),"Construction of roads, link roads, pathways or any other road with or without drainage system",500000.0,False,650.0,6.4
WS/MP423/2024-2025/138577,Shri Abhishek Banerjee,West Bengal,DIAMOND HARBOUR,"Construction of roads, link roads, pathways or any other road with or without drainage system",99926.0,True,633.0,6.4
WS/MP858/2024-2025/141387,Asit Kumar Mal,West Bengal,BOLPUR(SC),"Construction of roads, link roads, pathways or any other road with or without drainage system",1020000.0,True,608.0,6.4
WS/MP18352/2024-2025/153721,RAJEEV RAI,Uttar Pradesh,GHOSI,Construction of boundary walls of existing public and community buildings,2146851.0,False,639.0,6.4
WS/MP526/2024-2025/146048,Y S Avinash Reddy,Andhra Pradesh,KADAPA,"Construction of roads, link roads, pathways or any other road with or without drainage system",499000.0,True,593.0,6.4
WS/MP526/2024-2025/146052,Y S Avinash Reddy,Andhra Pradesh,KADAPA,"Construction of roads, link roads, pathways or any other road with or without drainage system",500000.0,True,593.0,6.4
WS/MP526/2024-2025/146051,Y S Avinash Reddy,Andhra Pradesh,KADAPA,"Construction of roads, link roads, pathways or any other road with or without drainage system",500000.0,True,593.0,6.4
WS/MP18227/2024-2025/148860,DAROGA PRASAD SAROJ,Uttar Pradesh,LALGANJ (SC),Street lights,285000.0,True,590.0,6.4
WS/MP828/2024-2025/154530,Jagannath Sarkar,West Bengal,RANAGHAT(SC),Street lights,250724.0,False,637.0,6.4
WS/MP828/2024-2025/153104,Jagannath Sarkar,West Bengal,RANAGHAT(SC),Street lights,268552.0,False,641.0,6.4
WS/MP577/2024-2025/138738,Jaswantsinh Sumanbhai Bhabhor,Gujarat,DAHOD(ST),"Construction of roads, link roads, pathways or any other road with or without drainage system",294400.0,True,525.0,6.4
WS/MP828/2024-2025/153435,Jagannath Sarkar,West Bengal,RANAGHAT(SC),Street lights,268552.0,False,638.0,6.4
WS/MP828/2024-2025/153425,Jagannath Sarkar,West Bengal,RANAGHAT(SC),Street lights,250724.0,False,638.0,6.4
WS/MP828/2024-2025/153445,Jagannath Sarkar,West Bengal,RANAGHAT(SC),Street lights,268552.0,False,638.0,6.4
WS/MP859/2024-2025/152782,Kalyan Banerjee,West Bengal,SREERAMPUR,"Construction of roads, link roads, pathways or any other road with or without drainage system",4688851.0,False,645.0,6.4
WS/MP526/2024-2025/135771,Y S Avinash Reddy,Andhra Pradesh,KADAPA,"Construction of roads, link roads, pathways or any other road with or without drainage system",496000.0,True,643.0,6.4
WS/MP828/2025-2026/154537,Jagannath Sarkar,West Bengal,RANAGHAT(SC),Street lights,375771.0,False,637.0,6.4
WS/MP828/2025-2026/154534,Jagannath Sarkar,West Bengal,RANAGHAT(SC),Street lights,375770.0,False,637.0,6.4
WS/MP859/2024-2025/149456,Kalyan Banerjee,West Bengal,SREERAMPUR,Crematoriums/energy efficient crematoriums or structures on burial/cremation ground,668040.0,False,667.0,6.3
WS/MP18104/2025-2026/152335,DARSHAN SINGH CHOUDHARY,Madhya Pradesh,HOSHANGABAD,Construction of buildings for multi-gym,100000.0,False,612.0,6.3
WS/MP526/2024-2025/147605,Y S Avinash Reddy,Andhra Pradesh,KADAPA,"Construction of roads, link roads, pathways or any other road with or without drainage system",495000.0,True,593.0,6.3
WS/MP18394/2024-2025/148069,V S Matheswaran,Tamil Nadu,NAMAKKAL,Construction of buildings for crèches and anganwadies,1800000.0,True,619.0,6.3
WS/MP828/2024-2025/153429,Jagannath Sarkar,West Bengal,RANAGHAT(SC),Street lights,376048.0,False,638.0,6.3
WS/MP826/2024-2025/135568,Raju Bista,West Bengal,DARJEELING,Street lights,466505.0,True,608.0,6.3
WS/MP526/2024-2025/147606,Y S Avinash Reddy,Andhra Pradesh,KADAPA,"Construction of roads, link roads, pathways or any other road with or without drainage system",495000.0,True,593.0,6.3
WS/MP661/2025-2026/147454,Amol Ramsing Kolhe,Maharashtra,SHIRUR,Construction of community centers and community halls,1000000.0,True,488.0,6.3
WS/MP859/2024-2025/149461,Kalyan Banerjee,West Bengal,SREERAMPUR,Crematoriums/energy efficient crematoriums or structures on burial/cremation ground,640355.0,False,667.0,6.3
WS/MP826/2024-2025/135583,Raju Bista,West Bengal,DARJEELING,Street lights,500000.0,True,608.0,6.2
WS/MP351/2025-2026/141853,Shri Kumbakudi Sudhakaran,Kerala,KANNUR,"Construction of roads, link roads, pathways or any other road with or without drainage system",700000.0,True,186.0,6.2
WS/MP351/2025-2026/141849,Shri Kumbakudi Sudhakaran,Kerala,KANNUR,"Construction of roads, link roads, pathways or any other road with or without drainage system",700000.0,True,185.0,6.2
WS/MP826/2024-2025/135692,Raju Bista,West Bengal,DARJEELING,Street lights,500000.0,True,608.0,6.2
WS/MP826/2024-2025/135584,Raju Bista,West Bengal,DARJEELING,Street lights,500000.0,True,608.0,6.2
WS/MP826/2024-2025/135687,Raju Bista,West Bengal,DARJEELING,Street lights,500000.0,True,608.0,6.2
WS/MP823/2024-2025/139548,Ms Mahua Moitra,West Bengal,KRISHNANAGAR,Construction of culverts and bridges,6433401.0,True,620.0,6.2
WS/MP826/2024-2025/135693,Raju Bista,West Bengal,DARJEELING,Street lights,500000.0,True,608.0,6.2
WS/MP826/2024-2025/135715,Raju Bista,West Bengal,DARJEELING,Construction of rooms and halls in school and colleges,490768.0,True,558.0,6.2
WS/MP826/2024-2025/135585,Raju Bista,West Bengal,DARJEELING,Street lights,500000.0,True,608.0,6.2
WS/MP823/2024-2025/139555,Ms Mahua Moitra,West Bengal,KRISHNANAGAR,Construction of culverts and bridges,4903989.0,True,615.0,6.2
WS/MP828/2024-2025/154522,Jagannath Sarkar,West Bengal,RANAGHAT(SC),Street lights,537211.0,False,637.0,6.1
WS/MP828/2024-2025/154526,Jagannath Sarkar,West Bengal,RANAGHAT(SC),Street lights,537211.0,False,637.0,6.1
WS/MP743/2025-2026/142092,Ganesan Selvam,Tamil Nadu,KANCHEEPURAM(SC),Construction of community centers and community halls,4000000.0,True,498.0,6.1
,Y S Avinash Reddy,Andhra Pradesh,KADAPA,Unknown,300000.0,False,656.0,6.1
WS/MP18265/2025-2026/154781,M.K. VISHNUPRASAD,Tamil Nadu,CUDDALORE,Construction of boundary walls of existing public and community buildings,963358.0,False,632.0,6.1
WS/MP577/2024-2025/147091,Jaswantsinh Sumanbhai Bhabhor,Gujarat,DAHOD(ST),Establishing public lift irrigation projects,346970.0,True,525.0,6.0
WS/MP18227/2024-2025/150957,DAROGA PRASAD SAROJ,Uttar Pradesh,LALGANJ (SC),Improvement of electricity distribution infrastructure,231844.0,False,655.0,6.0
WS/MP429/2024-2025/151719,Jyotsna Charandas Mahant,Chhattisgarh,KORBA,Construction of community centers and community halls,500000.0,False,651.0,6.0
WS/MP643/2024-2025/146293,Gyaneshwar Patil,Madhya Pradesh,KHANDWA,Construction of common work sheds/ common covered sitting area,250000.0,True,550.0,6.0
WS/MP18232/2024-2025/143902,HARENDRA SINGH MALIK,Uttar Pradesh,MUZAFFARNAGAR,"Construction of roads, link roads, pathways or any other road with or without drainage system",1100000.0,True,613.0,6.0
WS/MP826/2024-2025/135596,Raju Bista,West Bengal,DARJEELING,Street lights,396764.0,True,608.0,6.0
WS/MP745/2025-2026/141431,K Subbarayan,Tamil Nadu,TIRUPPUR,Construction of public toilets and bathrooms,999902.0,True,312.0,6.0
WS/MP577/2024-2025/138737,Jaswantsinh Sumanbhai Bhabhor,Gujarat,DAHOD(ST),"Construction of roads, link roads, pathways or any other road with or without drainage system",298500.0,True,525.0,6.0
WS/MP484/2024-2025/155337,Mala Roy,West Bengal,KOLKATA DAKSHIN,Construction of footpaths and pedestrian ways,407000.0,False,633.0,6.0
WS/MP18007/2024-2025/147244,Putta Mahesh Kumar,Andhra Pradesh,ELURU,Construction of community centers and community halls,2050000.0,True,564.0,5.9
WS/MP18394/2024-2025/153071,V S Matheswaran,Tamil Nadu,NAMAKKAL,"Construction of roads, link roads, pathways or any other road with or without drainage system",1000000.0,False,643.0,5.9
WS/MP423/2024-2025/138445,Shri Abhishek Banerjee,West Bengal,DIAMOND HARBOUR,"Construction of roads, link roads, pathways or any other road with or without drainage system",267517.0,True,600.0,5.9
WS/MP18390/2026-2027/148735,AFZAL ANSARI,Uttar Pradesh,GHAZIPUR,"Construction of roads, link roads, pathways or any other road with or without drainage system",400000.0,True,1.0,5.9
WS/MP18232/2024-2025/140698,HARENDRA SINGH MALIK,Uttar Pradesh,MUZAFFARNAGAR,"Construction of roads, link roads, pathways or any other road with or without drainage system",299000.0,True,613.0,5.9
WS/MP18232/2024-2025/140695,HARENDRA SINGH MALIK,Uttar Pradesh,MUZAFFARNAGAR,"Construction of roads, link roads, pathways or any other road with or without drainage system",299000.0,True,613.0,5.9
WS/MP18265/2025-2026/154924,M.K. VISHNUPRASAD,Tamil Nadu,CUDDALORE,Construction of buildings for community cultural activities,799864.0,False,632.0,5.9
WS/MP18390/2026-2027/148734,AFZAL ANSARI,Uttar Pradesh,GHAZIPUR,"Construction of roads, link roads, pathways or any other road with or without drainage system",400000.0,True,1.0,5.9
WS/MP681/2025-2026/143978,Sanjay Haribhau Jadhav,Maharashtra,PARBHANI,"Construction of roads, link roads, pathways or any other road with or without drainage system",699809.0,True,345.0,5.9
WS/MP526/2024-2025/140439,Y S Avinash Reddy,Andhra Pradesh,KADAPA,Purchase of furniture and fixtures for educational purposes,400000.0,True,643.0,5.9
WS/MP18232/2024-2025/143918,HARENDRA SINGH MALIK,Uttar Pradesh,MUZAFFARNAGAR,"Construction of roads, link roads, pathways or any other road with or without drainage system",297500.0,True,613.0,5.8
WS/MP577/2025-2026/133596,Jaswantsinh Sumanbhai Bhabhor,Gujarat,DAHOD(ST),"Construction of roads, link roads, pathways or any other road with or without drainage system",300000.0,True,223.0,5.8
WS/MP18390/2025-2026/148839,AFZAL ANSARI,Uttar Pradesh,GHAZIPUR,"Construction of roads, link roads, pathways or any other road with or without drainage system",400000.0,True,431.0,5.8
WS/MP858/2024-2025/140428,Asit Kumar Mal,West Bengal,BOLPUR(SC),"Construction of roads, link roads, pathways or any other road with or without drainage system",408000.0,True,608.0,5.8
WS/MP18101/2024-2025/143856,RAHUL SINGH LODHI,Madhya Pradesh,DAMOH,Construction of additional rooms and halls in the existing public and community building,1800000.0,True,653.0,5.8
WS/MP18232/2024-2025/143904,HARENDRA SINGH MALIK,Uttar Pradesh,MUZAFFARNAGAR,"Construction of roads, link roads, pathways or any other road with or without drainage system",258000.0,True,613.0,5.8
WS/MP18227/2024-2025/148289,DAROGA PRASAD SAROJ,Uttar Pradesh,LALGANJ (SC),Construction of rooms and halls in school and colleges,500000.0,True,541.0,5.7
WS/MP423/2024-2025/138676,Shri Abhishek Banerjee,West Bengal,DIAMOND HARBOUR,"Construction of roads, link roads, pathways or any other road with or without drainage system",349746.0,True,633.0,5.7
WS/MP370/2024-2025/145478,Shri Jual Oram,Odisha,SUNDARGARH (ST),Construction of community centers and community halls,700000.0,True,558.0,5.7
WS/MP858/2024-2025/140483,Asit Kumar Mal,West Bengal,BOLPUR(SC),"Construction of roads, link roads, pathways or any other road with or without drainage system",357000.0,True,608.0,5.7
WS/MP18245/2025-2026/147646,BAG MITALI,West Bengal,ARAMBAG(SC),"Construction of cycle tracks, cycle stand and segregated non-motorized vehicle (NMV) lanes",500000.0,True,438.0,5.7
WS/MP858/2024-2025/141389,Asit Kumar Mal,West Bengal,BOLPUR(SC),"Construction of roads, link roads, pathways or any other road with or without drainage system",357000.0,True,608.0,5.7
WS/MP856/2024-2025/154867,Rajnath Singh,Uttar Pradesh,LUCKNOW,"Construction of roads, link roads, pathways or any other road with or without drainage system",1085000.0,False,635.0,5.6
WS/MP18232/2024-2025/141620,HARENDRA SINGH MALIK,Uttar Pradesh,MUZAFFARNAGAR,"Construction of roads, link roads, pathways or any other road with or without drainage system",346000.0,True,613.0,5.6
WS/MP484/2024-2025/155336,Mala Roy,West Bengal,KOLKATA DAKSHIN,Construction of footpaths and pedestrian ways,465000.0,False,633.0,5.6
WS/MP577/2025-2026/140719,Jaswantsinh Sumanbhai Bhabhor,Gujarat,DAHOD(ST),"Construction of roads, link roads, pathways or any other road with or without drainage system",491262.0,True,323.0,5.6
WS/MP600/2024-2025/148165,Jitendra Singh,Jammu And Kashmir,UDHAMPUR,Construction of boundary walls of existing public and community buildings,198000.0,True,592.0,5.6
WS/MP577/2025-2026/140716,Jaswantsinh Sumanbhai Bhabhor,Gujarat,DAHOD(ST),"Construction of roads, link roads, pathways or any other road with or without drainage system",491262.0,True,323.0,5.6
WS/MP423/2024-2025/138272,Shri Abhishek Banerjee,West Bengal,DIAMOND HARBOUR,"Construction of roads, link roads, pathways or any other road with or without drainage system",350000.0,True,634.0,5.5
WS/MP370/2024-2025/145539,Shri Jual Oram,Odisha,SUNDARGARH (ST),Construction of public toilets and bathrooms,500000.0,True,558.0,5.5
WS/MP423/2024-2025/138677,Shri Abhishek Banerjee,West Bengal,DIAMOND HARBOUR,"Construction of roads, link roads, pathways or any other road with or without drainage system",349913.0,True,622.0,5.5
WS/MP18390/2024-2025/148736,AFZAL ANSARI,Uttar Pradesh,GHAZIPUR,"Construction of roads, link roads, pathways or any other road with or without drainage system",400000.0,True,517.0,5.5
WS/MP18104/2025-2026/152185,DARSHAN SINGH CHOUDHARY,Madhya Pradesh,HOSHANGABAD,Construction of common work sheds/ common covered sitting area,150000.0,False,612.0,5.5
WS/MP370/2024-2025/145375,Shri Jual Oram,Odisha,SUNDARGARH (ST),Construction of community centers and community halls,350000.0,True,593.0,5.5
WS/MP18353/2024-2025/143552,RACHNA BANERJEE,West Bengal,HOOGHLY,Construction of buildings for crèches and anganwadies,762278.0,True,594.0,5.4
,Shri Jual Oram,Odisha,SUNDARGARH (ST),Unknown,600000.0,False,688.0,5.4
,Shri Jual Oram,Odisha,SUNDARGARH (ST),Unknown,600000.0,False,688.0,5.4
,PUSHPENDRA SAROJ,Uttar Pradesh,KAUSHAMBI(SC),Unknown,74000.0,False,697.0,5.4
WS/MP18104/2026-2027/152597,DARSHAN SINGH CHOUDHARY,Madhya Pradesh,HOSHANGABAD,Installation of multi-gym equipment,100000.0,False,612.0,5.4
WS/MP745/2025-2026/138566,K Subbarayan,Tamil Nadu,TIRUPPUR,Construction of community centers and community halls,1345965.0,True,333.0,5.4
,PUSHPENDRA SAROJ,Uttar Pradesh,KAUSHAMBI(SC),Unknown,74000.0,False,697.0,5.4
WS/MP370/2024-2025/145444,Shri Jual Oram,Odisha,SUNDARGARH (ST),Construction of community centers and community halls,700000.0,True,657.0,5.4
WS/MP577/2024-2025/138733,Jaswantsinh Sumanbhai Bhabhor,Gujarat,DAHOD(ST),"Construction of roads, link roads, pathways or any other road with or without drainage system",300000.0,True,525.0,5.4
WS/MP18227/2024-2025/148291,DAROGA PRASAD SAROJ,Uttar Pradesh,LALGANJ (SC),Construction of rooms and halls in school and colleges,500000.0,True,579.0,5.4
WS/MP370/2024-2025/145445,Shri Jual Oram,Odisha,SUNDARGARH (ST),Construction of community centers and community halls,700000.0,True,657.0,5.4
WS/MP577/2024-2025/140781,Jaswantsinh Sumanbhai Bhabhor,Gujarat,DAHOD(ST),"Construction of roads, link roads, pathways or any other road with or without drainage system",500000.0,True,525.0,5.3
WS/MP18324/2025-2026/155151,BHARATBHAI MANUBHAI SUTARIYA,Gujarat,AMRELI,"Construction of roads, link roads, pathways or any other road with or without drainage system",300000.0,False,635.0,5.3
WS/MP18324/2024-2025/155156,BHARATBHAI MANUBHAI SUTARIYA,Gujarat,AMRELI,"Construction of roads, link roads, pathways or any other road with or without drainage system",300000.0,False,635.0,5.3
WS/MP18324/2024-2025/153724,BHARATBHAI MANUBHAI SUTARIYA,Gujarat,AMRELI,"Construction of roads, link roads, pathways or any other road with or without drainage system",300000.0,False,640.0,5.3
WS/MP18177/2025-2026/152629,K E PRAKASH,Tamil Nadu,ERODE,Construction of buildings for crèches and anganwadies,626143.0,False,627.0,5.3
WS/MP18324/2024-2025/151159,BHARATBHAI MANUBHAI SUTARIYA,Gujarat,AMRELI,"Construction of roads, link roads, pathways or any other road with or without drainage system",300000.0,False,655.0,5.3
WS/MP18324/2024-2025/155149,BHARATBHAI MANUBHAI SUTARIYA,Gujarat,AMRELI,"Construction of roads, link roads, pathways or any other road with or without drainage system",300000.0,False,635.0,5.3
WS/MP18324/2024-2025/151156,BHARATBHAI MANUBHAI SUTARIYA,Gujarat,AMRELI,"Construction of roads, link roads, pathways or any other road with or without drainage system",300000.0,False,655.0,5.3
WS/MP18324/2024-2025/151883,BHARATBHAI MANUBHAI SUTARIYA,Gujarat,AMRELI,"Construction of roads, link roads, pathways or any other road with or without drainage system",300000.0,False,650.0,5.3
WS/MP856/2024-2025/154616,Rajnath Singh,Uttar Pradesh,LUCKNOW,"Construction of roads, link roads, pathways or any other road with or without drainage system",975581.0,False,636.0,5.3
WS/MP18324/2024-2025/151950,BHARATBHAI MANUBHAI SUTARIYA,Gujarat,AMRELI,"Construction of roads, link roads, pathways or any other road with or without drainage system",300000.0,False,650.0,5.3
WS/MP823/2024-2025/139966,Ms Mahua Moitra,West Bengal,KRISHNANAGAR,Renovation of ponds and lakes,518968.0,True,605.0,5.3
WS/MP18104/2024-2025/152596,DARSHAN SINGH CHOUDHARY,Madhya Pradesh,HOSHANGABAD,Construction of common work sheds/ common covered sitting area,100000.0,False,612.0,5.3
WS/MP18324/2025-2026/151157,BHARATBHAI MANUBHAI SUTARIYA,Gujarat,AMRELI,"Construction of roads, link roads, pathways or any other road with or without drainage system",300000.0,False,655.0,5.3
WS/MP18324/2025-2026/151491,BHARATBHAI MANUBHAI SUTARIYA,Gujarat,AMRELI,"Construction of roads, link roads, pathways or any other road with or without drainage system",300000.0,False,653.0,5.3
WS/MP18324/2025-2026/151494,BHARATBHAI MANUBHAI SUTARIYA,Gujarat,AMRELI,"Construction of roads, link roads, pathways or any other road with or without drainage system",300000.0,False,653.0,5.3
WS/MP18324/2025-2026/151493,BHARATBHAI MANUBHAI SUTARIYA,Gujarat,AMRELI,"Construction of roads, link roads, pathways or any other road with or without drainage system",300000.0,False,653.0,5.3
WS/MP18324/2025-2026/151492,BHARATBHAI MANUBHAI SUTARIYA,Gujarat,AMRELI,"Construction of roads, link roads, pathways or any other road with or without drainage system",300000.0,False,653.0,5.3
WS/MP18324/2024-2025/151485,BHARATBHAI MANUBHAI SUTARIYA,Gujarat,AMRELI,"Construction of roads, link roads, pathways or any other road with or without drainage system",300000.0,False,653.0,5.3
WS/MP18324/2025-2026/151103,BHARATBHAI MANUBHAI SUTARIYA,Gujarat,AMRELI,"Construction of roads, link roads, pathways or any other road with or without drainage system",300000.0,False,655.0,5.3
WS/MP18324/2024-2025/151338,BHARATBHAI MANUBHAI SUTARIYA,Gujarat,AMRELI,"Construction of roads, link roads, pathways or any other road with or without drainage system",300000.0,False,653.0,5.3
WS/MP423/2024-2025/138678,Shri Abhishek Banerjee,West Bengal,DIAMOND HARBOUR,"Construction of roads, link roads, pathways or any other road with or without drainage system",299675.0,True,622.0,5.3
WS/MP18324/2025-2026/151107,BHARATBHAI MANUBHAI SUTARIYA,Gujarat,AMRELI,"Construction of roads, link roads, pathways or any other road with or without drainage system",300000.0,False,655.0,5.3
WS/MP18324/2025-2026/151105,BHARATBHAI MANUBHAI SUTARIYA,Gujarat,AMRELI,"Construction of roads, link roads, pathways or any other road with or without drainage system",300000.0,False,655.0,5.3
WS/MP18324/2025-2026/151099,BHARATBHAI MANUBHAI SUTARIYA,Gujarat,AMRELI,"Construction of roads, link roads, pathways or any other road with or without drainage system",300000.0,False,655.0,5.3
WS/MP18324/2025-2026/151106,BHARATBHAI MANUBHAI SUTARIYA,Gujarat,AMRELI,"Construction of roads, link roads, pathways or any other road with or without drainage system",300000.0,False,655.0,5.3
WS/MP18007/2024-2025/149399,Putta Mahesh Kumar,Andhra Pradesh,ELURU,"Construction of Government office buildings (Post office, Police station, Police chauki, etc.)",3204000.0,False,667.0,5.2
WS/MP823/2024-2025/139965,Ms Mahua Moitra,West Bengal,KRISHNANAGAR,"Construction of Government office buildings (Post office, Police station, Police chauki, etc.)",2028611.0,True,605.0,5.2
WS/MP423/2024-2025/138589,Shri Abhishek Banerjee,West Bengal,DIAMOND HARBOUR,"Construction of roads, link roads, pathways or any other road with or without drainage system",299994.0,True,622.0,5.2
WS/MP600/2024-2025/148153,Jitendra Singh,Jammu And Kashmir,UDHAMPUR,Construction of public toilets and bathrooms,144000.0,True,592.0,5.2
WS/MP370/2024-2025/145557,Shri Jual Oram,Odisha,SUNDARGARH (ST),Construction of community centers and community halls,600000.0,True,545.0,5.2
WS/MP577/2024-2025/140780,Jaswantsinh Sumanbhai Bhabhor,Gujarat,DAHOD(ST),"Construction of roads, link roads, pathways or any other road with or without drainage system",495000.0,True,525.0,5.2
WS/MP577/2024-2025/140784,Jaswantsinh Sumanbhai Bhabhor,Gujarat,DAHOD(ST),"Construction of roads, link roads, pathways or any other road with or without drainage system",245800.0,True,592.0,5.2
WS/MP18007/2024-2025/149400,Putta Mahesh Kumar,Andhra Pradesh,ELURU,"Construction of Government office buildings (Post office, Police station, Police chauki, etc.)",3204000.0,False,667.0,5.2
WS/MP577/2024-2025/146154,Jaswantsinh Sumanbhai Bhabhor,Gujarat,DAHOD(ST),Setting up of kitchen and pantries,500000.0,True,521.0,5.2
WS/MP423/2024-2025/138579,Shri Abhishek Banerjee,West Bengal,DIAMOND HARBOUR,"Construction of roads, link roads, pathways or any other road with or without drainage system",300000.0,True,633.0,5.2
WS/MP18064/2025-2026/151038,NAVEEN JINDAL,Haryana,KURUKSHETRA,Construction of community centers and community halls,1077156.0,False,655.0,5.2
WS/MP18064/2025-2026/150852,NAVEEN JINDAL,Haryana,KURUKSHETRA,Construction of community centers and community halls,1100000.0,False,656.0,5.2
WS/MP18232/2024-2025/143895,HARENDRA SINGH MALIK,Uttar Pradesh,MUZAFFARNAGAR,"Construction of roads, link roads, pathways or any other road with or without drainage system",350000.0,True,613.0,5.2
WS/MP485/2024-2025/149757,Pratima Mondal,West Bengal,JOYNAGAR(SC),"Construction of roads, link roads, pathways or any other road with or without drainage system",700000.0,False,664.0,5.2
WS/MP18265/2025-2026/151991,M.K. VISHNUPRASAD,Tamil Nadu,CUDDALORE,Construction of buildings for community cultural activities,998271.0,False,650.0,5.1
WS/MP826/2025-2026/135701,Raju Bista,West Bengal,DARJEELING,Construction of additional rooms and halls in the existing public and community building,1000000.0,True,502.0,5.1
WS/MP18390/2025-2026/148837,AFZAL ANSARI,Uttar Pradesh,GHAZIPUR,"Construction of roads, link roads, pathways or any other road with or without drainage system",600000.0,True,431.0,5.1
WS/MP856/2024-2025/154593,Rajnath Singh,Uttar Pradesh,LUCKNOW,"Construction of roads, link roads, pathways or any other road with or without drainage system",896953.0,False,636.0,5.1
WS/MP743/2024-2025/142091,Ganesan Selvam,Tamil Nadu,KANCHEEPURAM(SC),Construction of buildings for crèches and anganwadies,1498588.0,True,514.0,5.1
WS/MP18324/2025-2026/151490,BHARATBHAI MANUBHAI SUTARIYA,Gujarat,AMRELI,"Construction of roads, link roads, pathways or any other road with or without drainage system",297100.0,False,653.0,5.1
WS/MP661/2025-2026/147480,Amol Ramsing Kolhe,Maharashtra,SHIRUR,"Construction of roads, link roads, pathways or any other road with or without drainage system",995639.0,True,489.0,5.1
WS/MP681/2024-2025/143972,Sanjay Haribhau Jadhav,Maharashtra,PARBHANI,Construction of community centers and community halls,999768.0,True,585.0,5.1
WS/MP18390/2025-2026/148748,AFZAL ANSARI,Uttar Pradesh,GHAZIPUR,"Construction of roads, link roads, pathways or any other road with or without drainage system",600000.0,True,424.0,5.1
WS/MP370/2024-2025/145533,Shri Jual Oram,Odisha,SUNDARGARH (ST),Construction of community centers and community halls,700000.0,True,633.0,5.1
WS/MP370/2024-2025/145382,Shri Jual Oram,Odisha,SUNDARGARH (ST),Construction of community centers and community halls,500000.0,True,545.0,5.0
WS/MP370/2025-2026/145443,Shri Jual Oram,Odisha,SUNDARGARH (ST),Construction of community centers and community halls,500000.0,True,403.0,5.0
WS/MP423/2024-2025/138674,Shri Abhishek Banerjee,West Bengal,DIAMOND HARBOUR,"Construction of roads, link roads, pathways or any other road with or without drainage system",299967.0,True,633.0,5.0
WS/MP745/2025-2026/141314,K Subbarayan,Tamil Nadu,TIRUPPUR,Construction of community centers and community halls,1034903.0,True,360.0,5.0
WS/MP18245/2025-2026/153066,BAG MITALI,West Bengal,ARAMBAG(SC),Provision of escalator and travellators for public use,2455577.0,False,613.0,5.0
WS/MP423/2024-2025/138580,Shri Abhishek Banerjee,West Bengal,DIAMOND HARBOUR,"Construction of roads, link roads, pathways or any other road with or without drainage system",299974.0,True,633.0,5.0
WS/MP852/2024-2025/154568,Abu Taher Khan,West Bengal,MURSHIDABAD,"Construction of Government office buildings (Post office, Police station, Police chauki, etc.)",2386402.0,False,637.0,5.0
WS/MP370/2024-2025/145385,Shri Jual Oram,Odisha,SUNDARGARH (ST),Construction of community centers and community halls,500000.0,True,545.0,5.0
WS/MP423/2024-2025/138675,Shri Abhishek Banerjee,West Bengal,DIAMOND HARBOUR,"Construction of roads, link roads, pathways or any other road with or without drainage system",299889.0,True,633.0,5.0
WS/MP18232/2024-2025/143921,HARENDRA SINGH MALIK,Uttar Pradesh,MUZAFFARNAGAR,"Construction of roads, link roads, pathways or any other road with or without drainage system",791000.0,True,613.0,5.0
WS/MP823/2024-2025/139553,Ms Mahua Moitra,West Bengal,KRISHNANAGAR,"Construction of roads, link roads, pathways or any other road with or without drainage system",1645589.0,True,620.0,5.0
WS/MP370/2024-2025/145383,Shri Jual Oram,Odisha,SUNDARGARH (ST),Construction of community centers and community halls,500000.0,True,545.0,5.0
WS/MP423/2024-2025/138576,Shri Abhishek Banerjee,West Bengal,DIAMOND HARBOUR,"Construction of roads, link roads, pathways or any other road with or without drainage system",299999.0,True,633.0,5.0
WS/MP18236/2024-2025/139258,CHHOTELAL,Uttar Pradesh,ROBERTSGANJ(SC),"Construction of roads, link roads, pathways or any other road with or without drainage system",900000.0,True,629.0,4.9
WS/MP743/2024-2025/152618,Ganesan Selvam,Tamil Nadu,KANCHEEPURAM(SC),Construction of buildings for community cultural activities,999058.0,False,646.0,4.9
WS/MP18227/2025-2026/151391,DAROGA PRASAD SAROJ,Uttar Pradesh,LALGANJ (SC),Construction of community centers and community halls,1000000.0,False,653.0,4.9
WS/MP18265/2025-2026/155174,M.K. VISHNUPRASAD,Tamil Nadu,CUDDALORE,Providing supply pipelines for drinking water,1000000.0,False,632.0,4.9
WS/MP681/2024-2025/134799,Sanjay Haribhau Jadhav,Maharashtra,PARBHANI,Construction of community centers and community halls,999356.0,True,695.0,4.9
WS/MP18006/2024-2025/141507,DAGGUMALLA PRASADA RAO,Andhra Pradesh,CHITTOOR,Construction of rooms and halls in school and colleges,600000.0,True,697.0,4.9
WS/MP600/2024-2025/148247,Jitendra Singh,Jammu And Kashmir,UDHAMPUR,"Construction of roads, link roads, pathways or any other road with or without drainage system",182000.0,True,592.0,4.9
WS/MP681/2024-2025/143809,Sanjay Haribhau Jadhav,Maharashtra,PARBHANI,"Construction of roads, link roads, pathways or any other road with or without drainage system",999464.0,True,681.0,4.9
WS/MP18232/2024-2025/143911,HARENDRA SINGH MALIK,Uttar Pradesh,MUZAFFARNAGAR,"Construction of roads, link roads, pathways or any other road with or without drainage system",499000.0,True,613.0,4.9
WS/MP681/2024-2025/134805,Sanjay Haribhau Jadhav,Maharashtra,PARBHANI,Construction of community centers and community halls,999711.0,True,683.0,4.9
WS/MP18232/2024-2025/143900,HARENDRA SINGH MALIK,Uttar Pradesh,MUZAFFARNAGAR,"Construction of roads, link roads, pathways or any other road with or without drainage system",499000.0,True,613.0,4.9
WS/MP18232/2024-2025/143912,HARENDRA SINGH MALIK,Uttar Pradesh,MUZAFFARNAGAR,"Construction of roads, link roads, pathways or any other road with or without drainage system",499000.0,True,613.0,4.9
WS/MP18390/2024-2025/148738,AFZAL ANSARI,Uttar Pradesh,GHAZIPUR,"Construction of roads, link roads, pathways or any other road with or without drainage system",600000.0,True,517.0,4.8
WS/MP370/2024-2025/145561,Shri Jual Oram,Odisha,SUNDARGARH (ST),Construction of community centers and community halls,400000.0,True,626.0,4.8
WS/MP577/2024-2025/140786,Jaswantsinh Sumanbhai Bhabhor,Gujarat,DAHOD(ST),"Construction of roads, link roads, pathways or any other road with or without drainage system",250000.0,True,592.0,4.8
WS/MP423/2024-2025/138588,Shri Abhishek Banerjee,West Bengal,DIAMOND HARBOUR,"Construction of roads, link roads, pathways or any other road with or without drainage system",199960.0,True,622.0,4.8
WS/MP526/2025-2026/154784,Y S Avinash Reddy,Andhra Pradesh,KADAPA,"Construction of roads, link roads, pathways or any other road with or without drainage system",388074.0,False,617.0,4.8
WS/MP18232/2024-2025/143916,HARENDRA SINGH MALIK,Uttar Pradesh,MUZAFFARNAGAR,"Construction of roads, link roads, pathways or any other road with or without drainage system",490000.0,True,613.0,4.8
WS/MP423/2024-2025/138585,Shri Abhishek Banerjee,West Bengal,DIAMOND HARBOUR,"Construction of roads, link roads, pathways or any other road with or without drainage system",199986.0,True,622.0,4.8
WS/MP423/2024-2025/138586,Shri Abhishek Banerjee,West Bengal,DIAMOND HARBOUR,"Construction of roads, link roads, pathways or any other road with or without drainage system",199947.0,True,622.0,4.8
WS/MP743/2025-2026/142093,Ganesan Selvam,Tamil Nadu,KANCHEEPURAM(SC),Construction of buildings for crèches and anganwadies,1600000.0,True,463.0,4.8
WS/MP18390/2024-2025/148737,AFZAL ANSARI,Uttar Pradesh,GHAZIPUR,"Construction of roads, link roads, pathways or any other road with or without drainage system",600000.0,True,517.0,4.8
WS/MP661/2025-2026/146559,Amol Ramsing Kolhe,Maharashtra,SHIRUR,"Construction of roads, link roads, pathways or any other road with or without drainage system",1000000.0,True,367.0,4.7
WS/MP370/2024-2025/145537,Shri Jual Oram,Odisha,SUNDARGARH (ST),Construction of community centers and community halls,700000.0,True,620.0,4.7
WS/MP423/2024-2025/138679,Shri Abhishek Banerjee,West Bengal,DIAMOND HARBOUR,"Construction of roads, link roads, pathways or any other road with or without drainage system",199944.0,True,633.0,4.7
WS/MP661/2025-2026/146558,Amol Ramsing Kolhe,Maharashtra,SHIRUR,"Construction of roads, link roads, pathways or any other road with or without drainage system",1000000.0,True,489.0,4.7
WS/MP18177/2025-2026/146616,K E PRAKASH,Tamil Nadu,ERODE,Construction of community centers and community halls,1700000.0,True,269.0,4.7
WS/MP526/2024-2025/152254,Y S Avinash Reddy,Andhra Pradesh,KADAPA,Purchase of furniture and fixtures for educational purposes,498000.0,False,648.0,4.6
WS/MP745/2025-2026/138569,K Subbarayan,Tamil Nadu,TIRUPPUR,Construction of community centers and community halls,1350000.0,True,333.0,4.6
WS/MP681/2024-2025/145252,Sanjay Haribhau Jadhav,Maharashtra,PARBHANI,"Construction of roads, link roads, pathways or any other road with or without drainage system",999154.0,True,585.0,4.6
WS/MP18203/2024-2025/154472,ADITYA YADAV,Uttar Pradesh,BADAUN,Installing community drinking water plants,278000.0,False,613.0,4.6
WS/MP643/2024-2025/146290,Gyaneshwar Patil,Madhya Pradesh,KHANDWA,"Construction of roads, link roads, pathways or any other road with or without drainage system",300000.0,True,550.0,4.6
WS/MP600/2024-2025/148167,Jitendra Singh,Jammu And Kashmir,UDHAMPUR,"Construction of roads, link roads, pathways or any other road with or without drainage system",114000.0,True,592.0,4.6
WS/MP18232/2024-2025/143919,HARENDRA SINGH MALIK,Uttar Pradesh,MUZAFFARNAGAR,"Construction of roads, link roads, pathways or any other road with or without drainage system",649000.0,True,613.0,4.6
WS/MP526/2025-2026/150430,Y S Avinash Reddy,Andhra Pradesh,KADAPA,"Construction of roads, link roads, pathways or any other road with or without drainage system",495000.0,False,656.0,4.6
WS/MP600/2024-2025/148047,Jitendra Singh,Jammu And Kashmir,UDHAMPUR,"Construction of roads, link roads, pathways or any other road with or without drainage system",196000.0,True,592.0,4.6
WS/MP18227/2024-2025/148293,DAROGA PRASAD SAROJ,Uttar Pradesh,LALGANJ (SC),Construction of rooms and halls in school and colleges,999000.0,True,579.0,4.5
WS/MP823/2024-2025/139554,Ms Mahua Moitra,West Bengal,KRISHNANAGAR,"Construction of roads, link roads, pathways or any other road with or without drainage system",1147122.0,True,620.0,4.5
WS/MP18265/2025-2026/152626,M.K. VISHNUPRASAD,Tamil Nadu,CUDDALORE,Construction of community centers and community halls,1800000.0,False,646.0,4.5
WS/MP826/2025-2026/135810,Raju Bista,West Bengal,DARJEELING,Purchase of non-conventional energy system and devices for community use,300000.0,True,431.0,4.5
WS/MP18265/2025-2026/152625,M.K. VISHNUPRASAD,Tamil Nadu,CUDDALORE,Construction of community centers and community halls,1800000.0,False,646.0,4.5
WS/MP18265/2025-2026/152624,M.K. VISHNUPRASAD,Tamil Nadu,CUDDALORE,Construction of community centers and community halls,1800000.0,False,646.0,4.5
WS/MP18265/2025-2026/152005,M.K. VISHNUPRASAD,Tamil Nadu,CUDDALORE,Construction of community centers and community halls,1349643.0,False,650.0,4.5
WS/MP370/2024-2025/145558,Shri Jual Oram,Odisha,SUNDARGARH (ST),Construction of community centers and community halls,600000.0,True,558.0,4.4
WS/MP18324/2024-2025/155123,BHARATBHAI MANUBHAI SUTARIYA,Gujarat,AMRELI,"Construction of roads, link roads, pathways or any other road with or without drainage system",400000.0,False,635.0,4.4
WS/MP18265/2025-2026/152008,M.K. VISHNUPRASAD,Tamil Nadu,CUDDALORE,Construction of community centers and community halls,1346657.0,False,650.0,4.4
WS/MP18265/2025-2026/152004,M.K. VISHNUPRASAD,Tamil Nadu,CUDDALORE,Construction of community centers and community halls,1319009.0,False,650.0,4.3
WS/MP18161/2024-2025/138077,SANJNA JATAV,Rajasthan,BHARATPUR(SC),"Construction of roads, link roads, pathways or any other road with or without drainage system",300000.0,True,614.0,4.3
WS/MP18236/2024-2025/139259,CHHOTELAL,Uttar Pradesh,ROBERTSGANJ(SC),"Construction of roads, link roads, pathways or any other road with or without drainage system",450000.0,True,629.0,4.3
WS/MP18390/2025-2026/148840,AFZAL ANSARI,Uttar Pradesh,GHAZIPUR,"Construction of roads, link roads, pathways or any other road with or without drainage system",998000.0,True,431.0,4.3
,SANJNA JATAV,Rajasthan,BHARATPUR(SC),Unknown,100000.0,False,721.0,4.3
WS/MP526/2025-2026/152252,Y S Avinash Reddy,Andhra Pradesh,KADAPA,"Construction of roads, link roads, pathways or any other road with or without drainage system",400000.0,False,648.0,4.3
WS/MP526/2025-2026/154816,Y S Avinash Reddy,Andhra Pradesh,KADAPA,"Construction of roads, link roads, pathways or any other road with or without drainage system",400000.0,False,617.0,4.3
WS/MP18236/2024-2025/139256,CHHOTELAL,Uttar Pradesh,ROBERTSGANJ(SC),"Construction of roads, link roads, pathways or any other road with or without drainage system",400000.0,True,629.0,4.3
WS/MP526/2024-2025/150709,Y S Avinash Reddy,Andhra Pradesh,KADAPA,"Construction of roads, link roads, pathways or any other road with or without drainage system",489177.0,False,656.0,4.3
WS/MP18006/2024-2025/135658,DAGGUMALLA PRASADA RAO,Andhra Pradesh,CHITTOOR,"Construction of roads, link roads, pathways or any other road with or without drainage system",2000000.0,True,683.0,4.2
WS/MP18161/2024-2025/138105,SANJNA JATAV,Rajasthan,BHARATPUR(SC),"Construction of roads, link roads, pathways or any other road with or without drainage system",500000.0,True,590.0,4.2
WS/MP18006/2024-2025/142933,DAGGUMALLA PRASADA RAO,Andhra Pradesh,CHITTOOR,Construction of bus-sheds or bus-stops,350000.0,True,695.0,4.2
,AFZAL ANSARI,Uttar Pradesh,GHAZIPUR,Unknown,500000.0,False,671.0,4.2
WS/MP370/2024-2025/145474,Shri Jual Oram,Odisha,SUNDARGARH (ST),Construction of community centers and community halls,500000.0,True,552.0,4.2
WS/MP370/2024-2025/145475,Shri Jual Oram,Odisha,SUNDARGARH (ST),Construction of community centers and community halls,500000.0,True,552.0,4.2
WS/MP18245/2024-2025/139941,BAG MITALI,West Bengal,ARAMBAG(SC),Lighting of public spaces,375656.0,True,535.0,4.2
WS/MP18006/2024-2025/146760,DAGGUMALLA PRASADA RAO,Andhra Pradesh,CHITTOOR,Construction of water tanks,390000.0,True,659.0,4.2
,AFZAL ANSARI,Uttar Pradesh,GHAZIPUR,Unknown,500000.0,False,671.0,4.2
WS/MP18076/2025-2026/148100,DR C N MANJUNATH,Karnataka,BANGALORE RURAL,"Construction of roads, link roads, pathways or any other road with or without drainage system",500000.0,True,445.0,4.1
WS/MP577/2024-2025/138734,Jaswantsinh Sumanbhai Bhabhor,Gujarat,DAHOD(ST),"Construction of roads, link roads, pathways or any other road with or without drainage system",399897.0,True,525.0,4.1
WS/MP356/2024-2025/140602,Shri Sudheer Gupta,Madhya Pradesh,MANDSOUR,"Construction of roads, link roads, pathways or any other road with or without drainage system",300000.0,True,643.0,4.1
WS/MP600/2024-2025/148040,Jitendra Singh,Jammu And Kashmir,UDHAMPUR,"Construction of roads, link roads, pathways or any other road with or without drainage system",149250.0,True,592.0,4.1
WS/MP18206/2024-2025/138971,KRISHNA DEVI SHIVSHANKER PATEL,Uttar Pradesh,BANDA,Construction of rooms and halls in school and colleges,999000.0,True,645.0,4.0
WS/MP852/2025-2026/144687,Abu Taher Khan,West Bengal,MURSHIDABAD,"Purchase of hearse van (Four, three and two wheelers)",1500000.0,True,416.0,4.0
WS/MP852/2024-2025/154560,Abu Taher Khan,West Bengal,MURSHIDABAD,Construction of public toilets and bathrooms,720000.0,False,637.0,4.0
WS/MP18206/2024-2025/144721,KRISHNA DEVI SHIVSHANKER PATEL,Uttar Pradesh,BANDA,Construction of rooms and halls in school and colleges,999000.0,True,606.0,4.0
WS/MP18245/2024-2025/140126,BAG MITALI,West Bengal,ARAMBAG(SC),"Purchase of ambulances (Four, three and two wheelers)",1420000.0,True,522.0,4.0
WS/MP18206/2024-2025/145114,KRISHNA DEVI SHIVSHANKER PATEL,Uttar Pradesh,BANDA,Construction of rooms and halls in school and colleges,999000.0,True,606.0,4.0
WS/MP828/2025-2026/153444,Jagannath Sarkar,West Bengal,RANAGHAT(SC),"Construction of roads, link roads, pathways or any other road with or without drainage system",1499251.0,False,638.0,4.0
WS/MP18206/2024-2025/138972,KRISHNA DEVI SHIVSHANKER PATEL,Uttar Pradesh,BANDA,Construction of rooms and halls in school and colleges,999000.0,True,645.0,4.0
WS/MP743/2024-2025/142090,Ganesan Selvam,Tamil Nadu,KANCHEEPURAM(SC),Construction of bus-sheds or bus-stops,498490.0,True,514.0,4.0
WS/MP18339/2024-2025/142003,KARAN BHUSHAN SINGH,Uttar Pradesh,KAISERGANJ,"Construction of roads, link roads, pathways or any other road with or without drainage system",2320000.0,True,641.0,3.9
WS/MP643/2025-2026/146594,Gyaneshwar Patil,Madhya Pradesh,KHANDWA,Construction of community centers and community halls,500000.0,True,487.0,3.9
WS/MP18161/2024-2025/138106,SANJNA JATAV,Rajasthan,BHARATPUR(SC),"Construction of roads, link roads, pathways or any other road with or without drainage system",400000.0,True,613.0,3.9
WS/MP18161/2024-2025/138104,SANJNA JATAV,Rajasthan,BHARATPUR(SC),"Construction of roads, link roads, pathways or any other road with or without drainage system",600000.0,True,593.0,3.9
WS/MP18161/2024-2025/138078,SANJNA JATAV,Rajasthan,BHARATPUR(SC),"Construction of roads, link roads, pathways or any other road with or without drainage system",500000.0,True,618.0,3.9
WS/MP826/2024-2025/135689,Raju Bista,West Bengal,DARJEELING,"Construction of roads, link roads, pathways or any other road with or without drainage system",1000000.0,True,529.0,3.9
WS/MP859/2024-2025/145785,Kalyan Banerjee,West Bengal,SREERAMPUR,Construction of buildings for crèches and anganwadies,1209749.0,True,632.0,3.9
WS/MP485/2024-2025/149758,Pratima Mondal,West Bengal,JOYNAGAR(SC),"Construction of roads, link roads, pathways or any other road with or without drainage system",400000.0,False,664.0,3.9
WS/MP18161/2024-2025/138076,SANJNA JATAV,Rajasthan,BHARATPUR(SC),"Construction of roads, link roads, pathways or any other road with or without drainage system",400000.0,True,614.0,3.9
WS/MP485/2024-2025/149756,Pratima Mondal,West Bengal,JOYNAGAR(SC),"Construction of roads, link roads, pathways or any other road with or without drainage system",400000.0,False,664.0,3.9
WS/MP18161/2024-2025/138111,SANJNA JATAV,Rajasthan,BHARATPUR(SC),"Construction of roads, link roads, pathways or any other road with or without drainage system",600000.0,True,619.0,3.8
WS/MP18211/2024-2025/145470,SHASHANK MANI,Uttar Pradesh,DEORIA,"Construction of roads, link roads, pathways or any other road with or without drainage system",481000.0,True,662.0,3.8
,Durga Das Uikey,Madhya Pradesh,BETUL(ST),Unknown,259942.0,False,684.0,3.8
WS/MP18161/2024-2025/138088,SANJNA JATAV,Rajasthan,BHARATPUR(SC),"Construction of roads, link roads, pathways or any other road with or without drainage system",500000.0,True,619.0,3.8
WS/MP777/2024-2025/136653,Mahesh Sharma,Uttar Pradesh,GAUTAM BUDDHA NAGAR,Crematoriums/energy efficient crematoriums or structures on burial/cremation ground,999449.17,True,715.0,3.8
WS/MP18211/2024-2025/150843,SHASHANK MANI,Uttar Pradesh,DEORIA,"Construction of roads, link roads, pathways or any other road with or without drainage system",987000.0,False,655.0,3.7
WS/MP18076/2024-2025/148098,DR C N MANJUNATH,Karnataka,BANGALORE RURAL,Construction of New Building,500000.0,True,549.0,3.7
WS/MP852/2024-2025/154562,Abu Taher Khan,West Bengal,MURSHIDABAD,"Construction of Government office buildings (Post office, Police station, Police chauki, etc.)",500569.0,False,637.0,3.7
WS/MP18161/2024-2025/140183,SANJNA JATAV,Rajasthan,BHARATPUR(SC),"Construction of roads, link roads, pathways or any other road with or without drainage system",250000.0,True,613.0,3.7
WS/MP18161/2024-2025/140184,SANJNA JATAV,Rajasthan,BHARATPUR(SC),"Construction of roads, link roads, pathways or any other road with or without drainage system",250000.0,True,613.0,3.7
WS/MP852/2024-2025/154563,Abu Taher Khan,West Bengal,MURSHIDABAD,"Construction of Government office buildings (Post office, Police station, Police chauki, etc.)",500569.0,False,637.0,3.7
WS/MP18390/2024-2025/148845,AFZAL ANSARI,Uttar Pradesh,GHAZIPUR,Construction of boundary walls of existing public and community buildings,500000.0,True,593.0,3.7
WS/MP18390/2024-2025/148852,AFZAL ANSARI,Uttar Pradesh,GHAZIPUR,Construction of boundary walls of existing public and community buildings,500000.0,True,593.0,3.7
WS/MP18390/2024-2025/148848,AFZAL ANSARI,Uttar Pradesh,GHAZIPUR,Construction of boundary walls of existing public and community buildings,500000.0,True,593.0,3.7
WS/MP18104/2025-2026/154243,DARSHAN SINGH CHOUDHARY,Madhya Pradesh,HOSHANGABAD,"Purchase of prosthetics, wheel chairs, tricycles (manual or motorized), elect scooties, hearing aids",115000.0,False,597.0,3.6
WS/MP485/2025-2026/154000,Pratima Mondal,West Bengal,JOYNAGAR(SC),"Construction of roads, link roads, pathways or any other road with or without drainage system",350000.0,False,639.0,3.6
WS/MP18104/2025-2026/152190,DARSHAN SINGH CHOUDHARY,Madhya Pradesh,HOSHANGABAD,"Purchase of prosthetics, wheel chairs, tricycles (manual or motorized), elect scooties, hearing aids",115000.0,False,612.0,3.6
WS/MP18104/2025-2026/153169,DARSHAN SINGH CHOUDHARY,Madhya Pradesh,HOSHANGABAD,"Purchase of prosthetics, wheel chairs, tricycles (manual or motorized), elect scooties, hearing aids",115000.0,False,612.0,3.6
WS/MP18161/2024-2025/141088,SANJNA JATAV,Rajasthan,BHARATPUR(SC),"Construction of roads, link roads, pathways or any other road with or without drainage system",500000.0,True,614.0,3.6
WS/MP18211/2024-2025/150838,SHASHANK MANI,Uttar Pradesh,DEORIA,"Construction of roads, link roads, pathways or any other road with or without drainage system",1285000.0,False,655.0,3.5
WS/MP18161/2024-2025/138080,SANJNA JATAV,Rajasthan,BHARATPUR(SC),"Construction of roads, link roads, pathways or any other road with or without drainage system",300000.0,True,634.0,3.5
WS/MP859/2025-2026/150955,Kalyan Banerjee,West Bengal,SREERAMPUR,"Purchase of hearse van (Four, three and two wheelers)",1025000.0,False,655.0,3.5
WS/MP600/2024-2025/148172,Jitendra Singh,Jammu And Kashmir,UDHAMPUR,"Construction of roads, link roads, pathways or any other road with or without drainage system",139400.0,True,592.0,3.5
WS/MP18339/2024-2025/141998,KARAN BHUSHAN SINGH,Uttar Pradesh,KAISERGANJ,"Construction of roads, link roads, pathways or any other road with or without drainage system",1829000.0,True,641.0,3.4
WS/MP18161/2024-2025/138107,SANJNA JATAV,Rajasthan,BHARATPUR(SC),"Construction of roads, link roads, pathways or any other road with or without drainage system",400000.0,True,619.0,3.4
WS/MP826/2024-2025/135707,Raju Bista,West Bengal,DARJEELING,Construction of footpaths and pedestrian ways,461795.0,True,558.0,3.4
WS/MP18339/2024-2025/142000,KARAN BHUSHAN SINGH,Uttar Pradesh,KAISERGANJ,"Construction of roads, link roads, pathways or any other road with or without drainage system",1893000.0,True,641.0,3.4
WS/MP18161/2024-2025/142586,SANJNA JATAV,Rajasthan,BHARATPUR(SC),"Construction of roads, link roads, pathways or any other road with or without drainage system",500000.0,True,619.0,3.4
WS/MP18339/2024-2025/141956,KARAN BHUSHAN SINGH,Uttar Pradesh,KAISERGANJ,"Construction of roads, link roads, pathways or any other road with or without drainage system",1820000.0,True,641.0,3.4
WS/MP370/2024-2025/145560,Shri Jual Oram,Odisha,SUNDARGARH (ST),Construction of community centers and community halls,500000.0,True,626.0,3.3
WS/MP18339/2024-2025/141964,KARAN BHUSHAN SINGH,Uttar Pradesh,KAISERGANJ,"Construction of roads, link roads, pathways or any other road with or without drainage system",1578000.0,True,641.0,3.3
WS/MP828/2025-2026/150703,Jagannath Sarkar,West Bengal,RANAGHAT(SC),Construction of public staircase/ stair ghat for public convenience,1200000.0,False,656.0,3.3
WS/MP370/2024-2025/145450,Shri Jual Oram,Odisha,SUNDARGARH (ST),Construction of community centers and community halls,500000.0,True,620.0,3.3
WS/MP826/2025-2026/135714,Raju Bista,West Bengal,DARJEELING,Construction of additional rooms and halls in the existing public and community building,487774.0,True,363.0,3.3
WS/MP826/2025-2026/135695,Raju Bista,West Bengal,DARJEELING,Construction of public libraries and reading rooms,500000.0,True,487.0,3.3
WS/MP370/2024-2025/145542,Shri Jual Oram,Odisha,SUNDARGARH (ST),Development of playground,500000.0,True,626.0,3.3
WS/MP852/2024-2025/155291,Abu Taher Khan,West Bengal,MURSHIDABAD,Lighting of public spaces,296626.0,False,634.0,3.3
WS/MP852/2024-2025/155289,Abu Taher Khan,West Bengal,MURSHIDABAD,Lighting of public spaces,296626.0,False,634.0,3.3
WS/MP18203/2025-2026/154440,ADITYA YADAV,Uttar Pradesh,BADAUN,Construction of road under bridge,868842.0,False,613.0,3.2
WS/MP18227/2025-2026/151393,DAROGA PRASAD SAROJ,Uttar Pradesh,LALGANJ (SC),Lighting of public spaces,333000.0,False,653.0,3.1
WS/MP18227/2025-2026/151392,DAROGA PRASAD SAROJ,Uttar Pradesh,LALGANJ (SC),Lighting of public spaces,333000.0,False,653.0,3.1
WS/MP18227/2025-2026/151424,DAROGA PRASAD SAROJ,Uttar Pradesh,LALGANJ (SC),Lighting of public spaces,333000.0,False,653.0,3.1
WS/MP18227/2025-2026/151425,DAROGA PRASAD SAROJ,Uttar Pradesh,LALGANJ (SC),Lighting of public spaces,333000.0,False,653.0,3.1
WS/MP18227/2025-2026/151422,DAROGA PRASAD SAROJ,Uttar Pradesh,LALGANJ (SC),Lighting of public spaces,333000.0,False,653.0,3.1
WS/MP18227/2025-2026/151420,DAROGA PRASAD SAROJ,Uttar Pradesh,LALGANJ (SC),Lighting of public spaces,333000.0,False,653.0,3.1
WS/MP18227/2025-2026/151414,DAROGA PRASAD SAROJ,Uttar Pradesh,LALGANJ (SC),Lighting of public spaces,333000.0,False,653.0,3.1
WS/MP18227/2025-2026/151394,DAROGA PRASAD SAROJ,Uttar Pradesh,LALGANJ (SC),Lighting of public spaces,333000.0,False,653.0,3.1
WS/MP18227/2025-2026/151404,DAROGA PRASAD SAROJ,Uttar Pradesh,LALGANJ (SC),Lighting of public spaces,333000.0,False,653.0,3.1
WS/MP18227/2025-2026/151406,DAROGA PRASAD SAROJ,Uttar Pradesh,LALGANJ (SC),Lighting of public spaces,333000.0,False,653.0,3.1
WS/MP18227/2025-2026/151408,DAROGA PRASAD SAROJ,Uttar Pradesh,LALGANJ (SC),Lighting of public spaces,333000.0,False,653.0,3.1
WS/MP18227/2025-2026/151397,DAROGA PRASAD SAROJ,Uttar Pradesh,LALGANJ (SC),Lighting of public spaces,333000.0,False,653.0,3.1
WS/MP18227/2025-2026/151396,DAROGA PRASAD SAROJ,Uttar Pradesh,LALGANJ (SC),Lighting of public spaces,333000.0,False,653.0,3.1
WS/MP852/2024-2025/155266,Abu Taher Khan,West Bengal,MURSHIDABAD,Lighting of public spaces,292875.0,False,634.0,3.1
WS/MP18227/2025-2026/151395,DAROGA PRASAD SAROJ,Uttar Pradesh,LALGANJ (SC),Lighting of public spaces,333000.0,False,653.0,3.1
WS/MP852/2024-2025/155293,Abu Taher Khan,West Bengal,MURSHIDABAD,Lighting of public spaces,292875.0,False,634.0,3.1
WS/MP852/2024-2025/155299,Abu Taher Khan,West Bengal,MURSHIDABAD,Lighting of public spaces,292875.0,False,634.0,3.1
WS/MP18227/2025-2026/151402,DAROGA PRASAD SAROJ,Uttar Pradesh,LALGANJ (SC),Lighting of public spaces,333000.0,False,653.0,3.1
WS/MP826/2024-2025/135528,Raju Bista,West Bengal,DARJEELING,Development of playground,499834.0,True,585.0,3.1
WS/MP826/2024-2025/135708,Raju Bista,West Bengal,DARJEELING,Construction of footpaths and pedestrian ways,499918.0,True,585.0,3.1
WS/MP826/2024-2025/135534,Raju Bista,West Bengal,DARJEELING,Construction of community centers and community halls,499550.0,True,552.0,3.1
WS/MP826/2024-2025/135526,Raju Bista,West Bengal,DARJEELING,Construction of footpaths and pedestrian ways,499918.0,True,585.0,3.1
WS/MP826/2024-2025/135529,Raju Bista,West Bengal,DARJEELING,Construction of footpaths and pedestrian ways,499918.0,True,585.0,3.1
WS/MP18227/2025-2026/151418,DAROGA PRASAD SAROJ,Uttar Pradesh,LALGANJ (SC),Lighting of public spaces,333000.0,False,653.0,3.1
WS/MP18227/2025-2026/151399,DAROGA PRASAD SAROJ,Uttar Pradesh,LALGANJ (SC),Lighting of public spaces,333000.0,False,653.0,3.1
WS/MP18227/2025-2026/151398,DAROGA PRASAD SAROJ,Uttar Pradesh,LALGANJ (SC),Lighting of public spaces,333000.0,False,653.0,3.1
WS/MP18227/2025-2026/151400,DAROGA PRASAD SAROJ,Uttar Pradesh,LALGANJ (SC),Lighting of public spaces,333000.0,False,653.0,3.1
WS/MP18339/2024-2025/141960,KARAN BHUSHAN SINGH,Uttar Pradesh,KAISERGANJ,"Construction of roads, link roads, pathways or any other road with or without drainage system",1359000.0,True,641.0,3.0
WS/MP18339/2024-2025/142002,KARAN BHUSHAN SINGH,Uttar Pradesh,KAISERGANJ,"Construction of roads, link roads, pathways or any other road with or without drainage system",1556000.0,True,641.0,3.0
WS/MP18339/2024-2025/141958,KARAN BHUSHAN SINGH,Uttar Pradesh,KAISERGANJ,"Construction of roads, link roads, pathways or any other road with or without drainage system",1567000.0,True,641.0,3.0
WS/MP826/2024-2025/135527,Raju Bista,West Bengal,DARJEELING,Construction of footpaths and pedestrian ways,500000.0,True,585.0,3.0
WS/MP18339/2024-2025/141961,KARAN BHUSHAN SINGH,Uttar Pradesh,KAISERGANJ,"Construction of roads, link roads, pathways or any other road with or without drainage system",1313000.0,True,641.0,3.0
WS/MP18339/2024-2025/141968,KARAN BHUSHAN SINGH,Uttar Pradesh,KAISERGANJ,"Construction of roads, link roads, pathways or any other road with or without drainage system",1436000.0,True,641.0,3.0
WS/MP18339/2024-2025/141999,KARAN BHUSHAN SINGH,Uttar Pradesh,KAISERGANJ,"Construction of roads, link roads, pathways or any other road with or without drainage system",1309000.0,True,641.0,3.0
WS/MP18390/2024-2025/148767,AFZAL ANSARI,Uttar Pradesh,GHAZIPUR,"Construction of roads, link roads, pathways or any other road with or without drainage system",400000.0,True,587.0,2.9
WS/MP18278/2024-2025/134667,KAMLESH JANGDE,Chhattisgarh,JANJGIR CHAMPA(SC),"Construction of roads, link roads, pathways or any other road with or without drainage system",1200000.0,True,703.0,2.8
WS/MP18203/2025-2026/154432,ADITYA YADAV,Uttar Pradesh,BADAUN,"Construction of roads, link roads, pathways or any other road with or without drainage system",2352600.0,False,613.0,2.8
WS/MP18265/2025-2026/154785,M.K. VISHNUPRASAD,Tamil Nadu,CUDDALORE,"Construction of roads, link roads, pathways or any other road with or without drainage system",998956.0,False,632.0,2.8
WS/MP18104/2025-2026/152331,DARSHAN SINGH CHOUDHARY,Madhya Pradesh,HOSHANGABAD,Purchase of sports equipment,105000.0,False,612.0,2.8
,K Subbarayan,Tamil Nadu,TIRUPPUR,Unknown,800000.0,False,719.0,2.7
WS/MP826/2024-2025/135711,Raju Bista,West Bengal,DARJEELING,Construction of community centers and community halls,499999.0,True,557.0,2.7
WS/MP18203/2025-2026/154427,ADITYA YADAV,Uttar Pradesh,BADAUN,"Construction of roads, link roads, pathways or any other road with or without drainage system",339900.0,False,613.0,2.7
WS/MP18203/2025-2026/154437,ADITYA YADAV,Uttar Pradesh,BADAUN,"Construction of roads, link roads, pathways or any other road with or without drainage system",213400.0,False,613.0,2.7
WS/MP18339/2024-2025/142001,KARAN BHUSHAN SINGH,Uttar Pradesh,KAISERGANJ,"Construction of roads, link roads, pathways or any other road with or without drainage system",1308000.0,True,641.0,2.7
WS/MP18339/2024-2025/141957,KARAN BHUSHAN SINGH,Uttar Pradesh,KAISERGANJ,"Construction of roads, link roads, pathways or any other road with or without drainage system",1307000.0,True,641.0,2.6
WS/MP852/2024-2025/154569,Abu Taher Khan,West Bengal,MURSHIDABAD,Construction of boundary walls of existing public and community buildings,489373.0,False,637.0,2.6
,DARSHAN SINGH CHOUDHARY,Madhya Pradesh,HOSHANGABAD,Unknown,100000.0,False,612.0,2.6
WS/MP18104/2025-2026/154229,DARSHAN SINGH CHOUDHARY,Madhya Pradesh,HOSHANGABAD,Purchase of furniture and fixtures for educational purposes,150000.0,False,612.0,2.6
WS/MP828/2024-2025/149717,Jagannath Sarkar,West Bengal,RANAGHAT(SC),"Construction of roads, link roads, pathways or any other road with or without drainage system",1049232.0,False,664.0,2.5
WS/MP18390/2024-2025/148761,AFZAL ANSARI,Uttar Pradesh,GHAZIPUR,"Construction of roads, link roads, pathways or any other road with or without drainage system",816000.0,True,562.0,2.5
,Shri Sudheer Gupta,Madhya Pradesh,MANDSOUR,Unknown,100000.0,False,685.0,2.5
WS/MP18390/2024-2025/148762,AFZAL ANSARI,Uttar Pradesh,GHAZIPUR,"Construction of roads, link roads, pathways or any other road with or without drainage system",650000.0,True,562.0,2.5
WS/MP18390/2024-2025/148765,AFZAL ANSARI,Uttar Pradesh,GHAZIPUR,"Construction of roads, link roads, pathways or any other road with or without drainage system",700000.0,True,562.0,2.5
WS/MP444/2024-2025/145905,Durga Das Uikey,Madhya Pradesh,BETUL(ST),Construction of bus-sheds or bus-stops,259942.0,True,549.0,2.4
WS/MP444/2024-2025/145904,Durga Das Uikey,Madhya Pradesh,BETUL(ST),Construction of bus-sheds or bus-stops,259942.0,True,549.0,2.4
WS/MP18203/2024-2025/154498,ADITYA YADAV,Uttar Pradesh,BADAUN,Construction of bus-sheds or bus-stops,850000.0,False,613.0,2.4
WS/MP18203/2024-2025/154491,ADITYA YADAV,Uttar Pradesh,BADAUN,Construction of bus-sheds or bus-stops,850000.0,False,613.0,2.4
WS/MP18203/2024-2025/154476,ADITYA YADAV,Uttar Pradesh,BADAUN,Construction of bus-sheds or bus-stops,850000.0,False,613.0,2.4
WS/MP826/2024-2025/135694,Raju Bista,West Bengal,DARJEELING,Construction of boundary walls of existing public and community buildings,500000.0,True,536.0,2.4
WS/MP18104/2025-2026/154227,DARSHAN SINGH CHOUDHARY,Madhya Pradesh,HOSHANGABAD,Purchase of sports equipment,150000.0,False,612.0,2.4
WS/MP826/2025-2026/135697,Raju Bista,West Bengal,DARJEELING,Construction of boundary walls of existing public and community buildings,500000.0,True,487.0,2.4
WS/MP18203/2024-2025/154488,ADITYA YADAV,Uttar Pradesh,BADAUN,Construction of bus-sheds or bus-stops,850000.0,False,613.0,2.4
WS/MP18203/2024-2025/154492,ADITYA YADAV,Uttar Pradesh,BADAUN,Construction of bus-sheds or bus-stops,850000.0,False,613.0,2.4
WS/MP18203/2024-2025/154477,ADITYA YADAV,Uttar Pradesh,BADAUN,Construction of bus-sheds or bus-stops,850000.0,False,613.0,2.4
WS/MP444/2024-2025/145919,Durga Das Uikey,Madhya Pradesh,BETUL(ST),Construction of bus-sheds or bus-stops,259942.0,True,549.0,2.4
WS/MP826/2024-2025/135703,Raju Bista,West Bengal,DARJEELING,Construction of boundary walls of existing public and community buildings,500000.0,True,534.0,2.4
WS/MP18203/2024-2025/154489,ADITYA YADAV,Uttar Pradesh,BADAUN,Construction of bus-sheds or bus-stops,850000.0,False,613.0,2.4
WS/MP18203/2024-2025/154490,ADITYA YADAV,Uttar Pradesh,BADAUN,Construction of bus-sheds or bus-stops,850000.0,False,613.0,2.4
WS/MP826/2025-2026/135683,Raju Bista,West Bengal,DARJEELING,Construction of community centers and community halls,500000.0,True,487.0,2.3
WS/MP826/2025-2026/135685,Raju Bista,West Bengal,DARJEELING,Construction of community centers and community halls,500000.0,True,487.0,2.3
WS/MP826/2024-2025/135523,Raju Bista,West Bengal,DARJEELING,Construction of community centers and community halls,500000.0,True,536.0,2.3
WS/MP18203/2025-2026/154456,ADITYA YADAV,Uttar Pradesh,BADAUN,"Construction of roads, link roads, pathways or any other road with or without drainage system",364000.0,False,613.0,2.3
WS/MP826/2025-2026/135600,Raju Bista,West Bengal,DARJEELING,Construction of community centers and community halls,500000.0,True,487.0,2.3
WS/MP18064/2024-2025/154956,NAVEEN JINDAL,Haryana,KURUKSHETRA,"Construction of roads, link roads, pathways or any other road with or without drainage system",250000.0,False,635.0,2.2
,Raju Bista,West Bengal,DARJEELING,Unknown,500000.0,False,737.0,2.2
WS/MP828/2024-2025/149713,Jagannath Sarkar,West Bengal,RANAGHAT(SC),"Construction of roads, link roads, pathways or any other road with or without drainage system",985161.0,False,664.0,2.2
WS/MP18339/2024-2025/141966,KARAN BHUSHAN SINGH,Uttar Pradesh,KAISERGANJ,"Construction of roads, link roads, pathways or any other road with or without drainage system",1269000.0,True,641.0,2.2
,Raju Bista,West Bengal,DARJEELING,Unknown,500000.0,False,737.0,2.2
WS/MP826/2025-2026/135603,Raju Bista,West Bengal,DARJEELING,"Construction of roads, link roads, pathways or any other road with or without drainage system",500000.0,True,487.0,2.2
WS/MP826/2026-2027/135590,Raju Bista,West Bengal,DARJEELING,Construction of additional rooms and halls in the existing public and community building,500000.0,True,5.0,2.2
WS/MP18006/2024-2025/146762,DAGGUMALLA PRASADA RAO,Andhra Pradesh,CHITTOOR,Construction of community centers and community halls,500000.0,True,659.0,2.2
WS/MP444/2024-2025/146214,Durga Das Uikey,Madhya Pradesh,BETUL(ST),Purchase of mobile water tankers,190546.0,True,549.0,2.1
WS/MP444/2024-2025/146221,Durga Das Uikey,Madhya Pradesh,BETUL(ST),Purchase of mobile water tankers,190546.0,True,549.0,2.1
WS/MP444/2024-2025/146215,Durga Das Uikey,Madhya Pradesh,BETUL(ST),Purchase of mobile water tankers,190546.0,True,549.0,2.1
WS/MP826/2026-2027/135516,Raju Bista,West Bengal,DARJEELING,Construction of footpaths and pedestrian ways,500000.0,True,47.0,2.1
WS/MP826/2025-2026/135686,Raju Bista,West Bengal,DARJEELING,Construction of additional rooms and halls in the existing public and community building,500000.0,True,487.0,2.1
WS/MP826/2024-2025/135812,Raju Bista,West Bengal,DARJEELING,"Construction of roads, link roads, pathways or any other road with or without drainage system",497528.0,True,536.0,2.1
WS/MP826/2024-2025/135759,Raju Bista,West Bengal,DARJEELING,"Construction of roads, link roads, pathways or any other road with or without drainage system",400000.0,True,529.0,2.1
,Putta Mahesh Kumar,Andhra Pradesh,ELURU,Unknown,400000.0,False,727.0,2.0
WS/MP826/2026-2027/135589,Raju Bista,West Bengal,DARJEELING,Development of playground,500000.0,True,5.0,2.0
WS/MP18339/2024-2025/141965,KARAN BHUSHAN SINGH,Uttar Pradesh,KAISERGANJ,"Construction of roads, link roads, pathways or any other road with or without drainage system",769000.0,True,641.0,2.0
WS/MP826/2024-2025/135706,Raju Bista,West Bengal,DARJEELING,Construction of footpaths and pedestrian ways,500000.0,True,534.0,2.0
WS/MP826/2024-2025/135713,Raju Bista,West Bengal,DARJEELING,"Construction of roads, link roads, pathways or any other road with or without drainage system",500000.0,True,558.0,1.9
WS/MP828/2024-2025/149714,Jagannath Sarkar,West Bengal,RANAGHAT(SC),"Construction of roads, link roads, pathways or any other road with or without drainage system",349580.0,False,664.0,1.9
WS/MP18006/2024-2025/146761,DAGGUMALLA PRASADA RAO,Andhra Pradesh,CHITTOOR,Crematoriums/energy efficient crematoriums or structures on burial/cremation ground,500000.0,True,659.0,1.9
WS/MP18007/2025-2026/137081,Putta Mahesh Kumar,Andhra Pradesh,ELURU,Setting up of laboratories,400000.0,True,226.0,1.8
WS/MP356/2024-2025/140604,Shri Sudheer Gupta,Madhya Pradesh,MANDSOUR,"Construction of roads, link roads, pathways or any other road with or without drainage system",400000.0,True,622.0,1.8
WS/MP859/2024-2025/150249,Kalyan Banerjee,West Bengal,SREERAMPUR,"Construction of roads, link roads, pathways or any other road with or without drainage system",684562.0,False,660.0,1.8
WS/MP828/2024-2025/149734,Jagannath Sarkar,West Bengal,RANAGHAT(SC),"Construction of roads, link roads, pathways or any other road with or without drainage system",792406.0,False,664.0,1.8
WS/MP828/2024-2025/149722,Jagannath Sarkar,West Bengal,RANAGHAT(SC),"Construction of roads, link roads, pathways or any other road with or without drainage system",797166.0,False,664.0,1.8
WS/MP18064/2024-2025/154949,NAVEEN JINDAL,Haryana,KURUKSHETRA,"Construction of roads, link roads, pathways or any other road with or without drainage system",201127.0,False,635.0,1.8
WS/MP18227/2024-2025/151458,DAROGA PRASAD SAROJ,Uttar Pradesh,LALGANJ (SC),Lighting of public spaces,230979.0,False,653.0,1.7
WS/MP18227/2024-2025/151456,DAROGA PRASAD SAROJ,Uttar Pradesh,LALGANJ (SC),Lighting of public spaces,230979.0,False,653.0,1.7
WS/MP18007/2025-2026/137083,Putta Mahesh Kumar,Andhra Pradesh,ELURU,Setting up of laboratories,400000.0,True,481.0,1.7
WS/MP18007/2025-2026/137050,Putta Mahesh Kumar,Andhra Pradesh,ELURU,Setting up of laboratories,400000.0,True,481.0,1.7
WS/MP18227/2024-2025/151439,DAROGA PRASAD SAROJ,Uttar Pradesh,LALGANJ (SC),Lighting of public spaces,230979.0,False,653.0,1.7
WS/MP18227/2024-2025/151440,DAROGA PRASAD SAROJ,Uttar Pradesh,LALGANJ (SC),Lighting of public spaces,230979.0,False,653.0,1.7
WS/MP18227/2024-2025/151442,DAROGA PRASAD SAROJ,Uttar Pradesh,LALGANJ (SC),Lighting of public spaces,230979.0,False,653.0,1.7
WS/MP18227/2024-2025/151443,DAROGA PRASAD SAROJ,Uttar Pradesh,LALGANJ (SC),Lighting of public spaces,230979.0,False,653.0,1.7
WS/MP18007/2025-2026/137088,Putta Mahesh Kumar,Andhra Pradesh,ELURU,Setting up of laboratories,400000.0,True,482.0,1.7
WS/MP18007/2025-2026/137087,Putta Mahesh Kumar,Andhra Pradesh,ELURU,Setting up of laboratories,400000.0,True,482.0,1.7
WS/MP18227/2024-2025/151448,DAROGA PRASAD SAROJ,Uttar Pradesh,LALGANJ (SC),Lighting of public spaces,230979.0,False,653.0,1.7
WS/MP18227/2024-2025/151447,DAROGA PRASAD SAROJ,Uttar Pradesh,LALGANJ (SC),Lighting of public spaces,230979.0,False,653.0,1.7
WS/MP18007/2025-2026/137048,Putta Mahesh Kumar,Andhra Pradesh,ELURU,Setting up of laboratories,400000.0,True,481.0,1.7
WS/MP18007/2025-2026/137084,Putta Mahesh Kumar,Andhra Pradesh,ELURU,Setting up of laboratories,400000.0,True,482.0,1.7
WS/MP18380/2024-2025/143216,VINOD KUMAR BIND,Uttar Pradesh,BHADOHI,Lighting of public spaces,121500.0,True,578.0,1.7
WS/MP18380/2024-2025/143214,VINOD KUMAR BIND,Uttar Pradesh,BHADOHI,Lighting of public spaces,121500.0,True,578.0,1.7
WS/MP18227/2024-2025/151444,DAROGA PRASAD SAROJ,Uttar Pradesh,LALGANJ (SC),Lighting of public spaces,230979.0,False,653.0,1.7
WS/MP18227/2024-2025/151445,DAROGA PRASAD SAROJ,Uttar Pradesh,LALGANJ (SC),Lighting of public spaces,230979.0,False,653.0,1.7
WS/MP18227/2024-2025/151441,DAROGA PRASAD SAROJ,Uttar Pradesh,LALGANJ (SC),Lighting of public spaces,230979.0,False,653.0,1.7
WS/MP18227/2024-2025/151446,DAROGA PRASAD SAROJ,Uttar Pradesh,LALGANJ (SC),Lighting of public spaces,230979.0,False,653.0,1.7
WS/MP18227/2024-2025/151454,DAROGA PRASAD SAROJ,Uttar Pradesh,LALGANJ (SC),Lighting of public spaces,230979.0,False,653.0,1.7
WS/MP18227/2024-2025/151455,DAROGA PRASAD SAROJ,Uttar Pradesh,LALGANJ (SC),Lighting of public spaces,230979.0,False,653.0,1.7
WS/MP18227/2024-2025/151450,DAROGA PRASAD SAROJ,Uttar Pradesh,LALGANJ (SC),Lighting of public spaces,230979.0,False,653.0,1.7
WS/MP18227/2024-2025/151453,DAROGA PRASAD SAROJ,Uttar Pradesh,LALGANJ (SC),Lighting of public spaces,230979.0,False,653.0,1.7
WS/MP18227/2024-2025/151449,DAROGA PRASAD SAROJ,Uttar Pradesh,LALGANJ (SC),Lighting of public spaces,230979.0,False,653.0,1.7
WS/MP18007/2025-2026/137085,Putta Mahesh Kumar,Andhra Pradesh,ELURU,Setting up of laboratories,400000.0,True,482.0,1.7
WS/MP18007/2025-2026/137086,Putta Mahesh Kumar,Andhra Pradesh,ELURU,Setting up of laboratories,400000.0,True,482.0,1.7
WS/MP18007/2025-2026/137090,Putta Mahesh Kumar,Andhra Pradesh,ELURU,Setting up of laboratories,400000.0,True,482.0,1.7
WS/MP18007/2025-2026/137049,Putta Mahesh Kumar,Andhra Pradesh,ELURU,Setting up of laboratories,400000.0,True,481.0,1.7
WS/MP18007/2025-2026/137082,Putta Mahesh Kumar,Andhra Pradesh,ELURU,Setting up of laboratories,400000.0,True,481.0,1.7
WS/MP18227/2024-2025/151452,DAROGA PRASAD SAROJ,Uttar Pradesh,LALGANJ (SC),Lighting of public spaces,230979.0,False,653.0,1.7
WS/MP18227/2024-2025/151457,DAROGA PRASAD SAROJ,Uttar Pradesh,LALGANJ (SC),Lighting of public spaces,230979.0,False,653.0,1.7
WS/MP18227/2024-2025/151451,DAROGA PRASAD SAROJ,Uttar Pradesh,LALGANJ (SC),Lighting of public spaces,230979.0,False,653.0,1.7
WS/MP828/2024-2025/149727,Jagannath Sarkar,West Bengal,RANAGHAT(SC),"Construction of roads, link roads, pathways or any other road with or without drainage system",290935.0,False,664.0,1.6
WS/MP18380/2024-2025/144027,VINOD KUMAR BIND,Uttar Pradesh,BHADOHI,Lighting of public spaces,121500.0,True,597.0,1.6
WS/MP18380/2024-2025/144078,VINOD KUMAR BIND,Uttar Pradesh,BHADOHI,Lighting of public spaces,121500.0,True,597.0,1.6
WS/MP18380/2024-2025/143294,VINOD KUMAR BIND,Uttar Pradesh,BHADOHI,Lighting of public spaces,121500.0,True,585.0,1.6
WS/MP828/2024-2025/149733,Jagannath Sarkar,West Bengal,RANAGHAT(SC),"Construction of roads, link roads, pathways or any other road with or without drainage system",299630.0,False,664.0,1.6
WS/MP18380/2024-2025/144058,VINOD KUMAR BIND,Uttar Pradesh,BHADOHI,Lighting of public spaces,121500.0,True,597.0,1.6
WS/MP828/2024-2025/149718,Jagannath Sarkar,West Bengal,RANAGHAT(SC),"Construction of roads, link roads, pathways or any other road with or without drainage system",749345.0,False,664.0,1.6
WS/MP826/2024-2025/135564,Raju Bista,West Bengal,DARJEELING,Construction of community centers and community halls,487336.0,True,608.0,1.5
WS/MP18203/2025-2026/154444,ADITYA YADAV,Uttar Pradesh,BADAUN,"Construction of roads, link roads, pathways or any other road with or without drainage system",1263956.0,False,613.0,1.4
WS/MP18203/2024-2025/154450,ADITYA YADAV,Uttar Pradesh,BADAUN,"Construction of roads, link roads, pathways or any other road with or without drainage system",399400.0,False,613.0,1.3
WS/MP18265/2025-2026/154818,M.K. VISHNUPRASAD,Tamil Nadu,CUDDALORE,"Construction of roads, link roads, pathways or any other road with or without drainage system",549154.0,False,632.0,1.3
WS/MP828/2024-2025/149729,Jagannath Sarkar,West Bengal,RANAGHAT(SC),"Construction of roads, link roads, pathways or any other road with or without drainage system",598222.0,False,664.0,1.2
WS/MP828/2024-2025/149719,Jagannath Sarkar,West Bengal,RANAGHAT(SC),"Construction of roads, link roads, pathways or any other road with or without drainage system",499152.0,False,664.0,1.2
WS/MP828/2025-2026/150787,Jagannath Sarkar,West Bengal,RANAGHAT(SC),"Construction of roads, link roads, pathways or any other road with or without drainage system",514082.0,False,656.0,1.2
WS/MP828/2024-2025/149712,Jagannath Sarkar,West Bengal,RANAGHAT(SC),"Construction of roads, link roads, pathways or any other road with or without drainage system",369565.0,False,664.0,1.2
WS/MP18006/2024-2025/135653,DAGGUMALLA PRASADA RAO,Andhra Pradesh,CHITTOOR,"Construction of roads, link roads, pathways or any other road with or without drainage system",500000.0,True,730.0,1.2
WS/MP18203/2024-2025/154453,ADITYA YADAV,Uttar Pradesh,BADAUN,"Construction of roads, link roads, pathways or any other road with or without drainage system",955000.0,False,613.0,1.2
WS/MP828/2024-2025/149720,Jagannath Sarkar,West Bengal,RANAGHAT(SC),"Construction of roads, link roads, pathways or any other road with or without drainage system",499858.0,False,664.0,1.2
WS/MP18203/2024-2025/154454,ADITYA YADAV,Uttar Pradesh,BADAUN,"Construction of roads, link roads, pathways or any other road with or without drainage system",933000.0,False,613.0,1.1
WS/MP828/2024-2025/149715,Jagannath Sarkar,West Bengal,RANAGHAT(SC),"Construction of roads, link roads, pathways or any other road with or without drainage system",391416.0,False,664.0,1.1
WS/MP18203/2025-2026/154435,ADITYA YADAV,Uttar Pradesh,BADAUN,"Construction of roads, link roads, pathways or any other road with or without drainage system",746200.0,False,613.0,1.1
WS/MP18203/2025-2026/154438,ADITYA YADAV,Uttar Pradesh,BADAUN,"Construction of roads, link roads, pathways or any other road with or without drainage system",574428.0,False,613.0,1.1
WS/MP828/2024-2025/149721,Jagannath Sarkar,West Bengal,RANAGHAT(SC),"Construction of roads, link roads, pathways or any other road with or without drainage system",497874.0,False,664.0,1.1
WS/MP18203/2025-2026/154442,ADITYA YADAV,Uttar Pradesh,BADAUN,"Construction of roads, link roads, pathways or any other road with or without drainage system",463700.0,False,613.0,1.1
WS/MP18203/2025-2026/154439,ADITYA YADAV,Uttar Pradesh,BADAUN,"Construction of roads, link roads, pathways or any other road with or without drainage system",700300.0,False,613.0,1.1
WS/MP444/2024-2025/145923,Durga Das Uikey,Madhya Pradesh,BETUL(ST),Construction of bus-sheds or bus-stops,259942.0,True,608.0,1.0
WS/MP444/2024-2025/146164,Durga Das Uikey,Madhya Pradesh,BETUL(ST),Construction of bus-sheds or bus-stops,259942.0,True,608.0,1.0
WS/MP444/2024-2025/145918,Durga Das Uikey,Madhya Pradesh,BETUL(ST),Construction of bus-sheds or bus-stops,259942.0,True,608.0,1.0
WS/MP444/2024-2025/146167,Durga Das Uikey,Madhya Pradesh,BETUL(ST),Construction of bus-sheds or bus-stops,259942.0,True,608.0,1.0
WS/MP444/2024-2025/146165,Durga Das Uikey,Madhya Pradesh,BETUL(ST),Construction of bus-sheds or bus-stops,259942.0,True,608.0,1.0
WS/MP444/2024-2025/145920,Durga Das Uikey,Madhya Pradesh,BETUL(ST),Construction of bus-sheds or bus-stops,259942.0,True,608.0,1.0
WS/MP444/2024-2025/145909,Durga Das Uikey,Madhya Pradesh,BETUL(ST),Construction of bus-sheds or bus-stops,259942.0,True,608.0,1.0
WS/MP18203/2025-2026/154429,ADITYA YADAV,Uttar Pradesh,BADAUN,"Construction of roads, link roads, pathways or any other road with or without drainage system",777400.0,False,613.0,1.0
WS/MP444/2024-2025/145950,Durga Das Uikey,Madhya Pradesh,BETUL(ST),Construction of bus-sheds or bus-stops,259942.0,True,608.0,1.0
WS/MP444/2024-2025/145907,Durga Das Uikey,Madhya Pradesh,BETUL(ST),Construction of bus-sheds or bus-stops,259942.0,True,608.0,1.0
WS/MP828/2024-2025/149726,Jagannath Sarkar,West Bengal,RANAGHAT(SC),"Construction of roads, link roads, pathways or any other road with or without drainage system",248665.0,False,664.0,1.0
WS/MP444/2024-2025/145951,Durga Das Uikey,Madhya Pradesh,BETUL(ST),Construction of bus-sheds or bus-stops,259942.0,True,608.0,1.0
WS/MP444/2024-2025/145949,Durga Das Uikey,Madhya Pradesh,BETUL(ST),Construction of bus-sheds or bus-stops,259942.0,True,608.0,1.0
WS/MP444/2024-2025/145948,Durga Das Uikey,Madhya Pradesh,BETUL(ST),Construction of bus-sheds or bus-stops,259942.0,True,608.0,1.0
WS/MP18203/2025-2026/154421,ADITYA YADAV,Uttar Pradesh,BADAUN,"Construction of roads, link roads, pathways or any other road with or without drainage system",657000.0,False,613.0,1.0
WS/MP444/2024-2025/145916,Durga Das Uikey,Madhya Pradesh,BETUL(ST),Construction of bus-sheds or bus-stops,259942.0,True,608.0,1.0
WS/MP444/2024-2025/145915,Durga Das Uikey,Madhya Pradesh,BETUL(ST),Construction of bus-sheds or bus-stops,259942.0,True,608.0,1.0
WS/MP444/2024-2025/146166,Durga Das Uikey,Madhya Pradesh,BETUL(ST),Construction of bus-sheds or bus-stops,259942.0,True,608.0,1.0
WS/MP444/2024-2025/145943,Durga Das Uikey,Madhya Pradesh,BETUL(ST),Construction of bus-sheds or bus-stops,259942.0,True,608.0,1.0
WS/MP444/2024-2025/145944,Durga Das Uikey,Madhya Pradesh,BETUL(ST),Construction of bus-sheds or bus-stops,259942.0,True,608.0,1.0
WS/MP444/2024-2025/145946,Durga Das Uikey,Madhya Pradesh,BETUL(ST),Construction of bus-sheds or bus-stops,259942.0,True,608.0,1.0
WS/MP444/2024-2025/145945,Durga Das Uikey,Madhya Pradesh,BETUL(ST),Construction of bus-sheds or bus-stops,259942.0,True,608.0,1.0
WS/MP444/2024-2025/145903,Durga Das Uikey,Madhya Pradesh,BETUL(ST),Construction of bus-sheds or bus-stops,259942.0,True,608.0,1.0
WS/MP828/2024-2025/149716,Jagannath Sarkar,West Bengal,RANAGHAT(SC),"Construction of roads, link roads, pathways or any other road with or without drainage system",254656.0,False,664.0,1.0
WS/MP444/2024-2025/145906,Durga Das Uikey,Madhya Pradesh,BETUL(ST),Construction of bus-sheds or bus-stops,259942.0,True,608.0,1.0
WS/MP18203/2025-2026/154441,ADITYA YADAV,Uttar Pradesh,BADAUN,"Construction of roads, link roads, pathways or any other road with or without drainage system",883300.0,False,613.0,1.0
WS/MP444/2024-2025/145908,Durga Das Uikey,Madhya Pradesh,BETUL(ST),Construction of bus-sheds or bus-stops,259942.0,True,608.0,1.0
WS/MP444/2024-2025/145947,Durga Das Uikey,Madhya Pradesh,BETUL(ST),Construction of bus-sheds or bus-stops,259942.0,True,608.0,1.0
WS/MP444/2024-2025/145921,Durga Das Uikey,Madhya Pradesh,BETUL(ST),Construction of bus-sheds or bus-stops,259942.0,True,608.0,1.0
WS/MP444/2024-2025/145917,Durga Das Uikey,Madhya Pradesh,BETUL(ST),Construction of bus-sheds or bus-stops,259942.0,True,608.0,1.0
WS/MP444/2024-2025/145914,Durga Das Uikey,Madhya Pradesh,BETUL(ST),Construction of bus-sheds or bus-stops,259942.0,True,608.0,1.0
WS/MP444/2024-2025/145910,Durga Das Uikey,Madhya Pradesh,BETUL(ST),Construction of bus-sheds or bus-stops,259942.0,True,608.0,1.0
WS/MP444/2024-2025/145912,Durga Das Uikey,Madhya Pradesh,BETUL(ST),Construction of bus-sheds or bus-stops,259942.0,True,608.0,1.0
WS/MP444/2024-2025/145913,Durga Das Uikey,Madhya Pradesh,BETUL(ST),Construction of bus-sheds or bus-stops,259942.0,True,608.0,1.0
WS/MP444/2024-2025/145924,Durga Das Uikey,Madhya Pradesh,BETUL(ST),Construction of bus-sheds or bus-stops,259942.0,True,608.0,1.0
WS/MP444/2024-2025/145942,Durga Das Uikey,Madhya Pradesh,BETUL(ST),Construction of bus-sheds or bus-stops,259942.0,True,608.0,1.0
WS/MP444/2024-2025/145922,Durga Das Uikey,Madhya Pradesh,BETUL(ST),Construction of bus-sheds or bus-stops,259942.0,True,608.0,1.0
WS/MP444/2024-2025/145900,Durga Das Uikey,Madhya Pradesh,BETUL(ST),Construction of bus-sheds or bus-stops,259942.0,True,608.0,1.0
WS/MP18203/2024-2025/154452,ADITYA YADAV,Uttar Pradesh,BADAUN,"Construction of roads, link roads, pathways or any other road with or without drainage system",627700.0,False,613.0,1.0
WS/MP18203/2025-2026/154443,ADITYA YADAV,Uttar Pradesh,BADAUN,"Construction of roads, link roads, pathways or any other road with or without drainage system",639746.0,False,613.0,1.0
WS/MP444/2024-2025/146163,Durga Das Uikey,Madhya Pradesh,BETUL(ST),Construction of bus-sheds or bus-stops,259942.0,True,608.0,1.0
WS/MP444/2024-2025/145953,Durga Das Uikey,Madhya Pradesh,BETUL(ST),Construction of bus-sheds or bus-stops,259942.0,True,608.0,1.0
WS/MP444/2024-2025/145941,Durga Das Uikey,Madhya Pradesh,BETUL(ST),Construction of bus-sheds or bus-stops,259942.0,True,608.0,1.0
WS/MP828/2024-2025/154527,Jagannath Sarkar,West Bengal,RANAGHAT(SC),"Construction of roads, link roads, pathways or any other road with or without drainage system",461553.0,False,637.0,1.0
WS/MP444/2024-2025/145952,Durga Das Uikey,Madhya Pradesh,BETUL(ST),Construction of bus-sheds or bus-stops,259942.0,True,608.0,1.0
WS/MP18203/2025-2026/154420,ADITYA YADAV,Uttar Pradesh,BADAUN,"Construction of roads, link roads, pathways or any other road with or without drainage system",568033.0,False,613.0,0.9
WS/MP18203/2025-2026/154428,ADITYA YADAV,Uttar Pradesh,BADAUN,"Construction of roads, link roads, pathways or any other road with or without drainage system",564600.0,False,613.0,0.9
WS/MP794/2024-2025/153193,Kirti Vardhan Singh,Uttar Pradesh,GONDA,"Construction of roads, link roads, pathways or any other road with or without drainage system",901958.0,False,642.0,0.8
WS/MP852/2024-2025/155294,Abu Taher Khan,West Bengal,MURSHIDABAD,Lighting of public spaces,150734.0,False,634.0,0.7
WS/MP852/2024-2025/155290,Abu Taher Khan,West Bengal,MURSHIDABAD,Lighting of public spaces,150734.0,False,634.0,0.7
WS/MP852/2024-2025/155292,Abu Taher Khan,West Bengal,MURSHIDABAD,Lighting of public spaces,150734.0,False,634.0,0.7
WS/MP852/2024-2025/155265,Abu Taher Khan,West Bengal,MURSHIDABAD,Lighting of public spaces,150734.0,False,634.0,0.7
WS/MP852/2024-2025/155268,Abu Taher Khan,West Bengal,MURSHIDABAD,Lighting of public spaces,150734.0,False,634.0,0.7
WS/MP852/2024-2025/155298,Abu Taher Khan,West Bengal,MURSHIDABAD,Lighting of public spaces,150734.0,False,634.0,0.7
WS/MP852/2024-2025/155297,Abu Taher Khan,West Bengal,MURSHIDABAD,Lighting of public spaces,150734.0,False,634.0,0.7
WS/MP852/2024-2025/155296,Abu Taher Khan,West Bengal,MURSHIDABAD,Lighting of public spaces,150734.0,False,634.0,0.7
WS/MP852/2024-2025/155267,Abu Taher Khan,West Bengal,MURSHIDABAD,Lighting of public spaces,150734.0,False,634.0,0.7
WS/MP852/2024-2025/155269,Abu Taher Khan,West Bengal,MURSHIDABAD,Lighting of public spaces,150734.0,False,634.0,0.7
WS/MP852/2024-2025/155300,Abu Taher Khan,West Bengal,MURSHIDABAD,Lighting of public spaces,150734.0,False,634.0,0.7
WS/MP777/2024-2025/136688,Mahesh Sharma,Uttar Pradesh,GAUTAM BUDDHA NAGAR,"Construction of roads, link roads, pathways or any other road with or without drainage system",998102.11,True,715.0,0.7
WS/MP852/2024-2025/155301,Abu Taher Khan,West Bengal,MURSHIDABAD,Lighting of public spaces,150734.0,False,634.0,0.7
WS/MP852/2024-2025/153520,Abu Taher Khan,West Bengal,MURSHIDABAD,Lighting of public spaces,140538.0,False,641.0,0.6
WS/MP852/2024-2025/154545,Abu Taher Khan,West Bengal,MURSHIDABAD,Lighting of public spaces,140538.0,False,637.0,0.6
WS/MP852/2024-2025/154552,Abu Taher Khan,West Bengal,MURSHIDABAD,Lighting of public spaces,140538.0,False,637.0,0.6
WS/MP852/2024-2025/154550,Abu Taher Khan,West Bengal,MURSHIDABAD,Lighting of public spaces,140538.0,False,637.0,0.6
WS/MP852/2024-2025/153519,Abu Taher Khan,West Bengal,MURSHIDABAD,Lighting of public spaces,140538.0,False,641.0,0.6
WS/MP852/2024-2025/154220,Abu Taher Khan,West Bengal,MURSHIDABAD,Lighting of public spaces,140538.0,False,638.0,0.6
WS/MP852/2024-2025/154566,Abu Taher Khan,West Bengal,MURSHIDABAD,Lighting of public spaces,140538.0,False,637.0,0.6
WS/MP852/2024-2025/154565,Abu Taher Khan,West Bengal,MURSHIDABAD,Lighting of public spaces,140538.0,False,637.0,0.6
WS/MP852/2024-2025/154567,Abu Taher Khan,West Bengal,MURSHIDABAD,Lighting of public spaces,140538.0,False,637.0,0.6
WS/MP852/2024-2025/154564,Abu Taher Khan,West Bengal,MURSHIDABAD,Lighting of public spaces,140538.0,False,637.0,0.6
WS/MP852/2024-2025/152895,Abu Taher Khan,West Bengal,MURSHIDABAD,Lighting of public spaces,140538.0,False,642.0,0.6
WS/MP852/2024-2025/152893,Abu Taher Khan,West Bengal,MURSHIDABAD,Lighting of public spaces,140538.0,False,642.0,0.6
WS/MP852/2024-2025/152894,Abu Taher Khan,West Bengal,MURSHIDABAD,Lighting of public spaces,140538.0,False,642.0,0.6
WS/MP852/2024-2025/154557,Abu Taher Khan,West Bengal,MURSHIDABAD,Lighting of public spaces,140538.0,False,637.0,0.6
WS/MP852/2024-2025/154556,Abu Taher Khan,West Bengal,MURSHIDABAD,Lighting of public spaces,140538.0,False,637.0,0.6
WS/MP852/2024-2025/154559,Abu Taher Khan,West Bengal,MURSHIDABAD,Lighting of public spaces,140538.0,False,637.0,0.6
WS/MP852/2024-2025/154558,Abu Taher Khan,West Bengal,MURSHIDABAD,Lighting of public spaces,140538.0,False,637.0,0.6
WS/MP852/2024-2025/154555,Abu Taher Khan,West Bengal,MURSHIDABAD,Lighting of public spaces,140538.0,False,637.0,0.6
WS/MP852/2024-2025/154554,Abu Taher Khan,West Bengal,MURSHIDABAD,Lighting of public spaces,140538.0,False,637.0,0.6
WS/MP852/2024-2025/154553,Abu Taher Khan,West Bengal,MURSHIDABAD,Lighting of public spaces,140538.0,False,637.0,0.6
WS/MP852/2024-2025/154551,Abu Taher Khan,West Bengal,MURSHIDABAD,Lighting of public spaces,140538.0,False,637.0,0.6
WS/MP852/2024-2025/152898,Abu Taher Khan,West Bengal,MURSHIDABAD,Lighting of public spaces,140538.0,False,642.0,0.6
WS/MP852/2024-2025/152897,Abu Taher Khan,West Bengal,MURSHIDABAD,Lighting of public spaces,140538.0,False,642.0,0.6
WS/MP852/2024-2025/152896,Abu Taher Khan,West Bengal,MURSHIDABAD,Lighting of public spaces,140538.0,False,642.0,0.6
WS/MP852/2024-2025/153523,Abu Taher Khan,West Bengal,MURSHIDABAD,Lighting of public spaces,140538.0,False,641.0,0.6
WS/MP852/2024-2025/153522,Abu Taher Khan,West Bengal,MURSHIDABAD,Lighting of public spaces,140538.0,False,641.0,0.6
WS/MP852/2024-2025/153521,Abu Taher Khan,West Bengal,MURSHIDABAD,Lighting of public spaces,140538.0,False,641.0,0.6
WS/MP852/2024-2025/154544,Abu Taher Khan,West Bengal,MURSHIDABAD,Lighting of public spaces,140538.0,False,637.0,0.6
WS/MP852/2024-2025/152899,Abu Taher Khan,West Bengal,MURSHIDABAD,Lighting of public spaces,140538.0,False,642.0,0.6
WS/MP852/2024-2025/154549,Abu Taher Khan,West Bengal,MURSHIDABAD,Lighting of public spaces,140538.0,False,637.0,0.6
WS/MP852/2024-2025/154548,Abu Taher Khan,West Bengal,MURSHIDABAD,Lighting of public spaces,140538.0,False,637.0,0.6
WS/MP852/2024-2025/154547,Abu Taher Khan,West Bengal,MURSHIDABAD,Lighting of public spaces,140538.0,False,637.0,0.6
WS/MP852/2024-2025/154546,Abu Taher Khan,West Bengal,MURSHIDABAD,Lighting of public spaces,140538.0,False,637.0,0.6
WS/MP18225/2025-2026/155424,PUSHPENDRA SAROJ,Uttar Pradesh,KAUSHAMBI(SC),Installing hand pumps,73926.0,False,634.0,0.6
WS/MP852/2024-2025/152892,Abu Taher Khan,West Bengal,MURSHIDABAD,Lighting of public spaces,140538.0,False,642.0,0.6
WS/MP852/2024-2025/152891,Abu Taher Khan,West Bengal,MURSHIDABAD,Lighting of public spaces,140538.0,False,642.0,0.6
WS/MP852/2024-2025/153505,Abu Taher Khan,West Bengal,MURSHIDABAD,Lighting of public spaces,140538.0,False,641.0,0.6
WS/MP18225/2025-2026/155425,PUSHPENDRA SAROJ,Uttar Pradesh,KAUSHAMBI(SC),Installing hand pumps,73926.0,False,634.0,0.6
WS/MP18225/2025-2026/155423,PUSHPENDRA SAROJ,Uttar Pradesh,KAUSHAMBI(SC),Installing hand pumps,73926.0,False,634.0,0.6
WS/MP852/2024-2025/153500,Abu Taher Khan,West Bengal,MURSHIDABAD,Lighting of public spaces,140538.0,False,641.0,0.6
WS/MP852/2024-2025/153514,Abu Taher Khan,West Bengal,MURSHIDABAD,Lighting of public spaces,140538.0,False,641.0,0.6
WS/MP852/2024-2025/153515,Abu Taher Khan,West Bengal,MURSHIDABAD,Lighting of public spaces,140538.0,False,641.0,0.6
WS/MP852/2024-2025/153516,Abu Taher Khan,West Bengal,MURSHIDABAD,Lighting of public spaces,140538.0,False,641.0,0.6
WS/MP852/2024-2025/153517,Abu Taher Khan,West Bengal,MURSHIDABAD,Lighting of public spaces,140538.0,False,641.0,0.6
WS/MP852/2024-2025/153513,Abu Taher Khan,West Bengal,MURSHIDABAD,Lighting of public spaces,140538.0,False,641.0,0.6
WS/MP852/2024-2025/153518,Abu Taher Khan,West Bengal,MURSHIDABAD,Lighting of public spaces,140538.0,False,641.0,0.6
WS/MP852/2024-2025/153499,Abu Taher Khan,West Bengal,MURSHIDABAD,Lighting of public spaces,140538.0,False,641.0,0.6
WS/MP852/2024-2025/153504,Abu Taher Khan,West Bengal,MURSHIDABAD,Lighting of public spaces,140538.0,False,641.0,0.6
WS/MP852/2024-2025/153501,Abu Taher Khan,West Bengal,MURSHIDABAD,Lighting of public spaces,140538.0,False,641.0,0.6
WS/MP852/2024-2025/153502,Abu Taher Khan,West Bengal,MURSHIDABAD,Lighting of public spaces,140538.0,False,641.0,0.6
WS/MP852/2024-2025/153503,Abu Taher Khan,West Bengal,MURSHIDABAD,Lighting of public spaces,140538.0,False,641.0,0.6
WS/MP18225/2025-2026/155427,PUSHPENDRA SAROJ,Uttar Pradesh,KAUSHAMBI(SC),Installing hand pumps,73926.0,False,634.0,0.6
WS/MP18225/2025-2026/155426,PUSHPENDRA SAROJ,Uttar Pradesh,KAUSHAMBI(SC),Installing hand pumps,73926.0,False,634.0,0.6
WS/MP18225/2025-2026/155429,PUSHPENDRA SAROJ,Uttar Pradesh,KAUSHAMBI(SC),Installing hand pumps,73926.0,False,634.0,0.6
WS/MP852/2024-2025/154219,Abu Taher Khan,West Bengal,MURSHIDABAD,Lighting of public spaces,140538.0,False,638.0,0.6
WS/MP852/2024-2025/153512,Abu Taher Khan,West Bengal,MURSHIDABAD,Lighting of public spaces,140538.0,False,641.0,0.6
WS/MP852/2024-2025/153511,Abu Taher Khan,West Bengal,MURSHIDABAD,Lighting of public spaces,140538.0,False,641.0,0.6
WS/MP852/2024-2025/153509,Abu Taher Khan,West Bengal,MURSHIDABAD,Lighting of public spaces,140538.0,False,641.0,0.6
WS/MP852/2024-2025/153510,Abu Taher Khan,West Bengal,MURSHIDABAD,Lighting of public spaces,140538.0,False,641.0,0.6
WS/MP852/2024-2025/153508,Abu Taher Khan,West Bengal,MURSHIDABAD,Lighting of public spaces,140538.0,False,641.0,0.6
WS/MP852/2024-2025/153507,Abu Taher Khan,West Bengal,MURSHIDABAD,Lighting of public spaces,140538.0,False,641.0,0.6
WS/MP18225/2025-2026/155430,PUSHPENDRA SAROJ,Uttar Pradesh,KAUSHAMBI(SC),Installing hand pumps,73926.0,False,634.0,0.6
WS/MP852/2024-2025/153506,Abu Taher Khan,West Bengal,MURSHIDABAD,Lighting of public spaces,140538.0,False,641.0,0.6
WS/MP18225/2025-2026/155432,PUSHPENDRA SAROJ,Uttar Pradesh,KAUSHAMBI(SC),Installing hand pumps,73926.0,False,634.0,0.6
WS/MP18225/2025-2026/155433,PUSHPENDRA SAROJ,Uttar Pradesh,KAUSHAMBI(SC),Installing hand pumps,73926.0,False,634.0,0.6
WS/MP18225/2025-2026/155431,PUSHPENDRA SAROJ,Uttar Pradesh,KAUSHAMBI(SC),Installing hand pumps,73926.0,False,634.0,0.6
WS/MP18225/2025-2026/155428,PUSHPENDRA SAROJ,Uttar Pradesh,KAUSHAMBI(SC),Installing hand pumps,73926.0,False,634.0,0.6
WS/MP18225/2024-2025/144315,PUSHPENDRA SAROJ,Uttar Pradesh,KAUSHAMBI(SC),Installing hand pumps,74000.0,True,583.0,0.5
WS/MP18225/2024-2025/144734,PUSHPENDRA SAROJ,Uttar Pradesh,KAUSHAMBI(SC),Installing hand pumps,74000.0,True,583.0,0.5
